equihash_params,miners,sol_per_sec,target_spacing,propagation_delay,pow_profile,seed,mean,p10,p50,p90,p99,orphans,orphan_rate,efficiency,convergence_height
common,10,2.992480350,75,0.500000,mainnet,1,137.430238,14.614835,94.443666,316.944316,623.399883,33,0.003300000,0.996710854,146
common,10,2.992480350,75,0.500000,mainnet,2,136.562455,14.669624,92.890701,316.886699,624.192395,34,0.003400000,0.996611521,102
common,10,2.992480350,75,0.500000,mainnet,3,137.111506,14.402474,96.135744,315.764440,594.068478,30,0.003000000,0.997008973,56
common,10,2.992480350,75,0.500000,mainnet,4,137.483658,14.600338,96.618453,316.235511,612.977443,32,0.003200000,0.996810207,72
common,10,2.992480350,75,0.500000,mainnet,5,138.513059,14.355342,95.654011,315.247808,623.441345,34,0.003400000,0.996611521,157
common,10,2.992480350,75,0.500000,mainnet,6,136.335666,14.340095,94.413551,315.609975,603.365332,33,0.003300000,0.996710854,332
common,10,2.992480350,75,0.500000,mainnet,7,137.932118,14.995091,95.837672,316.772006,632.196197,20,0.002000000,0.998003992,36
common,10,2.992480350,75,0.500000,mainnet,8,136.136363,14.026786,95.507591,310.831750,622.259449,37,0.003700000,0.996313640,221
common,10,2.992480350,75,0.500000,mainnet,9,137.070673,14.922738,91.749843,319.793243,626.387929,28,0.002800000,0.997207818,40
common,10,2.992480350,75,0.500000,mainnet,10,136.440330,14.087039,94.805967,312.420669,628.678369,28,0.002800000,0.997207818,55
common,10,2.992480350,75,0.500000,mainnet,11,135.779846,14.276888,93.438508,312.492413,645.526468,41,0.004100000,0.995916741,104
common,10,2.992480350,75,0.500000,mainnet,12,138.222695,14.192126,95.079340,321.945602,629.940348,36,0.003600000,0.996412914,166
common,10,2.992480350,75,0.500000,mainnet,13,134.729036,13.984541,93.576272,310.593071,619.926024,33,0.003300000,0.996710854,108
common,10,2.992480350,75,0.500000,mainnet,14,136.955152,15.054979,96.463998,314.894335,633.481366,32,0.003200000,0.996810207,113
common,10,2.992480350,75,0.500000,mainnet,15,136.292241,14.807049,93.734581,312.060446,619.809253,45,0.004500000,0.995520159,30
common,10,2.992480350,75,0.500000,mainnet,16,138.849871,14.402961,98.217296,322.948670,627.368222,30,0.003000000,0.997008973,146
common,10,2.992480350,75,0.500000,mainnet,17,135.577043,14.426790,94.615909,310.516918,613.779924,37,0.003700000,0.996313640,254
common,10,2.992480350,75,0.500000,mainnet,18,137.704070,13.972968,95.581339,318.343201,638.549580,24,0.002400000,0.997605746,297
common,10,2.992480350,75,0.500000,mainnet,19,137.841725,14.659414,95.428333,317.374857,633.646489,23,0.002300000,0.997705278,69
common,10,2.992480350,75,0.500000,mainnet,20,137.297489,14.810815,96.478157,310.442462,615.666156,35,0.003500000,0.996512207,163
common,10,2.992480350,75,0.500000,mainnet,21,135.844952,13.744317,94.141139,312.847099,610.702874,31,0.003100000,0.996909580,392
common,10,2.992480350,75,0.500000,mainnet,22,135.841162,14.344872,92.778133,315.813261,628.030462,25,0.002500000,0.997506234,114
common,10,2.992480350,75,0.500000,mainnet,23,137.961004,15.356455,96.486585,316.833752,648.286676,29,0.002900000,0.997108386,83
common,10,2.992480350,75,0.500000,mainnet,24,137.040575,14.379563,94.521822,318.067202,625.945218,42,0.004200000,0.995817566,143
common,10,2.992480350,75,0.500000,mainnet,25,135.803219,14.008408,93.669720,311.846824,605.619078,28,0.002800000,0.997207818,206
common,10,2.992480350,75,0.500000,mainnet,26,137.727804,14.457848,95.128410,318.303471,613.823941,30,0.003000000,0.997008973,490
common,10,2.992480350,75,0.500000,mainnet,27,137.674658,14.300769,96.088950,317.613249,615.104302,33,0.003300000,0.996710854,20
common,10,2.992480350,75,0.500000,mainnet,28,136.128721,14.068487,94.327980,316.981301,617.079527,24,0.002400000,0.997605746,125
common,10,2.992480350,75,0.500000,mainnet,29,136.996708,14.364618,95.107222,319.955641,616.188429,40,0.004000000,0.996015936,134
common,10,2.992480350,75,0.500000,mainnet,30,140.735763,14.545515,97.973484,321.202373,638.457745,34,0.003400000,0.996611521,218
common,10,2.992480350,75,0.500000,mainnet,31,137.490162,14.540308,95.166809,322.275082,641.753967,37,0.003700000,0.996313640,102
common,10,2.992480350,75,0.500000,mainnet,32,134.982623,13.674059,93.938080,311.715223,601.113666,35,0.003500000,0.996512207,208
common,10,2.992480350,75,0.500000,mainnet,33,137.437764,15.031016,93.897303,317.842271,626.088330,31,0.003100000,0.996909580,17
common,10,2.992480350,75,0.500000,mainnet,34,134.517332,14.131944,92.970878,307.320927,625.143240,31,0.003100000,0.996909580,82
common,10,2.992480350,75,0.500000,mainnet,35,138.579029,15.111717,97.365664,317.557666,638.658400,31,0.003100000,0.996909580,24
common,10,2.992480350,75,0.500000,mainnet,36,134.284762,13.838369,93.247427,306.318583,629.958034,39,0.003900000,0.996115151,36
common,10,2.992480350,75,0.500000,mainnet,37,138.553503,14.722419,95.288309,320.773370,636.648186,26,0.002600000,0.997406742,106
common,10,2.992480350,75,0.500000,mainnet,38,137.030368,13.769836,94.463106,319.736908,627.394601,27,0.002700000,0.997307270,140
common,10,2.992480350,75,0.500000,mainnet,39,138.329669,14.984854,96.447521,320.394906,619.939032,28,0.002800000,0.997207818,351
common,10,2.992480350,75,0.500000,mainnet,40,137.962431,14.899034,95.626592,316.823165,634.127678,34,0.003400000,0.996611521,294
common,10,2.992480350,75,0.500000,mainnet,41,135.761573,14.643557,94.838185,309.283526,643.161868,41,0.004100000,0.995916741,43
common,10,2.992480350,75,0.500000,mainnet,42,138.504332,14.798443,95.622936,318.851891,643.712614,36,0.003600000,0.996412914,17
common,10,2.992480350,75,0.500000,mainnet,43,136.377766,14.499346,95.609846,317.284672,606.768115,35,0.003500000,0.996512207,56
common,10,2.992480350,75,0.500000,mainnet,44,137.501941,14.813865,95.779985,314.691331,650.014915,31,0.003100000,0.996909580,63
common,10,2.992480350,75,0.500000,mainnet,45,135.711881,14.141710,93.745564,316.588934,638.435424,36,0.003600000,0.996412914,27
common,10,2.992480350,75,0.500000,mainnet,46,137.572904,13.874212,94.460601,317.222273,648.628358,39,0.003900000,0.996115151,180
common,10,2.992480350,75,0.500000,mainnet,47,136.533693,14.440583,93.238059,318.383285,628.497839,42,0.004200000,0.995817566,374
common,10,2.992480350,75,0.500000,mainnet,48,137.427852,14.230919,95.256731,316.575730,632.203588,39,0.003900000,0.996115151,48
common,10,2.992480350,75,0.500000,mainnet,49,140.204416,15.170783,97.291064,320.508638,642.090623,28,0.002800000,0.997207818,73
common,10,2.992480350,75,0.500000,mainnet,50,136.022103,13.922487,93.944038,314.323460,633.582745,28,0.002800000,0.997207818,145
common,10,2.992480350,75,0.500000,mainnet,51,137.688716,14.812177,93.715449,316.745832,662.412742,37,0.003700000,0.996313640,54
common,10,2.992480350,75,0.500000,mainnet,52,136.251768,14.448231,93.862973,313.544729,638.882346,27,0.002700000,0.997307270,98
common,10,2.992480350,75,0.500000,mainnet,53,137.721240,14.606201,94.549802,318.557258,625.336115,38,0.003800000,0.996214385,91
common,10,2.992480350,75,0.500000,mainnet,54,137.427304,14.255029,96.176047,312.311816,635.318345,41,0.004100000,0.995916741,190
common,10,2.992480350,75,0.500000,mainnet,55,136.537317,14.619792,96.014232,310.036706,640.384632,32,0.003200000,0.996810207,67
common,10,2.992480350,75,0.500000,mainnet,56,137.506385,14.645689,96.057593,317.617020,621.083199,34,0.003400000,0.996611521,134
common,10,2.992480350,75,0.500000,mainnet,57,136.267812,14.889447,95.166665,313.084832,627.888871,32,0.003200000,0.996810207,191
common,10,2.992480350,75,0.500000,mainnet,58,137.524863,14.983036,96.416300,316.750145,630.886784,35,0.003500000,0.996512207,20
common,10,2.992480350,75,0.500000,mainnet,59,135.277072,13.585340,94.080256,309.472337,633.034470,31,0.003100000,0.996909580,406
common,10,2.992480350,75,0.500000,mainnet,60,137.239874,15.043876,95.072379,319.064990,610.538774,29,0.002900000,0.997108386,154
common,10,2.992480350,75,0.500000,mainnet,61,138.058092,15.348723,96.342308,321.496384,617.313562,30,0.003000000,0.997008973,38
common,10,2.992480350,75,0.500000,mainnet,62,136.287810,14.519771,96.558549,309.922171,629.125390,27,0.002700000,0.997307270,236
common,10,2.992480350,75,0.500000,mainnet,63,135.834783,13.771807,94.157571,312.357738,613.898924,32,0.003200000,0.996810207,50
common,10,2.992480350,75,0.500000,mainnet,64,138.488966,14.421918,96.047360,318.823514,639.800182,34,0.003400000,0.996611521,134
common,10,2.992480350,75,0.500000,mainnet,65,134.446086,13.939847,92.645683,309.893172,633.739959,33,0.003300000,0.996710854,92
common,10,2.992480350,75,0.500000,mainnet,66,137.478641,14.578435,95.105407,319.171699,623.416528,41,0.004100000,0.995916741,17
common,10,2.992480350,75,0.500000,mainnet,67,139.178536,14.385495,96.309045,318.553214,635.709137,33,0.003300000,0.996710854,17
common,10,2.992480350,75,0.500000,mainnet,68,138.858884,14.432933,96.753845,323.625091,630.472899,21,0.002100000,0.997904401,17
common,10,2.992480350,75,0.500000,mainnet,69,137.073647,14.415667,95.450063,317.570289,636.299097,40,0.004000000,0.996015936,369
common,10,2.992480350,75,0.500000,mainnet,70,137.853062,14.920131,92.912683,318.221161,656.206089,31,0.003100000,0.996909580,199
common,10,2.992480350,75,0.500000,mainnet,71,136.885795,14.267545,93.173687,317.871048,631.921536,33,0.003300000,0.996710854,18
common,10,2.992480350,75,0.500000,mainnet,72,135.687670,14.149658,94.056228,314.807567,615.409137,41,0.004100000,0.995916741,262
common,10,2.992480350,75,0.500000,mainnet,73,137.818667,14.674071,95.243313,312.299921,640.827126,40,0.004000000,0.996015936,57
common,10,2.992480350,75,0.500000,mainnet,74,139.292827,15.531925,95.480446,326.413922,629.818638,26,0.002600000,0.997406742,66
common,10,2.992480350,75,0.500000,mainnet,75,138.393983,14.206533,95.043858,316.908601,649.856802,31,0.003100000,0.996909580,215
common,10,2.992480350,75,0.500000,mainnet,76,137.525422,14.780297,94.317122,315.608057,622.678281,31,0.003100000,0.996909580,129
common,10,2.992480350,75,0.500000,mainnet,77,137.515714,14.058052,96.149611,316.903808,620.313786,48,0.004800000,0.995222930,80
common,10,2.992480350,75,0.500000,mainnet,78,135.847097,13.744844,94.676404,314.336909,616.806521,26,0.002600000,0.997406742,117
common,10,2.992480350,75,0.500000,mainnet,79,138.887065,15.397613,97.748323,316.831496,638.759564,40,0.004000000,0.996015936,23
common,10,2.992480350,75,0.500000,mainnet,80,135.810069,14.044863,93.318488,314.712980,638.295154,27,0.002700000,0.997307270,41
common,10,2.992480350,75,0.500000,mainnet,81,138.118577,14.354327,97.259445,314.942572,631.038088,39,0.003900000,0.996115151,25
common,10,2.992480350,75,0.500000,mainnet,82,137.591358,14.791879,95.489146,319.756284,631.176557,35,0.003500000,0.996512207,94
common,10,2.992480350,75,0.500000,mainnet,83,138.397580,14.751630,96.115112,319.424951,622.470791,41,0.004100000,0.995916741,1269
common,10,2.992480350,75,0.500000,mainnet,84,137.963404,13.685761,95.737486,317.845363,629.616023,37,0.003700000,0.996313640,40
common,10,2.992480350,75,0.500000,mainnet,85,137.013292,14.427049,93.346653,316.270087,620.788826,32,0.003200000,0.996810207,291
common,10,2.992480350,75,0.500000,mainnet,86,137.487425,14.587702,94.840199,318.443519,631.560663,34,0.003400000,0.996611521,17
common,10,2.992480350,75,0.500000,mainnet,87,136.259771,14.268081,94.868439,310.731018,604.836931,52,0.005200000,0.994826900,349
common,10,2.992480350,75,0.500000,mainnet,88,134.492771,14.976801,95.891883,306.985813,607.308621,29,0.002900000,0.997108386,136
common,10,2.992480350,75,0.500000,mainnet,89,137.289558,14.533919,94.483851,320.877918,642.070597,41,0.004100000,0.995916741,82
common,10,2.992480350,75,0.500000,mainnet,90,137.986881,14.747279,95.042064,323.288674,641.601668,29,0.002900000,0.997108386,20
common,10,2.992480350,75,0.500000,mainnet,91,135.857724,13.943623,93.389339,318.426138,632.311688,26,0.002600000,0.997406742,17
common,10,2.992480350,75,0.500000,mainnet,92,135.536643,14.118398,91.632721,315.927041,632.159723,28,0.002800000,0.997207818,17
common,10,2.992480350,75,0.500000,mainnet,93,133.613365,13.990992,91.488871,306.085120,641.391724,34,0.003400000,0.996611521,45
common,10,2.992480350,75,0.500000,mainnet,94,138.309501,15.017211,95.842363,317.582908,619.868114,37,0.003700000,0.996313640,770
common,10,2.992480350,75,0.500000,mainnet,95,137.293521,14.590648,96.844293,315.440325,629.981531,28,0.002800000,0.997207818,394
common,10,2.992480350,75,0.500000,mainnet,96,137.635087,13.832923,94.158428,318.556262,635.745050,29,0.002900000,0.997108386,52
common,10,2.992480350,75,0.500000,mainnet,97,137.098582,14.152823,97.349839,316.720034,620.496337,31,0.003100000,0.996909580,102
common,10,2.992480350,75,0.500000,mainnet,98,136.915227,14.088648,95.867737,313.796371,616.468284,32,0.003200000,0.996810207,291
common,10,2.992480350,75,0.500000,mainnet,99,137.867862,14.008085,93.607563,324.173456,649.129237,36,0.003600000,0.996412914,342
common,10,2.992480350,75,0.500000,mainnet,100,137.530875,14.789725,94.812787,314.993864,652.588595,23,0.002300000,0.997705278,140
common,10,2.992480350,75,1.000000,mainnet,1,137.794673,14.489731,94.490957,316.031756,630.872454,62,0.006200000,0.993838203,146
common,10,2.992480350,75,1.000000,mainnet,2,136.212102,14.292836,92.890701,316.127537,624.847648,61,0.006100000,0.993936984,102
common,10,2.992480350,75,1.000000,mainnet,3,136.461285,14.402474,96.097146,314.163271,591.719339,58,0.005800000,0.994233446,56
common,10,2.992480350,75,1.000000,mainnet,4,135.927998,14.816177,95.743219,311.628306,599.697919,77,0.007700000,0.992358837,72
common,10,2.992480350,75,1.000000,mainnet,5,139.188719,14.237571,96.164960,316.985364,638.550672,65,0.006500000,0.993541977,157
common,10,2.992480350,75,1.000000,mainnet,6,136.158620,14.207388,93.723836,315.570975,611.539595,60,0.006000000,0.994035785,332
common,10,2.992480350,75,1.000000,mainnet,7,137.354856,15.012814,95.695884,315.953419,632.196197,56,0.005600000,0.994431185,36
common,10,2.992480350,75,1.000000,mainnet,8,135.844862,14.198337,95.296343,309.261874,623.394498,58,0.005800000,0.994233446,221
common,10,2.992480350,75,1.000000,mainnet,9,136.719504,14.783742,91.542503,319.262799,638.026080,69,0.006900000,0.993147284,40
common,10,2.992480350,75,1.000000,mainnet,10,136.487053,13.804962,94.313262,313.823162,634.017730,60,0.006000000,0.994035785,55
common,10,2.992480350,75,1.000000,mainnet,11,136.385708,14.673899,93.683456,313.294048,639.735966,75,0.007500000,0.992555831,104
common,10,2.992480350,75,1.000000,mainnet,12,138.188344,14.195560,95.098089,322.302511,623.059997,61,0.006100000,0.993936984,166
common,10,2.992480350,75,1.000000,mainnet,13,134.257434,13.986921,93.365248,309.204799,613.455461,65,0.006500000,0.993541977,108
common,10,2.992480350,75,1.000000,mainnet,14,137.007538,14.832389,96.955370,314.741866,632.284342,56,0.005600000,0.994431185,112
common,10,2.992480350,75,1.000000,mainnet,15,136.487243,14.968939,94.164891,311.399108,628.923120,82,0.008200000,0.991866693,30
common,10,2.992480350,75,1.000000,mainnet,16,136.192186,14.379784,96.038587,315.885338,623.442083,68,0.006800000,0.993245928,145
common,10,2.992480350,75,1.000000,mainnet,17,136.289258,14.297802,95.266488,311.291678,629.968849,76,0.007600000,0.992457324,254
common,10,2.992480350,75,1.000000,mainnet,18,138.234523,14.213585,96.151915,320.383063,643.003980,56,0.005600000,0.994431185,298
common,10,2.992480350,75,1.000000,mainnet,19,138.216594,14.947592,95.942007,319.229760,633.646489,62,0.006200000,0.993838203,158
common,10,2.992480350,75,1.000000,mainnet,20,137.546404,14.948724,96.145955,310.660954,618.872552,59,0.005900000,0.994134606,163
common,10,2.992480350,75,1.000000,mainnet,21,135.614903,13.766459,94.554663,310.195189,610.690698,76,0.007600000,0.992457324,352
common,10,2.992480350,75,1.000000,mainnet,22,135.526399,14.806834,93.265513,314.310807,621.568654,66,0.006600000,0.993443274,114
common,10,2.992480350,75,1.000000,mainnet,23,138.024465,15.490422,96.414217,316.800255,648.178280,50,0.005000000,0.995024876,118
common,10,2.992480350,75,1.000000,mainnet,24,137.517138,14.434234,95.339137,317.104370,628.339990,67,0.006700000,0.993344591,173
common,10,2.992480350,75,1.000000,mainnet,25,135.842362,14.042444,94.215720,311.409145,609.280238,60,0.006000000,0.994035785,206
common,10,2.992480350,75,1.000000,mainnet,26,137.559822,14.808757,94.831783,318.303751,613.331904,51,0.005100000,0.994925878,767
common,10,2.992480350,75,1.000000,mainnet,27,136.974305,14.035849,95.088672,315.353180,625.572004,64,0.006400000,0.993640700,20
common,10,2.992480350,75,1.000000,mainnet,28,137.597261,14.163482,94.830767,320.682116,625.707254,61,0.006100000,0.993936984,401
common,10,2.992480350,75,1.000000,mainnet,29,136.966034,14.560425,95.385847,318.289363,618.817883,63,0.006300000,0.993739442,134
common,10,2.992480350,75,1.000000,mainnet,30,140.382523,14.691286,97.973484,320.522384,636.238457,56,0.005600000,0.994431185,218
common,10,2.992480350,75,1.000000,mainnet,31,137.080494,14.366267,94.012062,323.248323,646.283675,74,0.007400000,0.992654358,102
common,10,2.992480350,75,1.000000,mainnet,32,134.949531,13.921093,93.405110,312.872196,601.930624,65,0.006500000,0.993541977,208
common,10,2.992480350,75,1.000000,mainnet,33,136.476373,15.013279,93.570440,314.811640,620.866766,57,0.005700000,0.994332306,17
common,10,2.992480350,75,1.000000,mainnet,34,134.675685,14.259861,93.525211,307.593627,625.143240,62,0.006200000,0.993838203,82
common,10,2.992480350,75,1.000000,mainnet,35,137.854012,14.756007,96.895870,313.795365,638.078953,69,0.006900000,0.993147284,24
common,10,2.992480350,75,1.000000,mainnet,36,133.734653,14.089959,92.263480,306.301692,625.331318,61,0.006100000,0.993936984,223
common,10,2.992480350,75,1.000000,mainnet,37,136.871889,14.438482,93.634467,313.236377,625.216982,58,0.005800000,0.994233446,106
common,10,2.992480350,75,1.000000,mainnet,38,137.004319,13.711484,94.463106,320.160222,623.585213,53,0.005300000,0.994727942,140
common,10,2.992480350,75,1.000000,mainnet,39,137.812351,14.932764,95.773601,318.658643,622.513259,63,0.006300000,0.993739442,351
common,10,2.992480350,75,1.000000,mainnet,40,138.950249,14.973207,97.205096,315.323573,641.313617,71,0.007100000,0.992950055,294
common,10,2.992480350,75,1.000000,mainnet,41,136.172713,14.679418,95.156087,308.669555,656.007855,67,0.006700000,0.993344591,43
common,10,2.992480350,75,1.000000,mainnet,42,138.471891,15.047431,95.652118,316.223341,640.572749,74,0.007400000,0.992654358,17
common,10,2.992480350,75,1.000000,mainnet,43,135.939020,14.421747,95.178546,315.533273,606.768115,62,0.006200000,0.993838203,56
common,10,2.992480350,75,1.000000,mainnet,44,137.706802,14.819074,96.244313,316.641792,633.965478,56,0.005600000,0.994431185,511
common,10,2.992480350,75,1.000000,mainnet,45,136.726458,14.181297,93.926370,321.784657,643.410113,74,0.007400000,0.992654358,27
common,10,2.992480350,75,1.000000,mainnet,46,137.168223,13.914836,94.572569,316.200675,648.024569,76,0.007600000,0.992457324,180
common,10,2.992480350,75,1.000000,mainnet,47,136.655052,14.481906,93.270224,318.259135,635.010848,80,0.008000000,0.992063492,373
common,10,2.992480350,75,1.000000,mainnet,48,137.608336,14.551038,95.044903,316.494142,630.501510,79,0.007900000,0.992161921,50
common,10,2.992480350,75,1.000000,mainnet,49,140.318431,14.967531,98.005314,321.700659,645.986401,63,0.006300000,0.993739442,73
common,10,2.992480350,75,1.000000,mainnet,50,137.102844,13.972689,93.397185,319.580748,630.079555,75,0.007500000,0.992555831,145
common,10,2.992480350,75,1.000000,mainnet,51,137.119988,14.695673,94.149961,314.291654,655.197553,80,0.008000000,0.992063492,54
common,10,2.992480350,75,1.000000,mainnet,52,135.390198,14.397797,92.794848,311.826464,631.922709,62,0.006200000,0.993838203,98
common,10,2.992480350,75,1.000000,mainnet,53,137.780407,14.479502,94.654918,318.652492,639.405398,69,0.006900000,0.993147284,301
common,10,2.992480350,75,1.000000,mainnet,54,137.798102,14.325719,96.204306,313.110393,648.178924,66,0.006600000,0.993443274,190
common,10,2.992480350,75,1.000000,mainnet,55,137.346158,14.522341,96.597973,312.028429,645.939105,78,0.007800000,0.992260369,67
common,10,2.992480350,75,1.000000,mainnet,56,138.353720,14.894253,96.314442,320.359862,626.210062,65,0.006500000,0.993541977,134
common,10,2.992480350,75,1.000000,mainnet,57,137.688088,15.443737,95.484247,319.029200,630.620633,70,0.007000000,0.993048659,191
common,10,2.992480350,75,1.000000,mainnet,58,136.733859,14.806511,94.998530,316.963780,629.124270,67,0.006700000,0.993344591,20
common,10,2.992480350,75,1.000000,mainnet,59,135.197805,14.028890,94.251274,306.940341,630.835925,76,0.007600000,0.992457324,406
common,10,2.992480350,75,1.000000,mainnet,60,137.543350,15.143740,94.880064,321.439747,607.507165,59,0.005900000,0.994134606,154
common,10,2.992480350,75,1.000000,mainnet,61,137.500216,15.505334,95.638986,319.045904,614.230722,59,0.005900000,0.994134606,38
common,10,2.992480350,75,1.000000,mainnet,62,136.685761,14.732482,96.581685,311.008265,629.125390,65,0.006500000,0.993541977,20
common,10,2.992480350,75,1.000000,mainnet,63,135.981148,13.857740,94.463339,311.497935,618.199314,68,0.006800000,0.993245928,50
common,10,2.992480350,75,1.000000,mainnet,64,137.439426,14.333445,95.997643,313.809211,631.483047,58,0.005800000,0.994233446,134
common,10,2.992480350,75,1.000000,mainnet,65,135.760221,14.054933,93.301104,311.017001,644.960404,63,0.006300000,0.993739442,98
common,10,2.992480350,75,1.000000,mainnet,66,137.162253,14.732450,94.950193,317.979657,620.262416,68,0.006800000,0.993245928,17
common,10,2.992480350,75,1.000000,mainnet,67,138.698436,14.188037,95.567317,317.411970,642.750240,70,0.007000000,0.993048659,17
common,10,2.992480350,75,1.000000,mainnet,68,138.995366,15.032528,96.804242,324.249872,629.749708,63,0.006300000,0.993739442,179
common,10,2.992480350,75,1.000000,mainnet,69,137.618169,14.399127,96.398361,319.785538,632.020114,73,0.007300000,0.992752904,368
common,10,2.992480350,75,1.000000,mainnet,70,138.039405,14.734270,92.746188,319.641788,656.988033,55,0.005500000,0.994530085,199
common,10,2.992480350,75,1.000000,mainnet,71,137.251383,14.277113,93.608510,319.420104,631.921536,72,0.007200000,0.992851469,18
common,10,2.992480350,75,1.000000,mainnet,72,135.401339,14.068769,93.424263,315.372419,616.094267,66,0.006600000,0.993443274,343
common,10,2.992480350,75,1.000000,mainnet,73,138.212656,14.685482,95.332277,313.389918,642.151400,71,0.007100000,0.992950055,57
common,10,2.992480350,75,1.000000,mainnet,74,138.377001,15.316664,95.020300,320.680351,643.738270,68,0.006800000,0.993245928,66
common,10,2.992480350,75,1.000000,mainnet,75,138.171431,14.075329,94.402702,315.414568,664.372360,62,0.006200000,0.993838203,214
common,10,2.992480350,75,1.000000,mainnet,76,136.624400,14.909693,93.608784,315.338631,622.819569,60,0.006000000,0.994035785,129
common,10,2.992480350,75,1.000000,mainnet,77,136.739354,13.765018,95.121389,315.215390,621.731552,74,0.007400000,0.992654358,80
common,10,2.992480350,75,1.000000,mainnet,78,135.470590,13.887242,94.616344,310.840749,620.549865,58,0.005800000,0.994233446,117
common,10,2.992480350,75,1.000000,mainnet,79,138.847911,15.264379,97.478824,317.492844,638.759564,70,0.007000000,0.993048659,23
common,10,2.992480350,75,1.000000,mainnet,80,137.727777,14.329388,94.552905,320.607928,654.010338,72,0.007200000,0.992851469,41
common,10,2.992480350,75,1.000000,mainnet,81,138.974580,14.571491,98.016617,315.569091,655.779375,74,0.007400000,0.992654358,25
common,10,2.992480350,75,1.000000,mainnet,82,137.633833,14.901623,95.093336,320.090263,631.176557,67,0.006700000,0.993344591,94
common,10,2.992480350,75,1.000000,mainnet,83,138.524748,14.759403,96.380094,319.109565,621.286629,89,0.008900000,0.991178511,1269
common,10,2.992480350,75,1.000000,mainnet,84,138.045152,13.902823,95.617658,317.378300,638.307373,62,0.006200000,0.993838203,40
common,10,2.992480350,75,1.000000,mainnet,85,138.124082,14.513580,94.677876,318.172821,625.869565,67,0.006700000,0.993344591,291
common,10,2.992480350,75,1.000000,mainnet,86,137.288516,14.261129,94.994341,318.443519,620.633859,69,0.006900000,0.993147284,17
common,10,2.992480350,75,1.000000,mainnet,87,136.724964,14.200878,94.578706,312.384422,618.297888,86,0.008600000,0.991473329,349
common,10,2.992480350,75,1.000000,mainnet,88,134.919508,14.782963,95.429179,310.276603,609.164836,64,0.006400000,0.993640700,136
common,10,2.992480350,75,1.000000,mainnet,89,137.188780,14.721013,94.570098,322.441170,631.997520,87,0.008700000,0.991375037,82
common,10,2.992480350,75,1.000000,mainnet,90,137.483630,14.755266,95.320117,318.623288,642.309805,68,0.006800000,0.993245928,20
common,10,2.992480350,75,1.000000,mainnet,91,136.536591,13.855162,94.452748,318.145292,630.074377,65,0.006500000,0.993541977,17
common,10,2.992480350,75,1.000000,mainnet,92,135.337695,14.164312,92.185905,316.423102,625.409757,57,0.005700000,0.994332306,17
common,10,2.992480350,75,1.000000,mainnet,93,133.777169,14.234582,91.488871,306.018622,643.249598,60,0.006000000,0.994035785,45
common,10,2.992480350,75,1.000000,mainnet,94,139.148129,15.216064,96.842007,320.083417,619.901707,65,0.006500000,0.993541977,767
common,10,2.992480350,75,1.000000,mainnet,95,137.865036,14.651480,97.042584,317.328426,632.530000,54,0.005400000,0.994629003,394
common,10,2.992480350,75,1.000000,mainnet,96,137.389415,13.578719,94.102109,318.513013,631.175179,47,0.004700000,0.995321987,52
common,10,2.992480350,75,1.000000,mainnet,97,136.737974,14.345034,96.529937,316.720034,623.786557,61,0.006100000,0.993936984,101
common,10,2.992480350,75,1.000000,mainnet,98,136.536889,14.375499,95.560253,312.998525,617.782373,70,0.007000000,0.993048659,291
common,10,2.992480350,75,1.000000,mainnet,99,136.826682,14.229545,92.638926,321.560694,646.457674,74,0.007400000,0.992654358,342
common,10,2.992480350,75,1.000000,mainnet,100,136.874399,14.715980,94.334094,314.123027,641.466700,62,0.006200000,0.993838203,240
common,10,2.992480350,75,2.000000,mainnet,1,137.064316,14.549517,95.790900,312.148477,628.726224,129,0.012900000,0.987264291,102
common,10,2.992480350,75,2.000000,mainnet,2,136.324188,14.335318,94.106527,314.881063,623.717747,117,0.011700000,0.988435307,101
common,10,2.992480350,75,2.000000,mainnet,3,136.926658,14.324500,96.171716,314.046138,597.882698,124,0.012400000,0.987751877,94
common,10,2.992480350,75,2.000000,mainnet,4,136.508658,15.004158,94.722285,314.796307,609.372770,123,0.012300000,0.987849452,72
common,10,2.992480350,75,2.000000,mainnet,5,139.198549,14.241439,96.937791,317.513521,629.555280,136,0.013600000,0.986582478,157
common,10,2.992480350,75,2.000000,mainnet,6,136.544395,14.044642,93.103108,317.853139,616.956191,132,0.013200000,0.986971970,332
common,10,2.992480350,75,2.000000,mainnet,7,137.805148,14.837272,96.577860,316.333306,625.373430,131,0.013100000,0.987069391,36
common,10,2.992480350,75,2.000000,mainnet,8,136.079661,13.938370,96.404899,310.085026,624.543115,134,0.013400000,0.986777186,220
common,10,2.992480350,75,2.000000,mainnet,9,135.873163,14.506760,91.514673,318.572679,617.125776,133,0.013300000,0.986874568,40
common,10,2.992480350,75,2.000000,mainnet,10,137.367669,14.508760,95.711290,318.086952,628.678369,129,0.012900000,0.987264291,103
common,10,2.992480350,75,2.000000,mainnet,11,136.587694,14.655782,93.882338,314.371194,641.575278,139,0.013900000,0.986290561,104
common,10,2.992480350,75,2.000000,mainnet,12,137.231411,14.067914,94.002721,319.549826,622.451424,112,0.011200000,0.988924051,166
common,10,2.992480350,75,2.000000,mainnet,13,134.886258,13.940545,93.818357,309.578990,621.780286,138,0.013800000,0.986387848,108
common,10,2.992480350,75,2.000000,mainnet,14,137.916917,15.140934,97.565753,317.591989,633.481366,109,0.010900000,0.989217529,111
common,10,2.992480350,75,2.000000,mainnet,15,136.487494,14.621326,93.982041,311.288548,636.121338,142,0.014200000,0.985998817,30
common,10,2.992480350,75,2.000000,mainnet,16,136.000025,14.191783,95.900302,314.419442,620.093478,135,0.013500000,0.986679822,145
common,10,2.992480350,75,2.000000,mainnet,17,136.908318,14.392456,95.412986,313.986412,624.418926,145,0.014500000,0.985707245,254
common,10,2.992480350,75,2.000000,mainnet,18,137.921418,13.959636,95.221594,319.179045,638.861174,133,0.013300000,0.986874568,297
common,10,2.992480350,75,2.000000,mainnet,19,137.772418,15.141411,95.996850,316.490338,622.906391,126,0.012600000,0.987556785,157
common,10,2.992480350,75,2.000000,mainnet,20,136.693041,14.736781,94.837243,314.105468,617.867988,117,0.011700000,0.988435307,163
common,10,2.992480350,75,2.000000,mainnet,21,135.005252,13.919401,94.223673,309.046127,615.954528,154,0.015400000,0.984833563,257
common,10,2.992480350,75,2.000000,mainnet,22,136.473596,14.570924,94.006359,318.490330,628.780041,133,0.013300000,0.986874568,114
common,10,2.992480350,75,2.000000,mainnet,23,136.901212,15.113904,95.248098,315.646963,640.113789,121,0.012100000,0.988044660,100
common,10,2.992480350,75,2.000000,mainnet,24,138.040719,14.394356,96.372628,318.665674,626.450295,126,0.012600000,0.987556785,174
common,10,2.992480350,75,2.000000,mainnet,25,134.901987,13.456516,93.192150,309.495011,605.326411,123,0.012300000,0.987849452,204
common,10,2.992480350,75,2.000000,mainnet,26,138.090691,14.947687,95.128410,320.804254,613.331904,112,0.011200000,0.988924051,766
common,10,2.992480350,75,2.000000,mainnet,27,137.538823,14.072245,96.291728,317.528606,627.100741,129,0.012900000,0.987264291,20
common,10,2.992480350,75,2.000000,mainnet,28,137.070321,13.810914,93.745006,319.729173,630.996884,127,0.012700000,0.987459267,231
common,10,2.992480350,75,2.000000,mainnet,29,137.120150,14.325412,95.473992,318.703740,622.728890,138,0.013800000,0.986387848,134
common,10,2.992480350,75,2.000000,mainnet,30,138.697613,14.369050,96.242807,318.345841,633.687314,122,0.012200000,0.987947046,221
common,10,2.992480350,75,2.000000,mainnet,31,136.008302,14.346827,94.964905,317.358643,646.283675,138,0.013800000,0.986387848,102
common,10,2.992480350,75,2.000000,mainnet,32,135.629462,13.946894,95.158399,312.547396,610.836682,137,0.013700000,0.986485153,208
common,10,2.992480350,75,2.000000,mainnet,33,136.644212,15.077708,95.288553,311.327701,619.048866,121,0.012100000,0.988044660,17
common,10,2.992480350,75,2.000000,mainnet,34,134.633612,13.969912,94.001562,305.129963,627.336978,131,0.013100000,0.987069391,82
common,10,2.992480350,75,2.000000,mainnet,35,136.692633,14.653439,96.861109,310.961250,624.753856,133,0.013300000,0.986874568,24
common,10,2.992480350,75,2.000000,mainnet,36,133.875144,13.845621,92.194990,306.517525,622.108141,119,0.011900000,0.988239945,223
common,10,2.992480350,75,2.000000,mainnet,37,137.947567,14.298707,93.522107,319.625283,627.544436,133,0.013300000,0.986874568,106
common,10,2.992480350,75,2.000000,mainnet,38,136.328956,13.793215,93.706790,317.917652,621.141379,120,0.012000000,0.988142292,140
common,10,2.992480350,75,2.000000,mainnet,39,138.470089,14.994713,96.463483,318.040825,630.791871,129,0.012900000,0.987264291,216
common,10,2.992480350,75,2.000000,mainnet,40,139.698440,15.580270,97.406512,318.133068,641.826914,136,0.013600000,0.986582478,292
common,10,2.992480350,75,2.000000,mainnet,41,135.400569,14.511098,94.834048,306.736738,643.731307,137,0.013700000,0.986485153,43
common,10,2.992480350,75,2.000000,mainnet,42,138.962066,15.358198,96.386929,318.964456,644.560838,139,0.013900000,0.986290561,17
common,10,2.992480350,75,2.000000,mainnet,43,134.935381,14.067659,93.665319,313.940832,604.569842,132,0.013200000,0.986971970,56
common,10,2.992480350,75,2.000000,mainnet,44,137.732450,14.850587,96.966916,316.191843,627.504731,124,0.012400000,0.987751877,506
common,10,2.992480350,75,2.000000,mainnet,45,136.543466,14.408057,94.301463,315.893218,643.410113,143,0.014300000,0.985901607,27
common,10,2.992480350,75,2.000000,mainnet,46,136.328523,13.933200,94.127254,316.200675,634.251000,135,0.013500000,0.986679822,180
common,10,2.992480350,75,2.000000,mainnet,47,137.069195,14.169774,93.517659,317.811760,636.195504,145,0.014500000,0.985707245,372
common,10,2.992480350,75,2.000000,mainnet,48,137.758830,14.471677,95.155476,316.503066,639.524092,130,0.013000000,0.987166831,50
common,10,2.992480350,75,2.000000,mainnet,49,140.692100,15.306472,97.970129,320.718597,645.377634,127,0.012700000,0.987459267,73
common,10,2.992480350,75,2.000000,mainnet,50,137.188184,13.789924,93.135634,321.935714,624.458475,146,0.014600000,0.985610093,145
common,10,2.992480350,75,2.000000,mainnet,51,139.023630,15.025018,95.322811,317.039102,657.881345,140,0.014000000,0.986193294,205
common,10,2.992480350,75,2.000000,mainnet,52,136.240835,14.185301,93.418204,316.094524,635.565630,131,0.013100000,0.987069391,51
common,10,2.992480350,75,2.000000,mainnet,53,138.371246,14.782509,96.722930,317.565950,622.036974,133,0.013300000,0.986874568,301
common,10,2.992480350,75,2.000000,mainnet,54,137.545367,13.625183,94.677842,316.115352,648.690352,122,0.012200000,0.987947046,190
common,10,2.992480350,75,2.000000,mainnet,55,137.851776,14.294932,96.333522,315.850726,640.384632,148,0.014800000,0.985415845,166
common,10,2.992480350,75,2.000000,mainnet,56,136.908054,14.772387,95.591931,318.280970,611.515393,127,0.012700000,0.987459267,134
common,10,2.992480350,75,2.000000,mainnet,57,137.460051,15.072949,95.740929,318.546665,627.145829,135,0.013500000,0.986679822,202
common,10,2.992480350,75,2.000000,mainnet,58,136.320544,14.625600,93.986467,317.694167,632.150937,130,0.013000000,0.987166831,20
common,10,2.992480350,75,2.000000,mainnet,59,135.962680,13.961012,95.153583,311.737965,634.159777,146,0.014600000,0.985610093,368
common,10,2.992480350,75,2.000000,mainnet,60,137.674741,15.099967,95.133034,322.230423,622.846994,114,0.011400000,0.988728495,154
common,10,2.992480350,75,2.000000,mainnet,61,137.138639,15.336979,94.861338,317.806679,624.417769,122,0.012200000,0.987947046,38
common,10,2.992480350,75,2.000000,mainnet,62,135.715606,14.639175,95.738329,310.598355,626.390313,140,0.014000000,0.986193294,20
common,10,2.992480350,75,2.000000,mainnet,63,136.710552,14.078473,94.850450,312.759628,618.876507,132,0.013200000,0.986971970,48
common,10,2.992480350,75,2.000000,mainnet,64,137.629409,14.268332,96.089805,314.058044,621.470615,134,0.013400000,0.986777186,134
common,10,2.992480350,75,2.000000,mainnet,65,136.358327,14.189225,93.610202,311.242704,641.011124,127,0.012700000,0.987459267,98
common,10,2.992480350,75,2.000000,mainnet,66,136.759500,14.162631,94.291137,318.729910,617.249635,129,0.012900000,0.987264291,17
common,10,2.992480350,75,2.000000,mainnet,67,139.241672,14.153866,95.311011,318.492173,662.876220,126,0.012600000,0.987556785,17
common,10,2.992480350,75,2.000000,mainnet,68,137.499771,15.046234,96.745215,318.479653,625.653681,130,0.013000000,0.987166831,377
common,10,2.992480350,75,2.000000,mainnet,69,138.723877,14.599134,96.341911,322.963464,644.851202,125,0.012500000,0.987654321,365
common,10,2.992480350,75,2.000000,mainnet,70,137.323639,15.068692,92.722875,316.108233,658.116395,113,0.011300000,0.988826263,118
common,10,2.992480350,75,2.000000,mainnet,71,136.981237,13.894790,93.488791,317.949253,639.577539,142,0.014200000,0.985998817,18
common,10,2.992480350,75,2.000000,mainnet,72,136.188650,14.068769,94.396040,316.427419,619.669391,129,0.012900000,0.987264291,343
common,10,2.992480350,75,2.000000,mainnet,73,138.741795,14.473368,95.530051,318.404114,649.411168,136,0.013600000,0.986582478,99
common,10,2.992480350,75,2.000000,mainnet,74,139.316264,15.321783,96.603909,322.050429,642.704343,138,0.013800000,0.986387848,66
common,10,2.992480350,75,2.000000,mainnet,75,138.305267,14.304089,95.334469,316.150588,674.074655,124,0.012400000,0.987751877,214
common,10,2.992480350,75,2.000000,mainnet,76,136.802758,14.551656,94.317122,314.570665,638.134967,123,0.012300000,0.987849452,144
common,10,2.992480350,75,2.000000,mainnet,77,136.685898,13.887404,95.277922,314.414808,629.855071,146,0.014600000,0.985610093,80
common,10,2.992480350,75,2.000000,mainnet,78,137.315853,14.736940,95.776100,313.991382,635.842372,139,0.013900000,0.986290561,117
common,10,2.992480350,75,2.000000,mainnet,79,139.330496,15.406942,97.159362,320.199860,634.118974,139,0.013900000,0.986290561,23
common,10,2.992480350,75,2.000000,mainnet,80,137.077108,14.602883,94.251800,318.704113,640.347318,141,0.014100000,0.986096046,41
common,10,2.992480350,75,2.000000,mainnet,81,139.422847,14.374365,97.599591,320.970533,660.243542,133,0.013300000,0.986874568,25
common,10,2.992480350,75,2.000000,mainnet,82,137.259728,14.628742,95.560407,315.544285,631.696268,138,0.013800000,0.986387848,331
common,10,2.992480350,75,2.000000,mainnet,83,139.391865,14.897861,96.459737,320.897466,626.917816,138,0.013800000,0.986387848,875
common,10,2.992480350,75,2.000000,mainnet,84,137.703425,13.965038,95.458077,315.924906,649.141877,119,0.011900000,0.988239945,39
common,10,2.992480350,75,2.000000,mainnet,85,137.013085,14.387879,93.794907,315.268728,604.089038,153,0.015300000,0.984930562,194
common,10,2.992480350,75,2.000000,mainnet,86,137.228243,14.435158,94.747159,318.443519,621.523476,144,0.014400000,0.985804416,17
common,10,2.992480350,75,2.000000,mainnet,87,137.858913,14.346759,95.426212,314.628162,633.141846,164,0.016400000,0.983864620,283
common,10,2.992480350,75,2.000000,mainnet,88,134.945770,14.439236,95.120118,311.880879,611.485763,136,0.013600000,0.986582478,136
common,10,2.992480350,75,2.000000,mainnet,89,137.587272,14.694749,94.907489,321.779991,621.342002,150,0.015000000,0.985221675,81
common,10,2.992480350,75,2.000000,mainnet,90,138.299553,15.007780,96.183130,320.910882,626.598646,144,0.014400000,0.985804416,53
common,10,2.992480350,75,2.000000,mainnet,91,136.494400,14.453456,95.116120,313.660281,627.386064,149,0.014900000,0.985318751,17
common,10,2.992480350,75,2.000000,mainnet,92,137.268975,14.425773,94.162562,318.920984,633.627774,126,0.012600000,0.987556785,17
common,10,2.992480350,75,2.000000,mainnet,93,134.034761,14.421493,91.467445,308.881165,624.187838,117,0.011700000,0.988435307,45
common,10,2.992480350,75,2.000000,mainnet,94,139.640465,15.347209,97.380490,320.527871,629.685913,127,0.012700000,0.987459267,765
common,10,2.992480350,75,2.000000,mainnet,95,136.630055,14.851808,96.084818,313.385547,619.998562,125,0.012500000,0.987654321,354
common,10,2.992480350,75,2.000000,mainnet,96,136.355469,13.750205,93.937284,314.560529,625.414112,127,0.012700000,0.987459267,172
common,10,2.992480350,75,2.000000,mainnet,97,138.106450,14.672079,97.736029,318.303153,635.687335,112,0.011200000,0.988924051,101
common,10,2.992480350,75,2.000000,mainnet,98,136.360411,14.181626,94.559434,314.195897,616.743605,141,0.014100000,0.986096046,291
common,10,2.992480350,75,2.000000,mainnet,99,136.901750,14.530882,93.097107,320.863115,637.429221,161,0.016100000,0.984155103,341
common,10,2.992480350,75,2.000000,mainnet,100,136.780246,14.736372,93.512879,315.346253,644.912520,149,0.014900000,0.985318751,240
common,10,2.992480350,75,5.000000,mainnet,1,137.551107,14.242609,94.072569,314.737953,649.183060,324,0.032400000,0.968616815,100
common,10,2.992480350,75,5.000000,mainnet,2,137.028364,14.403393,94.342935,317.867729,624.847648,309,0.030900000,0.970026191,100
common,10,2.992480350,75,5.000000,mainnet,3,135.004262,14.121126,94.292216,310.629960,591.719339,335,0.033500000,0.967585873,90
common,10,2.992480350,75,5.000000,mainnet,4,138.894688,15.004158,96.652610,317.852155,636.942575,336,0.033600000,0.967492260,106
common,10,2.992480350,75,5.000000,mainnet,5,139.394830,14.216293,97.111446,315.247808,639.373463,350,0.035000000,0.966183575,157
common,10,2.992480350,75,5.000000,mainnet,6,137.026375,14.318261,94.125699,318.308905,620.482774,308,0.030800000,0.970120295,330
common,10,2.992480350,75,5.000000,mainnet,7,138.005629,15.113463,96.722961,316.780990,625.373430,344,0.034400000,0.966744006,36
common,10,2.992480350,75,5.000000,mainnet,8,137.127469,14.297521,95.534810,315.112893,651.342788,351,0.035100000,0.966090233,287
common,10,2.992480350,75,5.000000,mainnet,9,137.364644,14.428681,92.442629,318.406258,625.718039,365,0.036500000,0.964785335,80
common,10,2.992480350,75,5.000000,mainnet,10,136.488733,14.087039,94.991453,313.195334,623.044959,345,0.034500000,0.966650556,54
common,10,2.992480350,75,5.000000,mainnet,11,135.242240,14.439382,92.693459,312.036760,630.363501,333,0.033300000,0.967773154,103
common,10,2.992480350,75,5.000000,mainnet,12,137.411076,13.600132,95.158493,319.579487,617.398962,307,0.030700000,0.970214417,165
common,10,2.992480350,75,5.000000,mainnet,13,135.816155,14.319136,95.131827,308.726452,624.992440,339,0.033900000,0.967211529,108
common,10,2.992480350,75,5.000000,mainnet,14,136.911084,15.021255,96.167731,314.807621,632.284342,299,0.029900000,0.970968055,111
common,10,2.992480350,75,5.000000,mainnet,15,136.836339,14.908159,93.528612,314.505115,650.207671,323,0.032300000,0.968710646,30
common,10,2.992480350,75,5.000000,mainnet,16,136.224926,14.217023,95.555844,315.885338,624.623487,348,0.034800000,0.966370313,144
common,10,2.992480350,75,5.000000,mainnet,17,137.442162,14.259465,95.585903,313.986412,638.072522,307,0.030700000,0.970214417,255
common,10,2.992480350,75,5.000000,mainnet,18,138.391596,13.523873,95.452418,321.391344,657.719274,323,0.032300000,0.968710646,53
common,10,2.992480350,75,5.000000,mainnet,19,138.602877,14.611520,96.938860,319.126406,630.701649,327,0.032700000,0.968335431,69
common,10,2.992480350,75,5.000000,mainnet,20,137.263743,15.089495,95.818017,313.812705,627.522893,327,0.032700000,0.968335431,165
common,10,2.992480350,75,5.000000,mainnet,21,135.701727,13.918422,96.173820,310.014582,609.168186,346,0.034600000,0.966557124,385
common,10,2.992480350,75,5.000000,mainnet,22,137.011677,14.345045,95.955554,319.395314,622.323913,324,0.032400000,0.968616815,112
common,10,2.992480350,75,5.000000,mainnet,23,136.754680,14.931237,94.144360,317.444098,640.849327,301,0.030100000,0.970779536,100
common,10,2.992480350,75,5.000000,mainnet,24,136.848905,14.379563,94.875709,316.231794,625.492883,324,0.032400000,0.968616815,174
common,10,2.992480350,75,5.000000,mainnet,25,137.312233,14.113888,94.419083,312.212710,648.906023,309,0.030900000,0.970026191,202
common,10,2.992480350,75,5.000000,mainnet,26,138.736840,14.818740,96.463722,322.272083,620.803469,291,0.029100000,0.971722865,20
common,10,2.992480350,75,5.000000,mainnet,27,136.045076,14.028882,93.134674,313.869366,632.965888,318,0.031800000,0.969180074,20
common,10,2.992480350,75,5.000000,mainnet,28,137.749456,14.252376,96.179331,317.735905,632.312697,307,0.030700000,0.970214417,231
common,10,2.992480350,75,5.000000,mainnet,29,138.744765,14.704392,97.361304,318.244370,635.406905,344,0.034400000,0.966744006,372
common,10,2.992480350,75,5.000000,mainnet,30,138.984725,14.253716,96.888598,316.605282,628.958825,315,0.031500000,0.969461949,221
common,10,2.992480350,75,5.000000,mainnet,31,137.592644,14.346827,95.559249,319.342253,658.869728,306,0.030600000,0.970308558,508
common,10,2.992480350,75,5.000000,mainnet,32,134.356446,13.431441,93.424913,313.210739,606.360769,336,0.033600000,0.967492260,17
common,10,2.992480350,75,5.000000,mainnet,33,136.841860,14.097335,94.306120,313.643885,626.334274,336,0.033600000,0.967492260,17
common,10,2.992480350,75,5.000000,mainnet,34,135.670751,14.652536,94.600170,307.013258,620.175966,327,0.032700000,0.968335431,30
common,10,2.992480350,75,5.000000,mainnet,35,136.289619,14.523693,95.671214,312.697545,626.647968,352,0.035200000,0.965996909,132
common,10,2.992480350,75,5.000000,mainnet,36,135.178652,13.547400,93.523302,312.101243,627.120566,301,0.030100000,0.970779536,221
common,10,2.992480350,75,5.000000,mainnet,37,137.024099,14.151742,93.085222,320.773370,628.467519,324,0.032400000,0.968616815,105
common,10,2.992480350,75,5.000000,mainnet,38,136.077450,13.853633,93.193819,318.918864,625.385018,340,0.034000000,0.967117988,99
common,10,2.992480350,75,5.000000,mainnet,39,137.303816,14.841727,95.152738,317.740388,631.433182,322,0.032200000,0.968804495,216
common,10,2.992480350,75,5.000000,mainnet,40,137.866535,15.117861,97.295055,315.315998,641.886938,346,0.034600000,0.966557124,288
common,10,2.992480350,75,5.000000,mainnet,41,136.417342,14.640771,95.127751,313.003990,641.863155,312,0.031200000,0.969743988,227
common,10,2.992480350,75,5.000000,mainnet,42,139.185011,14.910739,96.137129,320.982748,644.560838,325,0.032500000,0.968523002,17
common,10,2.992480350,75,5.000000,mainnet,43,135.042134,14.060563,93.668562,314.931236,604.569842,335,0.033500000,0.967585873,117
common,10,2.992480350,75,5.000000,mainnet,44,138.071684,15.015688,95.945725,319.134075,636.546520,334,0.033400000,0.967679505,50
common,10,2.992480350,75,5.000000,mainnet,45,135.088027,14.036928,92.724750,314.869664,631.048156,349,0.034900000,0.966276935,27
common,10,2.992480350,75,5.000000,mainnet,46,136.811129,14.183437,95.882078,315.693052,612.941602,332,0.033200000,0.967866822,270
common,10,2.992480350,75,5.000000,mainnet,47,137.700100,14.206685,94.459132,319.911613,636.195504,329,0.032900000,0.968147933,368
common,10,2.992480350,75,5.000000,mainnet,48,137.443155,14.587820,95.239996,314.778781,639.945133,358,0.035800000,0.965437343,45
common,10,2.992480350,75,5.000000,mainnet,49,140.637496,15.344828,97.314400,327.412063,636.774735,345,0.034500000,0.966650556,73
common,10,2.992480350,75,5.000000,mainnet,50,136.840605,14.211907,93.648443,317.503853,628.003881,335,0.033500000,0.967585873,147
common,10,2.992480350,75,5.000000,mainnet,51,140.290833,15.157440,96.252630,318.435784,660.101195,311,0.031100000,0.969838037,54
common,10,2.992480350,75,5.000000,mainnet,52,136.086616,13.925656,93.931508,314.534977,639.221442,312,0.031200000,0.969743988,51
common,10,2.992480350,75,5.000000,mainnet,53,136.775418,14.342760,95.171945,316.879669,620.010388,354,0.035400000,0.965810315,267
common,10,2.992480350,75,5.000000,mainnet,54,137.919646,13.874203,96.183007,317.302470,644.019367,332,0.033200000,0.967866822,233
common,10,2.992480350,75,5.000000,mainnet,55,137.035967,14.142121,95.138364,315.009785,649.880947,345,0.034500000,0.966650556,212
common,10,2.992480350,75,5.000000,mainnet,56,134.069409,14.387854,93.632499,310.805133,589.432171,344,0.034400000,0.966744006,147
common,10,2.992480350,75,5.000000,mainnet,57,136.499228,15.087928,94.818322,317.020331,628.534140,345,0.034500000,0.966650556,190
common,10,2.992480350,75,5.000000,mainnet,58,135.358631,14.985057,93.749242,312.675188,629.124270,310,0.031000000,0.969932105,17
common,10,2.992480350,75,5.000000,mainnet,59,137.833500,14.458118,95.950389,314.546185,640.540351,313,0.031300000,0.969649956,399
common,10,2.992480350,75,5.000000,mainnet,60,138.066116,15.279762,95.384420,322.534964,614.317311,308,0.030800000,0.970120295,190
common,10,2.992480350,75,5.000000,mainnet,61,135.371946,15.480801,93.197983,314.082607,613.836070,320,0.032000000,0.968992248,38
common,10,2.992480350,75,5.000000,mainnet,62,136.054117,14.976005,96.224973,309.924085,626.390313,323,0.032300000,0.968710646,20
common,10,2.992480350,75,5.000000,mainnet,63,137.662523,13.774951,93.147847,316.254925,636.898684,319,0.031900000,0.969086152,48
common,10,2.992480350,75,5.000000,mainnet,64,137.686688,13.991415,95.997643,317.638175,633.637409,354,0.035400000,0.965810315,17
common,10,2.992480350,75,5.000000,mainnet,65,135.079564,13.610724,93.024287,307.682397,633.739959,329,0.032900000,0.968147933,98
common,10,2.992480350,75,5.000000,mainnet,66,137.979444,14.336894,94.766165,323.994691,610.799722,332,0.033200000,0.967866822,17
common,10,2.992480350,75,5.000000,mainnet,67,137.482461,13.760063,94.419139,316.182381,657.585054,309,0.030900000,0.970026191,17
common,10,2.992480350,75,5.000000,mainnet,68,138.173378,14.690064,96.895486,319.414243,629.255988,337,0.033700000,0.967398665,176
common,10,2.992480350,75,5.000000,mainnet,69,140.415050,14.109821,97.014613,328.254625,656.360547,317,0.031700000,0.969274014,249
common,10,2.992480350,75,5.000000,mainnet,70,137.142051,14.784157,92.560356,314.369179,666.130474,317,0.031700000,0.969274014,87
common,10,2.992480350,75,5.000000,mainnet,71,137.242905,14.308761,93.914292,319.473272,638.653291,331,0.033100000,0.967960507,18
common,10,2.992480350,75,5.000000,mainnet,72,138.030821,14.313267,97.228043,318.383541,630.833335,273,0.027300000,0.973425484,114
common,10,2.992480350,75,5.000000,mainnet,73,138.676329,14.930459,95.167502,317.288534,636.228760,341,0.034100000,0.967024466,57
common,10,2.992480350,75,5.000000,mainnet,74,139.704000,15.278665,96.806031,322.917277,639.073375,357,0.035700000,0.965530559,194
common,10,2.992480350,75,5.000000,mainnet,75,136.554215,14.262300,93.578776,313.051759,619.968208,303,0.030300000,0.970591090,56
common,10,2.992480350,75,5.000000,mainnet,76,136.344196,14.344650,94.277582,318.209609,624.330693,328,0.032800000,0.968241673,98
common,10,2.992480350,75,5.000000,mainnet,77,135.716796,13.745616,94.289147,311.046254,628.163802,358,0.035800000,0.965437343,79
common,10,2.992480350,75,5.000000,mainnet,78,137.056876,14.536427,95.645661,311.926230,624.284178,326,0.032600000,0.968429208,117
common,10,2.992480350,75,5.000000,mainnet,79,138.561051,15.225452,96.785375,318.317105,627.298579,369,0.036900000,0.964413155,350
common,10,2.992480350,75,5.000000,mainnet,80,136.397127,14.473405,93.651766,315.941355,646.363722,344,0.034400000,0.966744006,41
common,10,2.992480350,75,5.000000,mainnet,81,137.609067,14.422882,95.751767,313.597790,625.636147,327,0.032700000,0.968335431,25
common,10,2.992480350,75,5.000000,mainnet,82,138.159422,14.583574,94.628690,321.766180,640.101369,316,0.031600000,0.969367972,57
common,10,2.992480350,75,5.000000,mainnet,83,139.762800,14.935997,96.556551,320.885783,639.076402,325,0.032500000,0.968523002,465
common,10,2.992480350,75,5.000000,mainnet,84,137.159955,13.571138,93.873745,314.102463,661.687502,315,0.031500000,0.969461949,123
common,10,2.992480350,75,5.000000,mainnet,85,135.351986,13.888607,93.434224,311.923514,594.452371,352,0.035200000,0.965996909,192
common,10,2.992480350,75,5.000000,mainnet,86,137.061284,14.055253,93.921434,317.339156,621.714019,352,0.035200000,0.965996909,17
common,10,2.992480350,75,5.000000,mainnet,87,137.184725,14.018079,94.531200,316.768585,621.186266,341,0.034100000,0.967024466,280
common,10,2.992480350,75,5.000000,mainnet,88,135.400228,14.656722,94.945663,310.587964,615.265972,309,0.030900000,0.970026191,134
common,10,2.992480350,75,5.000000,mainnet,89,136.821826,14.437559,94.078439,321.401467,639.055577,328,0.032800000,0.968241673,340
common,10,2.992480350,75,5.000000,mainnet,90,138.212422,14.747279,96.529608,319.950462,630.501935,327,0.032700000,0.968335431,53
common,10,2.992480350,75,5.000000,mainnet,91,136.766624,14.155953,94.334179,318.353712,647.615025,339,0.033900000,0.967211529,17
common,10,2.992480350,75,5.000000,mainnet,92,135.509403,14.065162,92.641373,313.022200,632.602761,317,0.031700000,0.969274014,17
common,10,2.992480350,75,5.000000,mainnet,93,133.010606,14.234582,90.906323,306.222616,614.368346,321,0.032100000,0.968898363,45
common,10,2.992480350,75,5.000000,mainnet,94,138.915001,14.801733,96.988286,316.826938,634.705481,325,0.032500000,0.968523002,161
common,10,2.992480350,75,5.000000,mainnet,95,136.114466,14.882998,95.687200,313.961260,613.220857,341,0.034100000,0.967024466,160
common,10,2.992480350,75,5.000000,mainnet,96,137.300437,13.109188,93.937284,317.156122,629.205953,347,0.034700000,0.966463709,473
common,10,2.992480350,75,5.000000,mainnet,97,137.423041,14.325836,97.296915,318.784778,610.992162,306,0.030600000,0.970308558,101
common,10,2.992480350,75,5.000000,mainnet,98,136.741882,14.442784,93.906813,316.779230,625.448703,309,0.030900000,0.970026191,290
common,10,2.992480350,75,5.000000,mainnet,99,138.041333,14.769751,94.314033,320.319158,637.429221,329,0.032900000,0.968147933,207
common,10,2.992480350,75,5.000000,mainnet,100,135.793622,14.611309,94.311432,310.195931,641.466700,331,0.033100000,0.967960507,238
common,10,2.992480350,75,10.000000,mainnet,1,137.525727,14.959205,95.344086,314.234954,617.936330,688,0.068800000,0.935628743,17
common,10,2.992480350,75,10.000000,mainnet,2,137.552389,14.149437,94.342935,320.623887,632.855710,606,0.060600000,0.942862531,103
common,10,2.992480350,75,10.000000,mainnet,3,135.366308,14.407224,94.478207,309.545639,597.301856,635,0.063500000,0.940291490,56
common,10,2.992480350,75,10.000000,mainnet,4,137.535841,15.047381,97.154629,310.189774,614.502093,648,0.064800000,0.939143501,106
common,10,2.992480350,75,10.000000,mainnet,5,138.466550,13.838758,96.437934,318.985694,639.373463,701,0.070100000,0.934492104,101
common,10,2.992480350,75,10.000000,mainnet,6,136.267967,14.140013,94.519748,316.115037,615.333508,642,0.064200000,0.939672994,531
common,10,2.992480350,75,10.000000,mainnet,7,137.367330,15.359687,96.299670,315.099415,614.658580,676,0.067600000,0.936680405,45
common,10,2.992480350,75,10.000000,mainnet,8,137.980347,14.081999,96.648889,315.495191,643.531300,654,0.065400000,0.938614605,69
common,10,2.992480350,75,10.000000,mainnet,9,135.866580,14.153112,92.312785,314.722491,613.747706,696,0.069600000,0.934928945,169
common,10,2.992480350,75,10.000000,mainnet,10,136.447862,13.806922,95.542005,313.881700,621.924849,659,0.065900000,0.938174313,254
common,10,2.992480350,75,10.000000,mainnet,11,134.494023,14.224895,93.040839,305.852128,629.253779,678,0.067800000,0.936504963,102
common,10,2.992480350,75,10.000000,mainnet,12,138.323224,13.518511,95.374773,323.375340,625.101446,647,0.064700000,0.939231708,123
common,10,2.992480350,75,10.000000,mainnet,13,136.001660,14.672647,96.145915,309.983578,620.611823,691,0.069100000,0.935366196,98
common,10,2.992480350,75,10.000000,mainnet,14,137.277603,15.143247,95.370492,315.362030,629.352961,609,0.060900000,0.942595909,111
common,10,2.992480350,75,10.000000,mainnet,15,136.384392,14.930538,92.668918,317.247668,655.239181,652,0.065200000,0.938790837,31
common,10,2.992480350,75,10.000000,mainnet,16,135.702739,14.144298,93.700002,315.838856,631.062942,704,0.070400000,0.934230194,141
common,10,2.992480350,75,10.000000,mainnet,17,137.150492,14.231850,95.869580,313.575280,629.134667,629,0.062900000,0.940822279,252
common,10,2.992480350,75,10.000000,mainnet,18,140.419254,13.760064,97.344805,324.532447,657.719274,642,0.064200000,0.939672994,157
common,10,2.992480350,75,10.000000,mainnet,19,138.199663,14.428222,97.762746,313.127659,622.691487,671,0.067100000,0.937119295,56
common,10,2.992480350,75,10.000000,mainnet,20,135.562120,15.287269,94.068011,306.924296,627.137281,638,0.063800000,0.940026321,200
common,10,2.992480350,75,10.000000,mainnet,21,135.407090,14.085092,95.538728,312.392843,615.107643,660,0.066000000,0.938086304,458
common,10,2.992480350,75,10.000000,mainnet,22,135.954386,14.843262,94.106092,317.778702,625.172364,700,0.070000000,0.934579439,183
common,10,2.992480350,75,10.000000,mainnet,23,137.625996,14.344098,93.854358,320.312789,660.078046,639,0.063900000,0.939937964,97
common,10,2.992480350,75,10.000000,mainnet,24,136.739973,14.629835,95.523080,315.658019,626.734312,621,0.062100000,0.941530929,137
common,10,2.992480350,75,10.000000,mainnet,25,137.437838,14.242704,94.880707,312.538610,641.604411,611,0.061100000,0.942418245,97
common,10,2.992480350,75,10.000000,mainnet,26,136.308984,14.797189,93.650053,318.221022,618.491770,620,0.062000000,0.941619586,20
common,10,2.992480350,75,10.000000,mainnet,27,137.481452,14.061656,94.627266,318.073229,632.965888,625,0.062500000,0.941176471,20
common,10,2.992480350,75,10.000000,mainnet,28,136.618886,14.280750,95.304645,317.379958,623.952213,636,0.063600000,0.940203084,231
common,10,2.992480350,75,10.000000,mainnet,29,136.501061,14.418113,95.569771,317.599976,624.633166,660,0.066000000,0.938086304,595
common,10,2.992480350,75,10.000000,mainnet,30,140.144000,14.622842,98.233722,320.151348,628.775782,654,0.065400000,0.938614605,220
common,10,2.992480350,75,10.000000,mainnet,31,139.693269,14.774912,96.454770,325.261475,665.613403,637,0.063700000,0.940114694,683
common,10,2.992480350,75,10.000000,mainnet,32,135.841751,13.456542,94.035643,314.288508,608.268272,656,0.065600000,0.938438438,17
common,10,2.992480350,75,10.000000,mainnet,33,137.480434,14.364978,94.259869,316.195544,634.154301,662,0.066200000,0.937910336,17
common,10,2.992480350,75,10.000000,mainnet,34,135.591620,14.333863,94.189184,307.600256,616.404259,629,0.062900000,0.940822279,30
common,10,2.992480350,75,10.000000,mainnet,35,135.841693,14.429348,96.096184,312.508358,626.871373,670,0.067000000,0.937207123,132
common,10,2.992480350,75,10.000000,mainnet,36,135.421873,13.819636,94.210848,310.063961,625.331318,662,0.066200000,0.937910336,219
common,10,2.992480350,75,10.000000,mainnet,37,136.271849,14.790166,92.655656,312.635572,633.722360,680,0.068000000,0.936329588,94
common,10,2.992480350,75,10.000000,mainnet,38,137.031444,14.121812,93.930670,321.176334,635.923744,624,0.062400000,0.941265060,94
common,10,2.992480350,75,10.000000,mainnet,39,137.529618,14.156938,95.377143,317.374751,627.700910,672,0.067200000,0.937031484,211
common,10,2.992480350,75,10.000000,mainnet,40,135.653165,14.955032,95.692002,312.557337,619.524285,706,0.070600000,0.934055670,285
common,10,2.992480350,75,10.000000,mainnet,41,135.741202,14.350992,94.456079,311.829413,624.799624,644,0.064400000,0.939496430,152
common,10,2.992480350,75,10.000000,mainnet,42,138.363205,14.187966,95.839120,320.495631,648.072548,646,0.064600000,0.939319932,17
common,10,2.992480350,75,10.000000,mainnet,43,134.663842,13.666235,92.954822,315.770416,604.089839,620,0.062000000,0.941619586,117
common,10,2.992480350,75,10.000000,mainnet,44,137.820106,15.163876,96.319644,318.489576,624.816262,671,0.067100000,0.937119295,48
common,10,2.992480350,75,10.000000,mainnet,45,136.709774,14.153038,94.627345,317.550559,638.669836,681,0.068100000,0.936241925,27
common,10,2.992480350,75,10.000000,mainnet,46,136.985907,14.351170,95.936029,313.151365,639.625429,654,0.065400000,0.938614605,32
common,10,2.992480350,75,10.000000,mainnet,47,137.985747,14.591694,95.116911,318.593066,637.759983,654,0.065400000,0.938614605,117
common,10,2.992480350,75,10.000000,mainnet,48,137.822471,14.813883,95.231292,313.854685,639.945133,687,0.068700000,0.935716291,46
common,10,2.992480350,75,10.000000,mainnet,49,140.591152,15.152089,97.316612,325.416278,636.774735,645,0.064500000,0.939408173,75
common,10,2.992480350,75,10.000000,mainnet,50,137.660437,14.044082,95.693598,317.727013,648.507472,634,0.063400000,0.940379913,144
common,10,2.992480350,75,10.000000,mainnet,51,138.778297,14.698282,95.358823,317.341896,653.226707,680,0.068000000,0.936329588,39
common,10,2.992480350,75,10.000000,mainnet,52,136.973442,14.257245,95.316961,314.882903,639.221442,599,0.059900000,0.943485234,166
common,10,2.992480350,75,10.000000,mainnet,53,139.108641,14.665080,97.592068,319.473746,638.114402,663,0.066300000,0.937822376,67
common,10,2.992480350,75,10.000000,mainnet,54,138.251257,14.208777,95.998842,319.056273,628.743354,664,0.066400000,0.937734434,183
common,10,2.992480350,75,10.000000,mainnet,55,135.832780,14.367438,95.288522,309.333408,637.823983,681,0.068100000,0.936241925,65
common,10,2.992480350,75,10.000000,mainnet,56,135.695802,14.216716,94.168414,315.940517,594.697478,676,0.067600000,0.936680405,98
common,10,2.992480350,75,10.000000,mainnet,57,136.923301,14.601514,94.842350,317.614974,631.965088,643,0.064300000,0.939584704,108
common,10,2.992480350,75,10.000000,mainnet,58,137.308877,14.420206,94.785287,316.953906,633.863368,664,0.066400000,0.937734434,17
common,10,2.992480350,75,10.000000,mainnet,59,137.322999,14.468284,94.386899,312.790456,648.659842,679,0.067900000,0.936417268,217
common,10,2.992480350,75,10.000000,mainnet,60,138.314512,15.026573,95.206337,321.690923,624.143477,639,0.063900000,0.939937964,189
common,10,2.992480350,75,10.000000,mainnet,61,136.281701,15.164850,94.034941,315.723218,618.589357,663,0.066300000,0.937822376,98
common,10,2.992480350,75,10.000000,mainnet,62,136.908550,14.647309,96.863510,311.300018,632.796474,635,0.063500000,0.940291490,20
common,10,2.992480350,75,10.000000,mainnet,63,137.513676,14.145851,94.068787,315.748340,624.031384,635,0.063500000,0.940291490,48
common,10,2.992480350,75,10.000000,mainnet,64,139.476163,14.654708,97.360391,321.019376,639.285108,691,0.069100000,0.935366196,206
common,10,2.992480350,75,10.000000,mainnet,65,135.683072,13.465703,93.650358,309.360856,641.913952,626,0.062600000,0.941087898,97
common,10,2.992480350,75,10.000000,mainnet,66,137.868062,14.233394,94.514836,321.816837,612.367564,639,0.063900000,0.939937964,195
common,10,2.992480350,75,10.000000,mainnet,67,138.136724,13.925045,94.757448,315.268514,651.011265,608,0.060800000,0.942684766,182
common,10,2.992480350,75,10.000000,mainnet,68,138.828369,14.738975,97.086925,321.868446,626.942005,666,0.066600000,0.937558597,55
common,10,2.992480350,75,10.000000,mainnet,69,139.742532,14.333150,96.547663,322.724553,657.225531,648,0.064800000,0.939143501,805
common,10,2.992480350,75,10.000000,mainnet,70,135.069726,14.222566,92.606449,312.947372,649.491771,680,0.068000000,0.936329588,85
common,10,2.992480350,75,10.000000,mainnet,71,136.657798,13.747323,94.271005,317.750636,630.716497,637,0.063700000,0.940114694,17
common,10,2.992480350,75,10.000000,mainnet,72,138.401040,14.589866,97.401593,318.776795,635.513230,637,0.063700000,0.940114694,343
common,10,2.992480350,75,10.000000,mainnet,73,136.726265,15.227773,93.612291,310.314402,651.088155,652,0.065200000,0.938790837,54
common,10,2.992480350,75,10.000000,mainnet,74,139.358241,14.947548,95.869521,323.152428,639.073375,674,0.067400000,0.936855912,175
common,10,2.992480350,75,10.000000,mainnet,75,137.684904,14.451785,94.495538,313.308159,634.826859,635,0.063500000,0.940291490,54
common,10,2.992480350,75,10.000000,mainnet,76,137.093525,13.793392,95.385878,316.872058,621.079144,647,0.064700000,0.939231708,97
common,10,2.992480350,75,10.000000,mainnet,77,135.979138,14.035611,95.122484,310.542005,623.650361,676,0.067600000,0.936680405,108
common,10,2.992480350,75,10.000000,mainnet,78,136.922434,14.466620,95.776100,314.540272,615.135803,654,0.065400000,0.938614605,147
common,10,2.992480350,75,10.000000,mainnet,79,138.678972,15.116894,96.693712,321.200384,631.855659,680,0.068000000,0.936329588,343
common,10,2.992480350,75,10.000000,mainnet,80,136.255116,13.958522,94.552905,314.063476,644.806387,632,0.063200000,0.940556810,40
common,10,2.992480350,75,10.000000,mainnet,81,135.587669,13.754317,94.200477,312.181308,623.366058,663,0.066300000,0.937822376,25
common,10,2.992480350,75,10.000000,mainnet,82,137.916108,14.598785,94.457210,319.575167,635.592489,642,0.064200000,0.939672994,59
common,10,2.992480350,75,10.000000,mainnet,83,138.534325,15.530986,96.134295,317.292702,618.974927,677,0.067700000,0.936592676,457
common,10,2.992480350,75,10.000000,mainnet,84,138.350554,14.288807,94.457487,315.924906,656.870446,646,0.064600000,0.939319932,123
common,10,2.992480350,75,10.000000,mainnet,85,134.702796,14.133128,91.988704,311.072384,604.911960,688,0.068800000,0.935628743,235
common,10,2.992480350,75,10.000000,mainnet,86,137.724214,14.653549,95.334438,316.667599,628.145267,661,0.066100000,0.937998312,17
common,10,2.992480350,75,10.000000,mainnet,87,136.955723,14.088778,95.545664,315.440655,628.026682,670,0.067000000,0.937207123,279
common,10,2.992480350,75,10.000000,mainnet,88,134.873008,14.602405,94.587163,308.550167,612.506397,630,0.063000000,0.940733772,149
common,10,2.992480350,75,10.000000,mainnet,89,137.548158,14.024648,93.442912,325.397325,650.868322,655,0.065500000,0.938526513,335
common,10,2.992480350,75,10.000000,mainnet,90,138.380670,14.269476,95.813847,320.371542,642.810067,642,0.064200000,0.939672994,52
common,10,2.992480350,75,10.000000,mainnet,91,137.304550,14.282527,93.964022,317.603174,648.979213,646,0.064600000,0.939319932,17
common,10,2.992480350,75,10.000000,mainnet,92,133.619661,14.065162,92.088595,310.096381,625.409757,679,0.067900000,0.936417268,59
common,10,2.992480350,75,10.000000,mainnet,93,134.488648,14.530850,92.508104,311.460229,623.314858,632,0.063200000,0.940556810,125
common,10,2.992480350,75,10.000000,mainnet,94,138.325037,14.691244,96.633248,316.645302,629.691241,681,0.068100000,0.936241925,183
common,10,2.992480350,75,10.000000,mainnet,95,137.800587,14.667655,96.842990,317.835662,626.220526,634,0.063400000,0.940379913,159
common,10,2.992480350,75,10.000000,mainnet,96,139.027669,13.548044,95.671460,319.108119,636.442577,700,0.070000000,0.934579439,345
common,10,2.992480350,75,10.000000,mainnet,97,137.303116,14.250491,96.183121,318.585724,617.407921,655,0.065500000,0.938526513,97
common,10,2.992480350,75,10.000000,mainnet,98,136.739426,14.247235,95.393347,314.466662,615.789664,647,0.064700000,0.939231708,283
common,10,2.992480350,75,10.000000,mainnet,99,135.937554,14.087929,93.753463,314.391425,638.316659,670,0.067000000,0.937207123,265
common,10,2.992480350,75,10.000000,mainnet,100,134.708538,14.510952,94.254550,304.669512,608.273690,655,0.065500000,0.938526513,145
common,20,2.992480350,75,0.500000,mainnet,1,137.430238,14.614835,94.443666,316.944316,623.399883,33,0.003300000,0.996710854,146
common,20,2.992480350,75,0.500000,mainnet,2,136.473069,14.577171,92.975593,316.386385,624.192395,37,0.003700000,0.996313640,102
common,20,2.992480350,75,0.500000,mainnet,3,137.111506,14.402474,96.135744,315.764440,594.068478,30,0.003000000,0.997008973,56
common,20,2.992480350,75,0.500000,mainnet,4,137.432918,14.699931,96.559259,316.006766,612.977443,33,0.003300000,0.996710854,72
common,20,2.992480350,75,0.500000,mainnet,5,138.625295,14.355342,95.786208,315.695989,624.462558,35,0.003500000,0.996512207,157
common,20,2.992480350,75,0.500000,mainnet,6,136.605235,14.292495,94.461387,316.111427,608.394795,34,0.003400000,0.996611521,332
common,20,2.992480350,75,0.500000,mainnet,7,137.932118,14.995091,95.837672,316.772006,632.196197,20,0.002000000,0.998003992,36
common,20,2.992480350,75,0.500000,mainnet,8,136.131899,14.026786,95.361693,310.831750,622.259449,37,0.003700000,0.996313640,221
common,20,2.992480350,75,0.500000,mainnet,9,136.954305,14.820708,91.493723,319.713624,632.605404,32,0.003200000,0.996810207,40
common,20,2.992480350,75,0.500000,mainnet,10,136.453245,13.977979,94.783617,312.420669,628.678369,29,0.002900000,0.997108386,55
common,20,2.992480350,75,0.500000,mainnet,11,135.694295,14.224895,93.439492,312.492413,644.515970,43,0.004300000,0.995718411,104
common,20,2.992480350,75,0.500000,mainnet,12,138.222695,14.192126,95.079340,321.945602,629.940348,36,0.003600000,0.996412914,166
common,20,2.992480350,75,0.500000,mainnet,13,134.959981,13.877923,93.466543,310.785325,620.611823,39,0.003900000,0.996115151,108
common,20,2.992480350,75,0.500000,mainnet,14,136.962935,15.068080,96.317584,315.313593,633.515164,34,0.003400000,0.996611521,113
common,20,2.992480350,75,0.500000,mainnet,15,136.297094,14.858442,93.604535,311.770616,622.674277,48,0.004800000,0.995222930,30
common,20,2.992480350,75,0.500000,mainnet,16,138.753026,14.447316,98.306336,321.728112,629.305734,32,0.003200000,0.996810207,146
common,20,2.992480350,75,0.500000,mainnet,17,135.429179,14.426790,94.615909,310.261147,613.779924,39,0.003900000,0.996115151,254
common,20,2.992480350,75,0.500000,mainnet,18,137.651418,13.886289,95.426295,318.608786,638.861174,25,0.002500000,0.997506234,297
common,20,2.992480350,75,0.500000,mainnet,19,137.293861,14.645480,95.010264,316.490338,633.646489,25,0.002500000,0.997506234,69
common,20,2.992480350,75,0.500000,mainnet,20,137.557006,14.826365,96.733010,310.659320,615.666156,36,0.003600000,0.996412914,163
common,20,2.992480350,75,0.500000,mainnet,21,135.659056,13.690842,94.141139,312.403113,609.848070,36,0.003600000,0.996412914,392
common,20,2.992480350,75,0.500000,mainnet,22,136.059589,14.369249,93.027731,317.328121,628.780041,26,0.002600000,0.997406742,114
common,20,2.992480350,75,0.500000,mainnet,23,137.961004,15.356455,96.486585,316.833752,648.286676,29,0.002900000,0.997108386,83
common,20,2.992480350,75,0.500000,mainnet,24,137.040575,14.379563,94.521822,318.067202,625.945218,42,0.004200000,0.995817566,143
common,20,2.992480350,75,0.500000,mainnet,25,135.803219,14.008408,93.669720,311.846824,605.619078,28,0.002800000,0.997207818,206
common,20,2.992480350,75,0.500000,mainnet,26,137.761855,14.646462,95.148501,318.103157,613.823941,34,0.003400000,0.996611521,490
common,20,2.992480350,75,0.500000,mainnet,27,137.592823,14.165551,95.470661,318.346985,615.108304,36,0.003600000,0.996412914,20
common,20,2.992480350,75,0.500000,mainnet,28,136.434755,14.068487,94.424648,317.704174,617.079527,26,0.002600000,0.997406742,125
common,20,2.992480350,75,0.500000,mainnet,29,136.917510,14.338409,95.107222,319.955641,616.188429,41,0.004100000,0.995916741,134
common,20,2.992480350,75,0.500000,mainnet,30,140.676509,14.545515,97.958187,321.177971,638.457745,36,0.003600000,0.996412914,218
common,20,2.992480350,75,0.500000,mainnet,31,137.509305,14.540308,95.166809,322.422370,641.753967,40,0.004000000,0.996015936,102
common,20,2.992480350,75,0.500000,mainnet,32,134.894215,13.674059,93.963108,311.708521,597.928813,36,0.003600000,0.996412914,208
common,20,2.992480350,75,0.500000,mainnet,33,137.318356,15.058035,93.818704,317.542560,626.088330,32,0.003200000,0.996810207,17
common,20,2.992480350,75,0.500000,mainnet,34,134.444888,14.150881,93.108823,307.320927,624.012738,32,0.003200000,0.996810207,82
common,20,2.992480350,75,0.500000,mainnet,35,138.459886,15.121292,97.337416,317.370819,638.078953,32,0.003200000,0.996810207,24
common,20,2.992480350,75,0.500000,mainnet,36,133.980035,13.870217,93.169373,305.985048,628.986881,41,0.004100000,0.995916741,36
common,20,2.992480350,75,0.500000,mainnet,37,138.753330,14.761917,95.494240,320.773370,640.388628,28,0.002800000,0.997207818,106
common,20,2.992480350,75,0.500000,mainnet,38,137.147820,13.796596,94.465957,319.874092,633.152759,30,0.003000000,0.997008973,140
common,20,2.992480350,75,0.500000,mainnet,39,138.317198,14.984854,96.447521,320.241059,624.479370,29,0.002900000,0.997108386,351
common,20,2.992480350,75,0.500000,mainnet,40,137.962431,14.899034,95.626592,316.823165,634.127678,34,0.003400000,0.996611521,294
common,20,2.992480350,75,0.500000,mainnet,41,135.835268,14.729920,95.076207,309.098130,643.161868,43,0.004300000,0.995718411,43
common,20,2.992480350,75,0.500000,mainnet,42,138.474322,14.833173,95.519154,318.332112,644.008120,37,0.003700000,0.996313640,17
common,20,2.992480350,75,0.500000,mainnet,43,136.237075,14.491868,95.198884,317.284672,606.768115,36,0.003600000,0.996412914,56
common,20,2.992480350,75,0.500000,mainnet,44,137.501941,14.813865,95.779985,314.691331,650.014915,31,0.003100000,0.996909580,63
common,20,2.992480350,75,0.500000,mainnet,45,135.744405,14.112157,93.783707,316.588934,638.435424,37,0.003700000,0.996313640,27
common,20,2.992480350,75,0.500000,mainnet,46,137.572904,13.874212,94.460601,317.222273,648.628358,39,0.003900000,0.996115151,180
common,20,2.992480350,75,0.500000,mainnet,47,136.611900,14.444223,93.324193,318.383285,628.497839,44,0.004400000,0.995619275,374
common,20,2.992480350,75,0.500000,mainnet,48,137.523961,14.299830,95.239996,316.937642,630.535578,43,0.004300000,0.995718411,48
common,20,2.992480350,75,0.500000,mainnet,49,139.749731,15.243356,97.430253,318.631046,639.611221,31,0.003100000,0.996909580,73
common,20,2.992480350,75,0.500000,mainnet,50,136.068509,13.904441,93.734562,315.144417,633.582745,30,0.003000000,0.997008973,145
common,20,2.992480350,75,0.500000,mainnet,51,137.736495,14.827539,93.537817,316.745832,662.412742,38,0.003800000,0.996214385,54
common,20,2.992480350,75,0.500000,mainnet,52,136.010683,14.448216,93.714262,312.179154,637.349960,30,0.003000000,0.997008973,98
common,20,2.992480350,75,0.500000,mainnet,53,137.873770,14.614023,94.555784,318.865839,625.336115,39,0.003900000,0.996115151,91
common,20,2.992480350,75,0.500000,mainnet,54,137.338250,14.255029,96.094604,312.229090,635.318345,42,0.004200000,0.995817566,190
common,20,2.992480350,75,0.500000,mainnet,55,136.115321,14.522341,95.836812,309.384807,640.032139,36,0.003600000,0.996412914,67
common,20,2.992480350,75,0.500000,mainnet,56,137.436844,14.710020,96.040629,317.330500,620.099239,35,0.003500000,0.996512207,134
common,20,2.992480350,75,0.500000,mainnet,57,136.260125,14.880636,95.166665,312.994819,626.755251,35,0.003500000,0.996512207,191
common,20,2.992480350,75,0.500000,mainnet,58,137.265878,14.910923,96.160793,316.325348,630.702959,38,0.003800000,0.996214385,20
common,20,2.992480350,75,0.500000,mainnet,59,135.358424,13.641617,94.107580,309.997043,634.159777,36,0.003600000,0.996412914,406
common,20,2.992480350,75,0.500000,mainnet,60,137.092981,14.930229,95.043340,318.977814,607.244540,33,0.003300000,0.996710854,154
common,20,2.992480350,75,0.500000,mainnet,61,138.017377,15.302711,96.247514,321.496384,617.313562,32,0.003200000,0.996810207,38
common,20,2.992480350,75,0.500000,mainnet,62,136.334079,14.483642,96.580972,310.042440,629.125390,28,0.002800000,0.997207818,236
common,20,2.992480350,75,0.500000,mainnet,63,135.422242,13.830003,93.813016,311.497935,613.326002,37,0.003700000,0.996313640,50
common,20,2.992480350,75,0.500000,mainnet,64,138.609805,14.554114,96.089805,319.407723,639.800182,36,0.003600000,0.996412914,134
common,20,2.992480350,75,0.500000,mainnet,65,134.426485,13.907446,92.797827,308.863002,636.149371,36,0.003600000,0.996412914,92
common,20,2.992480350,75,0.500000,mainnet,66,137.478641,14.578435,95.105407,319.171699,623.416528,41,0.004100000,0.995916741,17
common,20,2.992480350,75,0.500000,mainnet,67,139.332560,14.472257,96.469153,319.085414,635.709137,35,0.003500000,0.996512207,17
common,20,2.992480350,75,0.500000,mainnet,68,138.868276,14.469742,96.753845,323.625091,630.472899,25,0.002500000,0.997506234,179
common,20,2.992480350,75,0.500000,mainnet,69,137.073647,14.415667,95.450063,317.570289,636.299097,40,0.004000000,0.996015936,369
common,20,2.992480350,75,0.500000,mainnet,70,137.852190,14.928045,92.947196,318.221161,655.646072,32,0.003200000,0.996810207,199
common,20,2.992480350,75,0.500000,mainnet,71,136.641916,14.356529,93.073395,317.491054,630.011283,38,0.003800000,0.996214385,18
common,20,2.992480350,75,0.500000,mainnet,72,135.687670,14.149658,94.056228,314.807567,615.409137,41,0.004100000,0.995916741,262
common,20,2.992480350,75,0.500000,mainnet,73,137.726151,14.693682,95.206478,311.716092,640.827126,43,0.004300000,0.995718411,57
common,20,2.992480350,75,0.500000,mainnet,74,139.177140,15.494253,95.361737,326.297640,629.602666,30,0.003000000,0.997008973,66
common,20,2.992480350,75,0.500000,mainnet,75,138.393983,14.206533,95.043858,316.908601,649.856802,31,0.003100000,0.996909580,215
common,20,2.992480350,75,0.500000,mainnet,76,137.435993,14.742364,94.304205,315.422510,622.819569,33,0.003300000,0.996710854,129
common,20,2.992480350,75,0.500000,mainnet,77,137.467821,14.051006,96.149611,316.970138,620.313786,49,0.004900000,0.995123893,80
common,20,2.992480350,75,0.500000,mainnet,78,135.899013,13.697799,94.617379,314.499482,618.618025,30,0.003000000,0.997008973,117
common,20,2.992480350,75,0.500000,mainnet,79,138.880362,15.386511,97.676111,317.492844,637.464709,42,0.004200000,0.995817566,23
common,20,2.992480350,75,0.500000,mainnet,80,135.976406,14.044863,93.423625,316.110441,638.295154,31,0.003100000,0.996909580,41
common,20,2.992480350,75,0.500000,mainnet,81,138.101324,14.373322,97.259445,314.473762,631.038088,40,0.004000000,0.996015936,25
common,20,2.992480350,75,0.500000,mainnet,82,137.232554,14.843288,95.072425,319.147896,630.023813,36,0.003600000,0.996412914,94
common,20,2.992480350,75,0.500000,mainnet,83,138.445900,14.897861,95.997677,319.424951,627.098188,43,0.004300000,0.995718411,1269
common,20,2.992480350,75,0.500000,mainnet,84,138.477308,13.949620,95.861617,319.294931,638.307373,39,0.003900000,0.996115151,40
common,20,2.992480350,75,0.500000,mainnet,85,136.957101,14.416994,93.303480,316.270087,620.788826,32,0.003200000,0.996810207,291
common,20,2.992480350,75,0.500000,mainnet,86,137.623458,14.559742,94.897943,318.671489,631.560663,35,0.003500000,0.996512207,17
common,20,2.992480350,75,0.500000,mainnet,87,136.403228,14.231878,94.962664,310.667368,610.053551,57,0.005700000,0.994332306,349
common,20,2.992480350,75,0.500000,mainnet,88,134.499661,14.976801,95.948116,306.985813,607.308621,31,0.003100000,0.996909580,136
common,20,2.992480350,75,0.500000,mainnet,89,137.394077,14.649316,94.609515,321.216306,639.055577,43,0.004300000,0.995718411,82
common,20,2.992480350,75,0.500000,mainnet,90,138.091700,14.862822,95.329300,322.959186,630.501935,30,0.003000000,0.997008973,20
common,20,2.992480350,75,0.500000,mainnet,91,135.905655,13.917117,93.557124,319.473001,630.074377,29,0.002900000,0.997108386,17
common,20,2.992480350,75,0.500000,mainnet,92,135.591229,14.185824,91.704499,315.927041,632.159723,29,0.002900000,0.997108386,17
common,20,2.992480350,75,0.500000,mainnet,93,133.578628,14.003548,91.488871,306.130256,640.341547,35,0.003500000,0.996512207,45
common,20,2.992480350,75,0.500000,mainnet,94,138.394347,15.012126,95.966578,317.477411,619.868114,38,0.003800000,0.996214385,770
common,20,2.992480350,75,0.500000,mainnet,95,137.293521,14.590648,96.844293,315.440325,629.981531,28,0.002800000,0.997207818,394
common,20,2.992480350,75,0.500000,mainnet,96,137.619930,13.826756,94.137973,318.759160,635.745050,30,0.003000000,0.997008973,52
common,20,2.992480350,75,0.500000,mainnet,97,136.819221,14.002039,97.114801,316.075219,620.496337,35,0.003500000,0.996512207,102
common,20,2.992480350,75,0.500000,mainnet,98,136.656637,14.081854,95.832182,313.466533,613.412629,36,0.003600000,0.996412914,291
common,20,2.992480350,75,0.500000,mainnet,99,137.864143,13.995791,93.519561,324.015226,649.129237,39,0.003900000,0.996115151,342
common,20,2.992480350,75,0.500000,mainnet,100,137.415066,14.769017,94.669508,314.361082,652.588595,25,0.002500000,0.997506234,140
common,20,2.992480350,75,1.000000,mainnet,1,137.378060,14.539032,94.387130,314.497748,628.776877,65,0.006500000,0.993541977,146
common,20,2.992480350,75,1.000000,mainnet,2,135.778888,14.305100,92.968124,314.499666,624.847648,67,0.006700000,0.993344591,102
common,20,2.992480350,75,1.000000,mainnet,3,136.827361,14.293837,96.097146,315.519571,593.994078,64,0.006400000,0.993640700,56
common,20,2.992480350,75,1.000000,mainnet,4,136.055266,14.848567,95.986867,311.845535,599.697919,80,0.008000000,0.992063492,72
common,20,2.992480350,75,1.000000,mainnet,5,139.196667,14.233292,96.173890,316.948988,638.550672,68,0.006800000,0.993245928,157
common,20,2.992480350,75,1.000000,mainnet,6,136.220385,14.179713,93.811391,315.609975,611.539595,62,0.006200000,0.993838203,332
common,20,2.992480350,75,1.000000,mainnet,7,137.345197,15.052097,95.100015,316.348839,632.196197,63,0.006300000,0.993739442,36
common,20,2.992480350,75,1.000000,mainnet,8,135.608177,14.219342,95.296343,308.206266,620.928095,63,0.006300000,0.993739442,221
common,20,2.992480350,75,1.000000,mainnet,9,136.631603,14.783742,91.442875,318.837518,638.026080,70,0.007000000,0.993048659,40
common,20,2.992480350,75,1.000000,mainnet,10,136.500724,13.926818,94.313262,314.305802,634.023299,64,0.006400000,0.993640700,55
common,20,2.992480350,75,1.000000,mainnet,11,136.735300,14.688452,93.913696,313.957395,641.991195,79,0.007900000,0.992161921,104
common,20,2.992480350,75,1.000000,mainnet,12,137.939841,14.103005,94.831426,321.832337,623.059997,62,0.006200000,0.993838203,166
common,20,2.992480350,75,1.000000,mainnet,13,134.627215,13.933905,93.717433,310.642447,610.099674,68,0.006800000,0.993245928,108
common,20,2.992480350,75,1.000000,mainnet,14,137.109165,14.764731,97.028578,314.894335,632.284342,57,0.005700000,0.994332306,112
common,20,2.992480350,75,1.000000,mainnet,15,136.324406,14.967127,94.063419,311.399108,625.969310,85,0.008500000,0.991571641,30
common,20,2.992480350,75,1.000000,mainnet,16,136.351186,14.179970,96.138999,315.885338,620.093478,71,0.007100000,0.992950055,145
common,20,2.992480350,75,1.000000,mainnet,17,136.343068,14.318008,95.247296,311.711292,630.436326,76,0.007600000,0.992457324,254
common,20,2.992480350,75,1.000000,mainnet,18,138.269668,14.143314,96.274555,320.384661,643.003980,62,0.006200000,0.993838203,298
common,20,2.992480350,75,1.000000,mainnet,19,138.241777,15.141411,95.942007,318.352434,631.222725,66,0.006600000,0.993443274,158
common,20,2.992480350,75,1.000000,mainnet,20,137.492179,14.898448,96.144018,310.659320,618.872552,60,0.006000000,0.994035785,163
common,20,2.992480350,75,1.000000,mainnet,21,135.155298,13.799890,94.271524,308.515837,609.368157,80,0.008000000,0.992063492,352
common,20,2.992480350,75,1.000000,mainnet,22,135.560258,14.834384,93.230554,314.940721,625.172364,68,0.006800000,0.993245928,114
common,20,2.992480350,75,1.000000,mainnet,23,137.512082,15.541263,95.790397,315.446681,647.546109,58,0.005800000,0.994233446,118
common,20,2.992480350,75,1.000000,mainnet,24,137.408554,14.434234,95.278447,317.104370,627.369183,67,0.006700000,0.993344591,173
common,20,2.992480350,75,1.000000,mainnet,25,135.820971,14.046527,94.324795,311.595022,607.003293,64,0.006400000,0.993640700,206
common,20,2.992480350,75,1.000000,mainnet,26,137.607339,14.773574,94.816186,318.150484,616.247670,55,0.005500000,0.994530085,656
common,20,2.992480350,75,1.000000,mainnet,27,137.509788,14.120467,95.296706,316.953560,632.180851,68,0.006800000,0.993245928,20
common,20,2.992480350,75,1.000000,mainnet,28,137.628458,14.155075,94.626039,320.778334,626.261958,66,0.006600000,0.993443274,401
common,20,2.992480350,75,1.000000,mainnet,29,137.190867,14.606963,95.577366,318.651953,618.817883,66,0.006600000,0.993443274,134
common,20,2.992480350,75,1.000000,mainnet,30,140.432216,14.691286,97.709012,321.860606,638.457745,63,0.006300000,0.993739442,218
common,20,2.992480350,75,1.000000,mainnet,31,136.687137,14.103795,94.075528,320.840015,642.224935,78,0.007800000,0.992260369,102
common,20,2.992480350,75,1.000000,mainnet,32,134.587512,13.717716,93.379220,312.343958,601.113666,72,0.007200000,0.992851469,208
common,20,2.992480350,75,1.000000,mainnet,33,136.369536,15.008345,93.604422,313.842824,622.936720,59,0.005900000,0.994134606,17
common,20,2.992480350,75,1.000000,mainnet,34,134.848861,14.358619,93.719097,308.427516,623.404057,64,0.006400000,0.993640700,82
common,20,2.992480350,75,1.000000,mainnet,35,137.504536,14.836871,96.652080,313.795365,633.204598,74,0.007400000,0.992654358,24
common,20,2.992480350,75,1.000000,mainnet,36,133.496011,13.956538,92.001498,305.971994,624.695472,63,0.006300000,0.993739442,223
common,20,2.992480350,75,1.000000,mainnet,37,137.254954,14.438482,93.835046,315.854058,624.666286,63,0.006300000,0.993739442,106
common,20,2.992480350,75,1.000000,mainnet,38,137.284499,13.750955,94.445055,321.605864,633.152759,57,0.005700000,0.994332306,140
common,20,2.992480350,75,1.000000,mainnet,39,137.649006,14.872043,95.543758,318.503431,627.065827,69,0.006900000,0.993147284,351
common,20,2.992480350,75,1.000000,mainnet,40,139.126673,14.871731,97.295055,316.381993,641.886938,76,0.007600000,0.992457324,294
common,20,2.992480350,75,1.000000,mainnet,41,136.189089,14.540560,94.797540,308.130492,652.163320,73,0.007300000,0.992752904,43
common,20,2.992480350,75,1.000000,mainnet,42,138.471891,15.032914,95.820829,315.785285,643.712614,77,0.007700000,0.992358837,17
common,20,2.992480350,75,1.000000,mainnet,43,135.926889,14.531343,95.198884,315.659255,606.234054,67,0.006700000,0.993344591,56
common,20,2.992480350,75,1.000000,mainnet,44,137.631617,14.841883,96.299354,315.928056,629.382452,58,0.005800000,0.994233446,511
common,20,2.992480350,75,1.000000,mainnet,45,136.752504,14.188503,94.069619,322.300098,640.562567,82,0.008200000,0.991866693,27
common,20,2.992480350,75,1.000000,mainnet,46,137.158661,13.936136,94.583053,315.971701,648.628358,76,0.007600000,0.992457324,180
common,20,2.992480350,75,1.000000,mainnet,47,136.889801,14.459674,93.155277,319.709311,635.010848,83,0.008300000,0.991768323,373
common,20,2.992480350,75,1.000000,mainnet,48,137.698625,14.500819,95.044903,316.840316,630.535578,83,0.008300000,0.991768323,50
common,20,2.992480350,75,1.000000,mainnet,49,140.253262,14.951304,97.940283,321.415457,645.986401,64,0.006400000,0.993640700,73
common,20,2.992480350,75,1.000000,mainnet,50,137.038688,14.168660,93.465698,319.917348,629.420376,83,0.008300000,0.991768323,145
common,20,2.992480350,75,1.000000,mainnet,51,137.299316,14.703555,94.090770,314.305376,655.698898,80,0.008000000,0.992063492,54
common,20,2.992480350,75,1.000000,mainnet,52,135.368414,14.328523,92.774033,311.826464,631.922709,63,0.006300000,0.993739442,98
common,20,2.992480350,75,1.000000,mainnet,53,137.851041,14.394468,94.674485,318.798606,639.405398,72,0.007200000,0.992851469,301
common,20,2.992480350,75,1.000000,mainnet,54,137.743536,14.325678,96.094604,313.485102,648.178924,68,0.006800000,0.993245928,190
common,20,2.992480350,75,1.000000,mainnet,55,137.520493,14.365572,96.547424,312.700254,650.297165,84,0.008400000,0.991669972,67
common,20,2.992480350,75,1.000000,mainnet,56,138.265157,14.823077,96.186507,320.359862,625.022795,71,0.007100000,0.992950055,134
common,20,2.992480350,75,1.000000,mainnet,57,137.735387,15.456634,95.484247,319.299716,632.739881,72,0.007200000,0.992851469,191
common,20,2.992480350,75,1.000000,mainnet,58,136.692212,14.713765,94.921320,316.876420,629.124270,70,0.007000000,0.993048659,20
common,20,2.992480350,75,1.000000,mainnet,59,135.276502,13.897684,94.064539,307.951624,630.835925,84,0.008400000,0.991669972,406
common,20,2.992480350,75,1.000000,mainnet,60,137.723471,15.143740,94.782239,322.194531,613.194640,65,0.006500000,0.993541977,154
common,20,2.992480350,75,1.000000,mainnet,61,137.218302,15.484507,95.347780,318.892876,614.230722,65,0.006500000,0.993541977,38
common,20,2.992480350,75,1.000000,mainnet,62,136.927177,14.860091,97.058272,311.052976,629.125390,69,0.006900000,0.993147284,20
common,20,2.992480350,75,1.000000,mainnet,63,136.097037,13.838712,94.641955,311.497935,618.876507,71,0.007100000,0.992950055,50
common,20,2.992480350,75,1.000000,mainnet,64,137.315400,14.363125,95.697996,313.776096,624.706601,62,0.006200000,0.993838203,134
common,20,2.992480350,75,1.000000,mainnet,65,135.883184,14.069879,93.407256,311.017001,641.913952,67,0.006700000,0.993344591,98
common,20,2.992480350,75,1.000000,mainnet,66,137.110070,14.585224,95.116298,317.979657,620.262416,75,0.007500000,0.992555831,17
common,20,2.992480350,75,1.000000,mainnet,67,138.668129,14.482768,95.734034,316.407829,642.750240,75,0.007500000,0.992555831,17
common,20,2.992480350,75,1.000000,mainnet,68,138.916217,15.097627,96.967083,323.488788,629.749708,69,0.006900000,0.993147284,179
common,20,2.992480350,75,1.000000,mainnet,69,137.738847,14.399127,96.398361,320.403031,635.206284,74,0.007400000,0.992654358,368
common,20,2.992480350,75,1.000000,mainnet,70,138.296234,14.928045,93.334363,318.985852,659.595162,56,0.005600000,0.994431185,199
common,20,2.992480350,75,1.000000,mainnet,71,137.184516,14.333719,93.610450,318.730052,633.593749,75,0.007500000,0.992555831,18
common,20,2.992480350,75,1.000000,mainnet,72,135.613926,14.117629,93.739022,315.752733,616.094267,71,0.007100000,0.992950055,343
common,20,2.992480350,75,1.000000,mainnet,73,138.093242,14.703386,95.167502,313.375517,642.151400,74,0.007400000,0.992654358,57
common,20,2.992480350,75,1.000000,mainnet,74,138.550203,15.267539,95.179102,321.764013,644.090741,71,0.007100000,0.992950055,66
common,20,2.992480350,75,1.000000,mainnet,75,138.288857,14.168256,94.146640,315.104606,670.150079,68,0.006800000,0.993245928,214
common,20,2.992480350,75,1.000000,mainnet,76,136.744066,14.885850,93.973363,315.307607,622.819569,65,0.006500000,0.993541977,129
common,20,2.992480350,75,1.000000,mainnet,77,137.095657,13.693715,95.613908,315.257799,622.959748,80,0.008000000,0.992063492,80
common,20,2.992480350,75,1.000000,mainnet,78,135.584082,14.042424,94.562766,310.371331,622.452252,59,0.005900000,0.994134606,117
common,20,2.992480350,75,1.000000,mainnet,79,138.704605,15.231188,97.453256,317.262792,638.876321,73,0.007300000,0.992752904,23
common,20,2.992480350,75,1.000000,mainnet,80,138.213500,14.435249,94.620808,321.269504,659.114337,77,0.007700000,0.992358837,41
common,20,2.992480350,75,1.000000,mainnet,81,138.831456,14.561376,98.016617,315.344488,655.779375,75,0.007500000,0.992555831,25
common,20,2.992480350,75,1.000000,mainnet,82,137.024143,14.658125,94.716363,318.776302,629.809523,69,0.006900000,0.993147284,94
common,20,2.992480350,75,1.000000,mainnet,83,138.443969,14.759403,96.365039,318.683709,621.286629,91,0.009100000,0.990982063,1271
common,20,2.992480350,75,1.000000,mainnet,84,137.818047,14.137661,95.352295,316.904083,635.688675,66,0.006600000,0.993443274,40
common,20,2.992480350,75,1.000000,mainnet,85,137.870651,14.512820,94.667033,318.093369,621.645199,68,0.006800000,0.993245928,291
common,20,2.992480350,75,1.000000,mainnet,86,137.358525,14.267622,94.963469,318.671489,621.432281,69,0.006900000,0.993147284,17
common,20,2.992480350,75,1.000000,mainnet,87,136.785977,14.069136,94.578706,312.615988,620.600835,90,0.009000000,0.991080278,349
common,20,2.992480350,75,1.000000,mainnet,88,134.790046,14.709940,95.372889,309.815289,609.164836,71,0.007100000,0.992950055,136
common,20,2.992480350,75,1.000000,mainnet,89,137.188780,14.721013,94.570098,322.441170,631.997520,87,0.008700000,0.991375037,82
common,20,2.992480350,75,1.000000,mainnet,90,136.722817,14.697302,94.822105,317.324881,630.501935,77,0.007700000,0.992358837,53
common,20,2.992480350,75,1.000000,mainnet,91,136.665438,13.838716,94.588092,318.969253,625.991266,70,0.007000000,0.993048659,17
common,20,2.992480350,75,1.000000,mainnet,92,135.121128,14.007030,92.129546,316.423102,619.181349,61,0.006100000,0.993936984,17
common,20,2.992480350,75,1.000000,mainnet,93,133.529106,14.227903,90.991360,305.822695,640.817082,63,0.006300000,0.993739442,45
common,20,2.992480350,75,1.000000,mainnet,94,138.877337,15.304120,96.821446,319.219792,619.901707,69,0.006900000,0.993147284,767
common,20,2.992480350,75,1.000000,mainnet,95,137.820649,14.659969,97.042584,317.097914,632.530000,56,0.005600000,0.994431185,394
common,20,2.992480350,75,1.000000,mainnet,96,137.597680,13.612918,94.346415,318.556262,631.304735,52,0.005200000,0.994826900,52
common,20,2.992480350,75,1.000000,mainnet,97,136.711287,14.345034,96.523473,316.796669,623.786557,63,0.006300000,0.993739442,101
common,20,2.992480350,75,1.000000,mainnet,98,136.537616,14.249911,94.959294,314.402430,627.567474,76,0.007600000,0.992457324,291
common,20,2.992480350,75,1.000000,mainnet,99,136.941253,14.213730,92.656821,321.567661,646.457674,79,0.007900000,0.992161921,342
common,20,2.992480350,75,1.000000,mainnet,100,136.858107,14.795777,94.140827,314.054568,644.225205,62,0.006200000,0.993838203,240
common,20,2.992480350,75,2.000000,mainnet,1,137.194931,14.639166,95.967297,312.562176,628.917749,140,0.014000000,0.986193294,102
common,20,2.992480350,75,2.000000,mainnet,2,136.283957,14.342881,94.066716,315.441509,622.420027,122,0.012200000,0.987947046,101
common,20,2.992480350,75,2.000000,mainnet,3,136.876781,14.324500,96.371317,312.652128,597.894220,133,0.013300000,0.986874568,94
common,20,2.992480350,75,2.000000,mainnet,4,137.152556,15.047381,95.580711,315.445165,611.898833,143,0.014300000,0.985901607,106
common,20,2.992480350,75,2.000000,mainnet,5,139.260800,14.242952,96.937791,317.513521,630.830346,143,0.014300000,0.985901607,157
common,20,2.992480350,75,2.000000,mainnet,6,136.439100,14.039591,92.847223,317.958787,616.956191,138,0.013800000,0.986387848,332
common,20,2.992480350,75,2.000000,mainnet,7,137.528959,14.761195,96.192133,316.183957,625.450374,141,0.014100000,0.986096046,36
common,20,2.992480350,75,2.000000,mainnet,8,135.528578,13.759671,95.990744,308.734068,622.259449,145,0.014500000,0.985707245,220
common,20,2.992480350,75,2.000000,mainnet,9,135.949181,14.423608,91.602737,318.484897,617.991873,143,0.014300000,0.985901607,40
common,20,2.992480350,75,2.000000,mainnet,10,137.201419,14.476922,95.616950,317.823507,624.519681,130,0.013000000,0.987166831,103
common,20,2.992480350,75,2.000000,mainnet,11,136.885193,14.658187,93.992453,314.814577,642.760209,142,0.014200000,0.985998817,104
common,20,2.992480350,75,2.000000,mainnet,12,136.601276,13.881940,93.780424,318.710725,621.924266,119,0.011900000,0.988239945,166
common,20,2.992480350,75,2.000000,mainnet,13,135.211199,13.893582,94.116872,310.757645,620.439356,152,0.015200000,0.985027581,108
common,20,2.992480350,75,2.000000,mainnet,14,138.138946,15.218017,97.788905,317.958184,632.284342,114,0.011400000,0.988728495,111
common,20,2.992480350,75,2.000000,mainnet,15,136.824565,14.650242,94.243510,311.614807,636.987462,143,0.014300000,0.985901607,30
common,20,2.992480350,75,2.000000,mainnet,16,135.482377,14.119543,95.769710,313.697212,616.729861,140,0.014000000,0.986193294,145
common,20,2.992480350,75,2.000000,mainnet,17,136.945709,14.392456,95.433050,314.144259,625.437967,149,0.014900000,0.985318751,254
common,20,2.992480350,75,2.000000,mainnet,18,138.024196,13.875304,95.330350,319.179045,638.861174,141,0.014100000,0.986096046,269
common,20,2.992480350,75,2.000000,mainnet,19,138.082001,15.011243,96.249734,316.956771,619.115338,142,0.014200000,0.985998817,157
common,20,2.992480350,75,2.000000,mainnet,20,136.538548,14.645956,94.667370,313.655000,617.867988,124,0.012400000,0.987751877,163
common,20,2.992480350,75,2.000000,mainnet,21,134.898454,13.919401,94.264325,308.643616,613.652493,159,0.015900000,0.984348853,257
common,20,2.992480350,75,2.000000,mainnet,22,136.410167,14.673878,93.984116,318.490330,628.030462,141,0.014100000,0.986096046,114
common,20,2.992480350,75,2.000000,mainnet,23,136.520269,14.980955,94.499414,315.503775,640.113789,130,0.013000000,0.987166831,100
common,20,2.992480350,75,2.000000,mainnet,24,137.985188,14.224661,96.297216,318.588674,625.945218,132,0.013200000,0.986971970,174
common,20,2.992480350,75,2.000000,mainnet,25,135.219806,13.339579,93.488592,310.029715,607.003293,132,0.013200000,0.986971970,204
common,20,2.992480350,75,2.000000,mainnet,26,137.952927,15.087463,95.106194,319.975554,613.331904,118,0.011800000,0.988337616,766
common,20,2.992480350,75,2.000000,mainnet,27,137.205248,14.035849,96.088950,316.117518,627.100741,134,0.013400000,0.986777186,20
common,20,2.992480350,75,2.000000,mainnet,28,136.596811,13.901030,93.734057,318.804081,624.094548,135,0.013500000,0.986679822,231
common,20,2.992480350,75,2.000000,mainnet,29,137.444743,14.313381,95.850279,319.234022,624.633166,145,0.014500000,0.985707245,134
common,20,2.992480350,75,2.000000,mainnet,30,138.782048,14.264877,96.029622,318.826253,628.963105,131,0.013100000,0.987069391,221
common,20,2.992480350,75,2.000000,mainnet,31,136.312467,14.456005,94.725190,318.522612,642.680709,146,0.014600000,0.985610093,102
common,20,2.992480350,75,2.000000,mainnet,32,135.870409,14.048516,95.191753,313.129215,615.185317,144,0.014400000,0.985804416,208
common,20,2.992480350,75,2.000000,mainnet,33,136.583008,15.018476,95.054948,311.327701,620.514621,126,0.012600000,0.987556785,17
common,20,2.992480350,75,2.000000,mainnet,34,134.605303,13.928384,93.701983,305.720326,625.143240,143,0.014300000,0.985901607,82
common,20,2.992480350,75,2.000000,mainnet,35,136.442545,14.748148,96.732616,310.731363,626.647968,141,0.014100000,0.986096046,24
common,20,2.992480350,75,2.000000,mainnet,36,134.270556,13.845621,92.373080,308.359818,625.331318,122,0.012200000,0.987947046,223
common,20,2.992480350,75,2.000000,mainnet,37,137.981356,14.296875,93.221360,320.248593,627.096577,142,0.014200000,0.985998817,106
common,20,2.992480350,75,2.000000,mainnet,38,136.403955,13.726957,92.950961,319.962938,627.017086,124,0.012400000,0.987751877,180
common,20,2.992480350,75,2.000000,mainnet,39,138.213003,14.957461,96.463483,318.098639,627.065827,131,0.013100000,0.987069391,216
common,20,2.992480350,75,2.000000,mainnet,40,139.617910,15.573543,97.485696,318.133068,641.313617,146,0.014600000,0.985610093,292
common,20,2.992480350,75,2.000000,mainnet,41,135.081714,14.567268,94.695481,305.841869,638.728718,144,0.014400000,0.985804416,43
common,20,2.992480350,75,2.000000,mainnet,42,139.060592,15.218255,96.517489,318.851891,646.848941,141,0.014100000,0.986096046,17
common,20,2.992480350,75,2.000000,mainnet,43,135.093101,14.089004,93.775767,315.659255,600.944790,138,0.013800000,0.986387848,56
common,20,2.992480350,75,2.000000,mainnet,44,137.747878,14.850587,96.601979,317.145324,627.504731,134,0.013400000,0.986777186,506
common,20,2.992480350,75,2.000000,mainnet,45,136.760408,14.409571,94.486917,316.154160,639.936612,150,0.015000000,0.985221675,27
common,20,2.992480350,75,2.000000,mainnet,46,135.625757,13.989937,94.037970,314.185333,629.868892,144,0.014400000,0.985804416,180
common,20,2.992480350,75,2.000000,mainnet,47,136.956444,14.119108,93.382581,317.584005,636.195504,153,0.015300000,0.984930562,371
common,20,2.992480350,75,2.000000,mainnet,48,137.552701,14.498494,95.256731,316.352895,636.099029,134,0.013400000,0.986777186,50
common,20,2.992480350,75,2.000000,mainnet,49,140.757417,15.275843,97.970129,320.947784,639.611221,131,0.013100000,0.987069391,73
common,20,2.992480350,75,2.000000,mainnet,50,137.354072,13.825947,93.328451,321.935714,623.470349,153,0.015300000,0.984930562,145
common,20,2.992480350,75,2.000000,mainnet,51,139.304926,15.030526,95.145706,318.299238,659.141196,150,0.015000000,0.985221675,205
common,20,2.992480350,75,2.000000,mainnet,52,136.008126,14.185301,93.266370,315.188702,637.349960,141,0.014100000,0.986096046,51
common,20,2.992480350,75,2.000000,mainnet,53,138.570094,14.787278,96.709078,318.557258,625.336115,138,0.013800000,0.986387848,301
common,20,2.992480350,75,2.000000,mainnet,54,137.786884,13.651617,94.881112,316.888779,648.690352,124,0.012400000,0.987751877,190
common,20,2.992480350,75,2.000000,mainnet,55,138.024625,14.252170,96.859617,315.760464,642.236032,155,0.015500000,0.984736583,166
common,20,2.992480350,75,2.000000,mainnet,56,137.044749,14.752260,95.591931,318.630682,607.104344,131,0.013100000,0.987069391,134
common,20,2.992480350,75,2.000000,mainnet,57,137.051039,15.139552,95.503870,317.851641,626.755251,137,0.013700000,0.986485153,202
common,20,2.992480350,75,2.000000,mainnet,58,136.146689,14.604150,93.986467,317.691263,630.702959,135,0.013500000,0.986679822,20
common,20,2.992480350,75,2.000000,mainnet,59,135.888005,14.041940,95.298294,310.885452,634.159777,152,0.015200000,0.985027581,404
common,20,2.992480350,75,2.000000,mainnet,60,137.787944,15.185292,95.267790,321.266734,622.846994,121,0.012100000,0.988044660,154
common,20,2.992480350,75,2.000000,mainnet,61,136.927085,15.426749,94.805307,317.105936,623.291619,133,0.013300000,0.986874568,38
common,20,2.992480350,75,2.000000,mainnet,62,135.879517,14.632848,96.125751,311.067654,626.549373,145,0.014500000,0.985707245,20
common,20,2.992480350,75,2.000000,mainnet,63,136.446743,14.098999,94.463339,312.509579,617.862516,139,0.013900000,0.986290561,48
common,20,2.992480350,75,2.000000,mainnet,64,137.493402,13.991415,95.997643,313.473901,621.470615,146,0.014600000,0.985610093,134
common,20,2.992480350,75,2.000000,mainnet,65,136.451656,14.229362,93.727214,311.005578,640.592361,130,0.013000000,0.987166831,98
common,20,2.992480350,75,2.000000,mainnet,66,137.025589,14.233394,94.470473,318.845879,616.423384,134,0.013400000,0.986777186,17
common,20,2.992480350,75,2.000000,mainnet,67,138.969595,14.154304,95.116675,317.712378,664.925250,131,0.013100000,0.987069391,17
common,20,2.992480350,75,2.000000,mainnet,68,137.582209,15.072983,96.804242,319.659083,625.704211,141,0.014100000,0.986096046,377
common,20,2.992480350,75,2.000000,mainnet,69,138.591166,14.691668,96.547663,321.485437,644.305935,134,0.013400000,0.986777186,365
common,20,2.992480350,75,2.000000,mainnet,70,137.218816,14.997845,92.722875,316.048560,659.595162,128,0.012800000,0.987361769,118
common,20,2.992480350,75,2.000000,mainnet,71,136.899670,13.863757,93.321146,317.727532,642.879405,147,0.014700000,0.985512959,18
common,20,2.992480350,75,2.000000,mainnet,72,136.478226,14.236407,94.572566,316.351625,625.825497,141,0.014100000,0.986096046,343
common,20,2.992480350,75,2.000000,mainnet,73,138.682975,14.520241,95.167502,317.896756,652.187939,148,0.014800000,0.985415845,99
common,20,2.992480350,75,2.000000,mainnet,74,139.230842,15.345929,96.504930,322.054242,642.704343,143,0.014300000,0.985901607,66
common,20,2.992480350,75,2.000000,mainnet,75,138.013041,14.304089,95.486694,315.628918,665.575469,128,0.012800000,0.987361769,214
common,20,2.992480350,75,2.000000,mainnet,76,136.995219,14.475771,94.213956,315.587758,638.134967,133,0.013300000,0.986874568,144
common,20,2.992480350,75,2.000000,mainnet,77,136.937566,13.953061,95.363168,315.120627,629.855071,156,0.015600000,0.984639622,80
common,20,2.992480350,75,2.000000,mainnet,78,137.227428,14.682646,95.608648,313.148633,635.842372,143,0.014300000,0.985901607,117
common,20,2.992480350,75,2.000000,mainnet,79,139.047073,15.376019,96.637200,320.757316,630.240991,146,0.014600000,0.985610093,23
common,20,2.992480350,75,2.000000,mainnet,80,136.979068,14.863546,94.322810,317.399929,638.295154,144,0.014400000,0.985804416,41
common,20,2.992480350,75,2.000000,mainnet,81,139.069928,14.373322,97.380229,319.319800,655.779375,140,0.014000000,0.986193294,25
common,20,2.992480350,75,2.000000,mainnet,82,137.009639,14.577923,95.489146,314.741835,631.696268,148,0.014800000,0.985415845,331
common,20,2.992480350,75,2.000000,mainnet,83,139.279617,14.796130,96.394173,320.839142,626.917816,145,0.014500000,0.985707245,874
common,20,2.992480350,75,2.000000,mainnet,84,137.635954,13.946597,95.444549,315.545697,652.901950,124,0.012400000,0.987751877,39
common,20,2.992480350,75,2.000000,mainnet,85,136.715060,14.427049,93.656423,314.735958,603.406409,158,0.015800000,0.984445757,194
common,20,2.992480350,75,2.000000,mainnet,86,137.213720,14.435158,94.803460,318.411680,621.984064,154,0.015400000,0.984833563,17
common,20,2.992480350,75,2.000000,mainnet,87,137.877884,14.400441,95.570920,315.323166,630.062332,171,0.017100000,0.983187494,283
common,20,2.992480350,75,2.000000,mainnet,88,134.786144,14.453912,95.124352,311.495526,609.164836,140,0.014000000,0.986193294,136
common,20,2.992480350,75,2.000000,mainnet,89,137.232117,14.694749,94.151761,321.731068,624.437453,157,0.015700000,0.984542680,81
common,20,2.992480350,75,2.000000,mainnet,90,137.873753,15.056326,95.788111,319.950462,624.910157,150,0.015000000,0.985221675,53
common,20,2.992480350,75,2.000000,mainnet,91,136.443476,14.345844,95.041094,315.668554,626.238611,153,0.015300000,0.984930562,17
common,20,2.992480350,75,2.000000,mainnet,92,137.097050,14.581556,94.269546,318.323427,632.602761,129,0.012900000,0.987264291,17
common,20,2.992480350,75,2.000000,mainnet,93,133.434077,14.470283,91.274656,307.497017,619.544113,126,0.012600000,0.987556785,45
common,20,2.992480350,75,2.000000,mainnet,94,139.697481,15.301545,97.380490,320.527871,630.107621,140,0.014000000,0.986193294,765
common,20,2.992480350,75,2.000000,mainnet,95,136.610783,14.916231,96.202558,311.566859,621.780146,134,0.013400000,0.986777186,354
common,20,2.992480350,75,2.000000,mainnet,96,136.630647,13.633364,93.964981,314.774657,631.175179,131,0.013100000,0.987069391,172
common,20,2.992480350,75,2.000000,mainnet,97,138.183715,14.493032,97.943929,318.423621,630.938146,125,0.012500000,0.987654321,101
common,20,2.992480350,75,2.000000,mainnet,98,136.425938,14.165651,94.480752,314.402430,617.782373,143,0.014300000,0.985901607,291
common,20,2.992480350,75,2.000000,mainnet,99,136.901585,14.383873,93.280849,320.806707,632.189201,170,0.017000000,0.983284169,341
common,20,2.992480350,75,2.000000,mainnet,100,137.115169,14.709132,93.704981,316.153966,648.093358,159,0.015900000,0.984348853,240
common,20,2.992480350,75,5.000000,mainnet,1,137.766247,14.366262,94.430193,315.674015,651.033506,346,0.034600000,0.966557124,100
common,20,2.992480350,75,5.000000,mainnet,2,137.106417,14.305100,94.874535,317.538596,614.321087,323,0.032300000,0.968710646,100
common,20,2.992480350,75,5.000000,mainnet,3,135.042813,14.091539,94.064408,311.672180,593.994078,368,0.036800000,0.964506173,90
common,20,2.992480350,75,5.000000,mainnet,4,139.279214,15.218395,97.124901,317.521081,638.070948,351,0.035100000,0.966090233,106
common,20,2.992480350,75,5.000000,mainnet,5,139.373899,14.271857,97.077439,315.461493,637.948724,374,0.037400000,0.963948332,157
common,20,2.992480350,75,5.000000,mainnet,6,136.748374,14.164181,93.930796,317.804690,620.482774,323,0.032300000,0.968710646,330
common,20,2.992480350,75,5.000000,mainnet,7,137.911428,15.052097,96.532185,316.158191,624.630555,364,0.036400000,0.964878425,46
common,20,2.992480350,75,5.000000,mainnet,8,137.081532,14.373838,95.815447,313.956909,647.040391,380,0.038000000,0.963391137,287
common,20,2.992480350,75,5.000000,mainnet,9,137.148144,14.242543,92.674371,317.682693,626.387929,383,0.038300000,0.963112781,80
common,20,2.992480350,75,5.000000,mainnet,10,135.716855,13.945343,94.600275,312.574666,617.641197,371,0.037100000,0.964227172,54
common,20,2.992480350,75,5.000000,mainnet,11,135.454000,14.561951,93.159634,312.161536,629.477034,344,0.034400000,0.966744006,103
common,20,2.992480350,75,5.000000,mainnet,12,137.274300,13.357531,95.267578,320.664722,617.884149,326,0.032600000,0.968429208,165
common,20,2.992480350,75,5.000000,mainnet,13,135.639747,14.572254,94.972718,308.669475,624.992440,347,0.034700000,0.966463709,108
common,20,2.992480350,75,5.000000,mainnet,14,136.914778,15.048474,95.941075,314.894335,632.284342,319,0.031900000,0.969086152,111
common,20,2.992480350,75,5.000000,mainnet,15,137.314536,14.890706,93.855384,315.136912,655.239181,343,0.034300000,0.966837475,30
common,20,2.992480350,75,5.000000,mainnet,16,136.354758,14.486039,95.200568,315.921500,624.623487,370,0.037000000,0.964320154,143
common,20,2.992480350,75,5.000000,mainnet,17,137.329099,14.297802,95.437610,313.446079,638.072522,323,0.032300000,0.968710646,255
common,20,2.992480350,75,5.000000,mainnet,18,139.382761,13.840390,96.702499,323.489039,653.198858,349,0.034900000,0.966276935,53
common,20,2.992480350,75,5.000000,mainnet,19,138.321571,14.587916,96.757425,316.825260,634.722906,355,0.035500000,0.965717045,69
common,20,2.992480350,75,5.000000,mainnet,20,137.095641,15.080214,95.402139,312.713380,627.522893,346,0.034600000,0.966557124,202
common,20,2.992480350,75,5.000000,mainnet,21,135.581839,13.701841,96.006028,310.428747,610.199812,364,0.036400000,0.964878425,385
common,20,2.992480350,75,5.000000,mainnet,22,137.031384,14.404683,96.058820,318.749378,622.323913,349,0.034900000,0.966276935,112
common,20,2.992480350,75,5.000000,mainnet,23,136.931486,14.980762,93.801648,317.509868,645.948132,313,0.031300000,0.969649956,100
common,20,2.992480350,75,5.000000,mainnet,24,136.840163,14.538523,94.816081,318.067202,625.492883,347,0.034700000,0.966463709,174
common,20,2.992480350,75,5.000000,mainnet,25,137.546929,14.201324,94.440706,314.636171,650.367587,339,0.033900000,0.967211529,202
common,20,2.992480350,75,5.000000,mainnet,26,138.652808,14.797189,96.359729,321.549135,616.918433,307,0.030700000,0.970214417,20
common,20,2.992480350,75,5.000000,mainnet,27,136.128792,14.035849,93.066070,313.854785,631.517461,342,0.034200000,0.966930961,20
common,20,2.992480350,75,5.000000,mainnet,28,138.001993,14.397250,96.376809,317.541927,633.462047,312,0.031200000,0.969743988,231
common,20,2.992480350,75,5.000000,mainnet,29,138.654669,14.594536,97.467337,317.441111,635.406905,352,0.035200000,0.965996909,411
common,20,2.992480350,75,5.000000,mainnet,30,139.231971,14.444487,97.017436,317.057324,628.958825,344,0.034400000,0.966744006,221
common,20,2.992480350,75,5.000000,mainnet,31,137.859001,14.247525,95.552403,320.098537,652.054029,327,0.032700000,0.968335431,871
common,20,2.992480350,75,5.000000,mainnet,32,134.239404,13.340349,93.067176,313.433896,605.430374,356,0.035600000,0.965623793,17
common,20,2.992480350,75,5.000000,mainnet,33,136.739072,14.170132,94.256731,313.757945,626.334274,349,0.034900000,0.966276935,17
common,20,2.992480350,75,5.000000,mainnet,34,135.652269,14.760389,94.219832,307.156938,620.173142,346,0.034600000,0.966557124,30
common,20,2.992480350,75,5.000000,mainnet,35,136.079524,14.403170,95.934215,311.255473,628.723905,371,0.037100000,0.964227172,132
common,20,2.992480350,75,5.000000,mainnet,36,134.937100,13.812391,93.808230,310.388662,625.331318,326,0.032600000,0.968429208,220
common,20,2.992480350,75,5.000000,mainnet,37,136.241902,14.262968,93.015402,315.854058,627.096577,340,0.034000000,0.967117988,105
common,20,2.992480350,75,5.000000,mainnet,38,135.919152,13.817606,93.107232,318.464701,622.832541,347,0.034700000,0.966463709,99
common,20,2.992480350,75,5.000000,mainnet,39,138.052639,14.741847,95.865891,318.982209,637.372281,349,0.034900000,0.966276935,215
common,20,2.992480350,75,5.000000,mainnet,40,137.828425,15.095572,96.786784,316.654913,643.464664,368,0.036800000,0.964506173,288
common,20,2.992480350,75,5.000000,mainnet,41,136.551538,14.693612,95.429745,314.152835,632.352056,332,0.033200000,0.967866822,227
common,20,2.992480350,75,5.000000,mainnet,42,138.874958,14.825475,95.291459,320.122062,646.939988,349,0.034900000,0.966276935,17
common,20,2.992480350,75,5.000000,mainnet,43,134.995355,13.897118,93.668562,314.659031,600.435277,351,0.035100000,0.966090233,117
common,20,2.992480350,75,5.000000,mainnet,44,138.131767,14.948883,95.671560,319.576632,636.546520,347,0.034700000,0.966463709,50
common,20,2.992480350,75,5.000000,mainnet,45,135.427471,14.187159,93.312278,314.891700,632.044578,367,0.036700000,0.964599209,27
common,20,2.992480350,75,5.000000,mainnet,46,136.944430,14.121860,95.580206,316.350653,613.587379,349,0.034900000,0.966276935,270
common,20,2.992480350,75,5.000000,mainnet,47,137.458973,14.169774,94.240396,319.394814,637.365518,344,0.034400000,0.966744006,368
common,20,2.992480350,75,5.000000,mainnet,48,137.432185,14.414030,95.204370,315.188629,636.099029,376,0.037600000,0.963762529,45
common,20,2.992480350,75,5.000000,mainnet,49,140.459144,15.064439,97.115528,327.278485,636.295042,369,0.036900000,0.964413155,72
common,20,2.992480350,75,5.000000,mainnet,50,137.233606,14.220626,93.800853,320.209724,633.140044,364,0.036400000,0.964878425,147
common,20,2.992480350,75,5.000000,mainnet,51,140.402319,15.242067,96.385227,318.887448,659.141196,319,0.031900000,0.969086152,54
common,20,2.992480350,75,5.000000,mainnet,52,135.919388,13.943698,93.606823,314.783493,639.221442,324,0.032400000,0.968616815,51
common,20,2.992480350,75,5.000000,mainnet,53,137.133157,14.518775,95.629617,316.717147,620.124980,367,0.036700000,0.964599209,267
common,20,2.992480350,75,5.000000,mainnet,54,137.657637,13.929280,96.183007,314.624862,644.019367,345,0.034500000,0.966650556,233
common,20,2.992480350,75,5.000000,mainnet,55,136.517969,14.060464,94.728551,312.839747,642.236032,360,0.036000000,0.965250965,212
common,20,2.992480350,75,5.000000,mainnet,56,134.320727,14.488094,93.655837,311.837656,592.102105,354,0.035400000,0.965810315,147
common,20,2.992480350,75,5.000000,mainnet,57,136.352862,14.917573,94.581969,316.945586,631.965088,369,0.036900000,0.964413155,190
common,20,2.992480350,75,5.000000,mainnet,58,135.663861,14.861448,93.857745,312.507831,630.702959,323,0.032300000,0.968710646,17
common,20,2.992480350,75,5.000000,mainnet,59,137.386764,14.744255,95.744819,312.651886,638.176078,346,0.034600000,0.966557124,398
common,20,2.992480350,75,5.000000,mainnet,60,138.078367,15.279762,95.591874,322.230423,614.317311,320,0.032000000,0.968992248,190
common,20,2.992480350,75,5.000000,mainnet,61,135.636019,15.443273,93.030101,314.354171,618.589357,345,0.034500000,0.966650556,38
common,20,2.992480350,75,5.000000,mainnet,62,136.421280,15.050296,96.624399,310.422761,626.549373,337,0.033700000,0.967398665,20
common,20,2.992480350,75,5.000000,mainnet,63,137.660475,13.838712,93.826471,315.644843,633.550666,335,0.033500000,0.967585873,48
common,20,2.992480350,75,5.000000,mainnet,64,138.327740,13.959180,96.594880,318.179234,637.201828,376,0.037600000,0.963762529,17
common,20,2.992480350,75,5.000000,mainnet,65,134.469515,13.551379,92.818463,306.015464,629.155874,355,0.035500000,0.965717045,98
common,20,2.992480350,75,5.000000,mainnet,66,138.407490,14.467967,94.910890,326.372887,610.344733,352,0.035200000,0.965996909,17
common,20,2.992480350,75,5.000000,mainnet,67,137.531187,14.064634,94.509992,315.104779,657.585054,326,0.032600000,0.968429208,252
common,20,2.992480350,75,5.000000,mainnet,68,138.281972,14.766599,96.923245,319.117069,629.749708,355,0.035500000,0.965717045,175
common,20,2.992480350,75,5.000000,mainnet,69,140.527326,14.362749,97.251386,327.171918,657.226195,335,0.033500000,0.967585873,249
common,20,2.992480350,75,5.000000,mainnet,70,136.879547,14.621688,92.411322,313.982864,666.130474,331,0.033100000,0.967960507,87
common,20,2.992480350,75,5.000000,mainnet,71,136.860318,14.334910,93.609887,319.260903,634.209762,343,0.034300000,0.966837475,18
common,20,2.992480350,75,5.000000,mainnet,72,138.134574,14.422735,97.252011,317.655605,635.508292,296,0.029600000,0.971250971,114
common,20,2.992480350,75,5.000000,mainnet,73,138.534075,14.986876,95.164937,316.666964,635.503373,354,0.035400000,0.965810315,57
common,20,2.992480350,75,5.000000,mainnet,74,139.889454,15.096925,96.702255,323.697370,645.356623,380,0.038000000,0.963391137,194
common,20,2.992480350,75,5.000000,mainnet,75,136.278065,14.245972,93.568070,313.165932,616.225328,315,0.031500000,0.969461949,56
common,20,2.992480350,75,5.000000,mainnet,76,136.386985,14.360321,94.245697,317.216706,624.650381,348,0.034800000,0.966370313,98
common,20,2.992480350,75,5.000000,mainnet,77,135.622525,13.828785,94.255961,311.045500,626.063321,370,0.037000000,0.964320154,79
common,20,2.992480350,75,5.000000,mainnet,78,136.945183,14.437942,95.776365,312.123911,622.190738,339,0.033900000,0.967211529,117
common,20,2.992480350,75,5.000000,mainnet,79,138.867161,15.314081,96.843207,319.535483,628.410368,384,0.038400000,0.963020031,350
common,20,2.992480350,75,5.000000,mainnet,80,135.808344,14.398453,93.701801,314.687668,631.218900,366,0.036600000,0.964692263,41
common,20,2.992480350,75,5.000000,mainnet,81,137.363599,14.466016,95.995713,313.636169,624.617762,342,0.034200000,0.966930961,25
common,20,2.992480350,75,5.000000,mainnet,82,137.994893,14.577923,94.494447,320.764017,640.994191,323,0.032300000,0.968710646,57
common,20,2.992480350,75,5.000000,mainnet,83,139.750836,14.960515,96.561278,319.942644,643.340612,353,0.035300000,0.965903603,465
common,20,2.992480350,75,5.000000,mainnet,84,137.039545,13.493625,93.744637,314.030877,662.652285,330,0.033000000,0.968054211,123
common,20,2.992480350,75,5.000000,mainnet,85,135.146440,14.000523,93.075444,311.072384,591.720250,374,0.037400000,0.963948332,192
common,20,2.992480350,75,5.000000,mainnet,86,136.789646,13.997350,93.717488,316.800215,621.984064,366,0.036600000,0.964692263,17
common,20,2.992480350,75,5.000000,mainnet,87,137.466361,13.992825,94.714303,318.371974,628.586986,355,0.035500000,0.965717045,342
common,20,2.992480350,75,5.000000,mainnet,88,135.439612,14.602405,94.870747,311.880879,619.781365,327,0.032700000,0.968335431,133
common,20,2.992480350,75,5.000000,mainnet,89,137.152665,14.371991,93.929107,322.662807,661.537949,343,0.034300000,0.966837475,340
common,20,2.992480350,75,5.000000,mainnet,90,137.651190,14.682478,95.885014,319.425271,626.518182,346,0.034600000,0.966557124,53
common,20,2.992480350,75,5.000000,mainnet,91,136.628767,14.155953,93.934611,318.145292,646.179050,358,0.035800000,0.965437343,17
common,20,2.992480350,75,5.000000,mainnet,92,135.484829,14.011880,92.626647,313.335465,632.602761,328,0.032800000,0.968241673,17
common,20,2.992480350,75,5.000000,mainnet,93,132.986575,14.206100,90.885431,306.222616,617.794714,349,0.034900000,0.966276935,45
common,20,2.992480350,75,5.000000,mainnet,94,138.804866,14.829120,97.105555,317.582908,631.318177,351,0.035100000,0.966090233,160
common,20,2.992480350,75,5.000000,mainnet,95,136.245004,14.844124,95.361684,314.152910,613.220857,358,0.035800000,0.965437343,160
common,20,2.992480350,75,5.000000,mainnet,96,136.775145,13.182924,93.438168,316.024685,626.459521,359,0.035900000,0.965344145,473
common,20,2.992480350,75,5.000000,mainnet,97,137.667411,14.306979,97.349340,319.775434,609.680561,320,0.032000000,0.968992248,101
common,20,2.992480350,75,5.000000,mainnet,98,137.092470,14.334732,93.906813,316.440393,629.021635,339,0.033900000,0.967211529,289
common,20,2.992480350,75,5.000000,mainnet,99,138.162073,14.769751,94.680117,320.163412,638.194643,351,0.035100000,0.966090233,207
common,20,2.992480350,75,5.000000,mainnet,100,135.686821,14.705690,94.812787,309.824218,635.026884,352,0.035200000,0.965996909,238
common,20,2.992480350,75,10.000000,mainnet,1,137.771277,14.959205,95.626699,314.062541,618.617369,716,0.071600000,0.933184024,99
common,20,2.992480350,75,10.000000,mainnet,2,137.980195,14.097517,94.184856,321.109372,636.539739,660,0.066000000,0.938086304,103
common,20,2.992480350,75,10.000000,mainnet,3,134.501614,14.438905,94.238086,307.991496,593.996142,688,0.068800000,0.935628743,55
common,20,2.992480350,75,10.000000,mainnet,4,137.463549,14.932558,97.164828,310.387204,614.502093,690,0.069000000,0.935453695,52
common,20,2.992480350,75,10.000000,mainnet,5,137.545297,13.759235,95.609877,317.626417,634.421894,755,0.075500000,0.929800093,101
common,20,2.992480350,75,10.000000,mainnet,6,135.934525,14.039591,94.307266,314.482213,615.333508,679,0.067900000,0.936417268,532
common,20,2.992480350,75,10.000000,mainnet,7,137.819434,15.372107,96.497148,316.793880,616.879488,713,0.071300000,0.933445347,45
common,20,2.992480350,75,10.000000,mainnet,8,137.632462,13.946643,96.582042,315.445618,649.054071,696,0.069600000,0.934928945,69
common,20,2.992480350,75,10.000000,mainnet,9,135.902575,14.113384,92.187996,315.205623,616.332545,717,0.071700000,0.933096949,169
common,20,2.992480350,75,10.000000,mainnet,10,136.704290,13.733013,95.711290,315.091949,623.044959,704,0.070400000,0.934230194,252
common,20,2.992480350,75,10.000000,mainnet,11,134.303454,14.276888,92.545331,307.334014,617.103289,724,0.072400000,0.932487878,102
common,20,2.992480350,75,10.000000,mainnet,12,138.151313,13.504563,95.210751,323.313945,625.101446,679,0.067900000,0.936417268,123
common,20,2.992480350,75,10.000000,mainnet,13,135.812145,14.729744,95.962543,309.767985,621.780286,721,0.072100000,0.932748811,98
common,20,2.992480350,75,10.000000,mainnet,14,136.922158,15.106073,95.268260,315.435091,626.868934,653,0.065300000,0.938702713,111
common,20,2.992480350,75,10.000000,mainnet,15,136.641516,14.731025,92.695768,317.705611,655.239181,688,0.068800000,0.935628743,31
common,20,2.992480350,75,10.000000,mainnet,16,135.974372,14.124864,93.444364,316.760386,632.555089,732,0.073200000,0.931792769,140
common,20,2.992480350,75,10.000000,mainnet,17,137.866527,14.243761,96.642075,314.278347,632.968795,660,0.066000000,0.938086304,252
common,20,2.992480350,75,10.000000,mainnet,18,140.488086,13.815932,97.297377,324.399844,659.015053,701,0.070100000,0.934492104,289
common,20,2.992480350,75,10.000000,mainnet,19,137.798003,14.297369,97.762746,312.461259,616.625231,709,0.070900000,0.933794005,56
common,20,2.992480350,75,10.000000,mainnet,20,135.876774,15.297232,94.284360,308.255890,625.673976,676,0.067600000,0.936680405,200
common,20,2.992480350,75,10.000000,mainnet,21,135.500666,14.103860,95.896569,311.812464,613.572118,705,0.070500000,0.934142924,456
common,20,2.992480350,75,10.000000,mainnet,22,135.531671,14.517671,93.629080,317.778702,622.323913,738,0.073800000,0.931272118,181
common,20,2.992480350,75,10.000000,mainnet,23,136.935678,14.153768,93.513115,318.898207,652.881536,669,0.066900000,0.937294967,97
common,20,2.992480350,75,10.000000,mainnet,24,136.726871,14.616793,95.722594,314.985662,626.450295,657,0.065700000,0.938350380,137
common,20,2.992480350,75,10.000000,mainnet,25,137.151821,14.251835,95.351077,312.212710,644.793659,648,0.064800000,0.939143501,97
common,20,2.992480350,75,10.000000,mainnet,26,136.275352,14.875429,93.604988,317.363927,619.820191,653,0.065300000,0.938702713,20
common,20,2.992480350,75,10.000000,mainnet,27,137.933242,14.055850,95.142693,320.116528,632.965888,660,0.066000000,0.938086304,20
common,20,2.992480350,75,10.000000,mainnet,28,137.436447,14.498965,95.784991,319.047170,630.146054,672,0.067200000,0.937031484,230
common,20,2.992480350,75,10.000000,mainnet,29,136.305848,14.207061,95.102464,317.909379,626.202658,713,0.071300000,0.933445347,426
common,20,2.992480350,75,10.000000,mainnet,30,139.991724,14.634686,98.027717,319.249029,633.687314,692,0.069200000,0.935278713,220
common,20,2.992480350,75,10.000000,mainnet,31,139.858068,14.841137,96.495210,325.820769,665.613403,662,0.066200000,0.937910336,682
common,20,2.992480350,75,10.000000,mainnet,32,136.164057,13.644146,94.340176,314.288508,608.268272,693,0.069300000,0.935191247,17
common,20,2.992480350,75,10.000000,mainnet,33,137.349556,14.386819,93.970951,316.242505,634.706725,680,0.068000000,0.936329588,17
common,20,2.992480350,75,10.000000,mainnet,34,135.992964,14.458667,94.685998,308.452861,617.389659,673,0.067300000,0.936943690,30
common,20,2.992480350,75,10.000000,mainnet,35,136.068549,14.510823,96.198188,312.830940,632.899227,702,0.070200000,0.934404784,131
common,20,2.992480350,75,10.000000,mainnet,36,135.627950,13.853248,94.099802,310.665719,627.741449,690,0.069000000,0.935453695,219
common,20,2.992480350,75,10.000000,mainnet,37,135.689548,14.871790,92.964439,311.396950,623.869878,730,0.073000000,0.931966449,94
common,20,2.992480350,75,10.000000,mainnet,38,136.537597,14.046464,93.482798,319.825545,635.923744,664,0.066400000,0.937734434,94
common,20,2.992480350,75,10.000000,mainnet,39,136.841405,14.125824,95.037188,315.526193,619.465784,715,0.071500000,0.933271115,211
common,20,2.992480350,75,10.000000,mainnet,40,135.521964,14.969970,95.810455,312.247804,608.905326,741,0.074100000,0.931012010,284
common,20,2.992480350,75,10.000000,mainnet,41,135.834450,14.567573,94.394915,310.919409,633.505819,683,0.068300000,0.936066648,151
common,20,2.992480350,75,10.000000,mainnet,42,138.117667,14.195094,95.662813,319.708224,645.001133,682,0.068200000,0.936154278,17
common,20,2.992480350,75,10.000000,mainnet,43,134.749849,13.625382,92.737892,316.615801,604.569842,661,0.066100000,0.937998312,117
common,20,2.992480350,75,10.000000,mainnet,44,138.128274,15.202420,96.251792,319.576632,626.886529,697,0.069700000,0.934841544,48
common,20,2.992480350,75,10.000000,mainnet,45,136.762601,14.187159,94.387101,318.030759,638.435424,730,0.073000000,0.931966449,27
common,20,2.992480350,75,10.000000,mainnet,46,136.409187,14.342173,95.074289,311.587765,638.384159,707,0.070700000,0.933968432,32
common,20,2.992480350,75,10.000000,mainnet,47,138.396072,14.461352,95.255693,318.218814,636.580122,701,0.070100000,0.934492104,655
common,20,2.992480350,75,10.000000,mainnet,48,137.377697,14.785640,94.868636,313.766252,635.487891,719,0.071900000,0.932922847,46
common,20,2.992480350,75,10.000000,mainnet,49,140.398487,15.070396,97.043698,325.474524,635.688851,681,0.068100000,0.936241925,75
common,20,2.992480350,75,10.000000,mainnet,50,137.232098,13.922487,95.223793,318.248007,643.775117,668,0.066800000,0.937382827,144
common,20,2.992480350,75,10.000000,mainnet,51,139.060733,14.797118,95.473647,317.341896,651.972475,719,0.071900000,0.932922847,39
common,20,2.992480350,75,10.000000,mainnet,52,137.011908,14.377268,95.820213,314.217048,640.354987,649,0.064900000,0.939055310,735
common,20,2.992480350,75,10.000000,mainnet,53,139.035704,14.829707,98.169666,318.557258,631.514876,693,0.069300000,0.935191247,63
common,20,2.992480350,75,10.000000,mainnet,54,138.555391,14.267987,96.168208,320.171820,634.114385,711,0.071100000,0.933619643,182
common,20,2.992480350,75,10.000000,mainnet,55,136.447739,14.422257,95.849224,311.266745,633.758976,721,0.072100000,0.932748811,65
common,20,2.992480350,75,10.000000,mainnet,56,135.183405,14.213090,93.950141,314.855454,594.697478,713,0.071300000,0.933445347,98
common,20,2.992480350,75,10.000000,mainnet,57,136.270836,14.400252,94.404175,316.526891,631.965088,697,0.069700000,0.934841544,108
common,20,2.992480350,75,10.000000,mainnet,58,136.789194,14.321609,94.161785,316.750145,633.109627,684,0.068400000,0.935979034,17
common,20,2.992480350,75,10.000000,mainnet,59,137.323151,14.574312,94.084440,312.864386,649.930061,722,0.072200000,0.932661817,217
common,20,2.992480350,75,10.000000,mainnet,60,138.608734,14.986124,95.196745,321.525749,627.127074,669,0.066900000,0.937294967,189
common,20,2.992480350,75,10.000000,mainnet,61,135.931453,15.042235,94.105846,314.642915,616.957243,721,0.072100000,0.932748811,98
common,20,2.992480350,75,10.000000,mainnet,62,136.612382,14.407012,96.581685,311.119953,625.629774,673,0.067300000,0.936943690,20
common,20,2.992480350,75,10.000000,mainnet,63,137.442734,14.250855,94.005718,315.496329,624.031384,665,0.066500000,0.937646507,48
common,20,2.992480350,75,10.000000,mainnet,64,139.828688,14.671766,97.294511,321.826452,638.877861,725,0.072500000,0.932400932,205
common,20,2.992480350,75,10.000000,mainnet,65,135.529576,13.580049,93.649875,308.529063,647.133582,670,0.067000000,0.937207123,97
common,20,2.992480350,75,10.000000,mainnet,66,137.440848,14.215982,94.375370,320.360681,610.344733,678,0.067800000,0.936504963,195
common,20,2.992480350,75,10.000000,mainnet,67,138.652753,13.754609,95.116675,316.219894,653.174918,644,0.064400000,0.939496430,182
common,20,2.992480350,75,10.000000,mainnet,68,139.249200,14.911835,97.372124,322.218131,629.749708,714,0.071400000,0.933358223,55
common,20,2.992480350,75,10.000000,mainnet,69,139.544792,14.362749,96.498675,321.733177,649.399905,677,0.067700000,0.936592676,805
common,20,2.992480350,75,10.000000,mainnet,70,135.716055,14.515386,92.679368,313.777443,649.491771,715,0.071500000,0.933271115,85
common,20,2.992480350,75,10.000000,mainnet,71,136.904331,13.832411,94.797434,317.650926,630.830517,678,0.067800000,0.936504963,17
common,20,2.992480350,75,10.000000,mainnet,72,138.469404,14.430258,97.279582,320.319658,636.617959,669,0.066900000,0.937294967,342
common,20,2.992480350,75,10.000000,mainnet,73,136.785870,15.252835,94.406198,310.139622,651.088155,705,0.070500000,0.934142924,54
common,20,2.992480350,75,10.000000,mainnet,74,139.337333,14.941016,95.480446,322.974333,642.704343,716,0.071600000,0.933184024,175
common,20,2.992480350,75,10.000000,mainnet,75,137.926508,14.676138,94.699137,313.211142,636.763631,663,0.066300000,0.937822376,54
common,20,2.992480350,75,10.000000,mainnet,76,136.990470,13.775472,95.379385,316.536408,620.111747,682,0.068200000,0.936154278,97
common,20,2.992480350,75,10.000000,mainnet,77,136.483645,14.035611,95.737609,311.572914,623.650361,709,0.070900000,0.933794005,108
common,20,2.992480350,75,10.000000,mainnet,78,136.500587,14.436257,95.608648,312.368641,620.166635,676,0.067600000,0.936680405,147
common,20,2.992480350,75,10.000000,mainnet,79,138.443414,15.066682,96.752200,319.794907,630.678410,706,0.070600000,0.934055670,365
common,20,2.992480350,75,10.000000,mainnet,80,136.221259,13.958522,94.819954,314.226699,638.460888,674,0.067400000,0.936855912,40
common,20,2.992480350,75,10.000000,mainnet,81,135.222860,13.825481,94.260243,310.576072,620.749765,693,0.069300000,0.935191247,25
common,20,2.992480350,75,10.000000,mainnet,82,138.100171,14.652426,94.425731,320.273263,638.613219,677,0.067700000,0.936592676,59
common,20,2.992480350,75,10.000000,mainnet,83,138.021731,15.417333,95.933386,316.749012,614.940796,702,0.070200000,0.934404784,457
common,20,2.992480350,75,10.000000,mainnet,84,138.409661,14.286906,94.530959,315.932068,660.532714,661,0.066100000,0.937998312,123
common,20,2.992480350,75,10.000000,mainnet,85,134.759703,14.207334,92.201629,311.494317,604.933894,722,0.072200000,0.932661817,235
common,20,2.992480350,75,10.000000,mainnet,86,138.051195,14.651124,95.274269,317.538374,628.485654,694,0.069400000,0.935103797,17
common,20,2.992480350,75,10.000000,mainnet,87,137.125463,14.268081,95.426212,315.323166,628.929307,705,0.070500000,0.934142924,278
common,20,2.992480350,75,10.000000,mainnet,88,134.789190,14.629328,94.286676,308.302653,614.533450,673,0.067300000,0.936943690,149
common,20,2.992480350,75,10.000000,mainnet,89,137.497283,14.049748,93.522282,324.487533,664.601660,684,0.068400000,0.935979034,334
common,20,2.992480350,75,10.000000,mainnet,90,138.901618,14.536513,95.762050,322.101485,644.351178,671,0.067100000,0.937119295,129
common,20,2.992480350,75,10.000000,mainnet,91,137.328353,14.315069,94.037134,317.872543,647.905342,671,0.067100000,0.937119295,17
common,20,2.992480350,75,10.000000,mainnet,92,133.727362,14.011880,91.869563,310.165563,627.008970,711,0.071100000,0.933619643,59
common,20,2.992480350,75,10.000000,mainnet,93,134.563311,14.462740,92.656098,312.011077,614.368346,659,0.065900000,0.938174313,73
common,20,2.992480350,75,10.000000,mainnet,94,138.700879,14.651349,96.633248,318.737982,629.691241,708,0.070800000,0.933881210,183
common,20,2.992480350,75,10.000000,mainnet,95,138.223650,14.678933,96.895702,318.007124,629.001317,673,0.067300000,0.936943690,159
common,20,2.992480350,75,10.000000,mainnet,96,138.780373,13.620366,96.106847,317.539594,633.360286,752,0.075200000,0.930059524,344
common,20,2.992480350,75,10.000000,mainnet,97,136.976510,14.253087,95.976656,316.720034,611.894985,705,0.070500000,0.934142924,96
common,20,2.992480350,75,10.000000,mainnet,98,136.737064,14.136427,95.261328,314.597639,615.789664,684,0.068400000,0.935979034,284
common,20,2.992480350,75,10.000000,mainnet,99,135.766437,14.120596,93.791843,314.642059,635.826968,703,0.070300000,0.934317481,265
common,20,2.992480350,75,10.000000,mainnet,100,134.612728,14.532351,93.970606,305.540355,608.273690,702,0.070200000,0.934404784,144
common,40,2.992480350,75,0.500000,mainnet,1,137.430238,14.614835,94.443666,316.944316,623.399883,33,0.003300000,0.996710854,146
common,40,2.992480350,75,0.500000,mainnet,2,136.473069,14.577171,92.975593,316.386385,624.192395,37,0.003700000,0.996313640,102
common,40,2.992480350,75,0.500000,mainnet,3,137.033303,14.391207,96.122687,315.618015,594.068478,31,0.003100000,0.996909580,56
common,40,2.992480350,75,0.500000,mainnet,4,137.182923,14.669588,96.319241,315.977508,612.977443,34,0.003400000,0.996611521,72
common,40,2.992480350,75,0.500000,mainnet,5,138.625295,14.355342,95.786208,315.695989,624.462558,35,0.003500000,0.996512207,157
common,40,2.992480350,75,0.500000,mainnet,6,136.605235,14.292495,94.461387,316.111427,608.394795,34,0.003400000,0.996611521,332
common,40,2.992480350,75,0.500000,mainnet,7,137.932118,14.995091,95.837672,316.772006,632.196197,20,0.002000000,0.998003992,36
common,40,2.992480350,75,0.500000,mainnet,8,136.023450,14.079474,95.322991,310.578931,623.394498,39,0.003900000,0.996115151,221
common,40,2.992480350,75,0.500000,mainnet,9,136.964480,14.820708,91.538976,319.713624,632.605404,33,0.003300000,0.996710854,40
common,40,2.992480350,75,0.500000,mainnet,10,136.905313,13.945385,95.183615,312.913598,628.940667,32,0.003200000,0.996810207,55
common,40,2.992480350,75,0.500000,mainnet,11,135.473950,14.237462,93.226318,311.664942,644.515970,45,0.004500000,0.995520159,104
common,40,2.992480350,75,0.500000,mainnet,12,138.222695,14.192126,95.079340,321.945602,629.940348,36,0.003600000,0.996412914,166
common,40,2.992480350,75,0.500000,mainnet,13,134.887613,13.781474,93.280443,311.175075,621.460266,42,0.004200000,0.995817566,108
common,40,2.992480350,75,0.500000,mainnet,14,136.577453,14.970005,95.686603,314.807621,633.481366,37,0.003700000,0.996313640,112
common,40,2.992480350,75,0.500000,mainnet,15,136.776882,14.908159,93.960578,312.060446,625.969310,52,0.005200000,0.994826900,30
common,40,2.992480350,75,0.500000,mainnet,16,138.686317,14.515608,98.271960,321.365180,628.215041,33,0.003300000,0.996710854,146
common,40,2.992480350,75,0.500000,mainnet,17,135.355103,14.374674,94.601684,310.261147,613.779924,43,0.004300000,0.995718411,254
common,40,2.992480350,75,0.500000,mainnet,18,137.651418,13.886289,95.426295,318.608786,638.861174,25,0.002500000,0.997506234,297
common,40,2.992480350,75,0.500000,mainnet,19,137.293861,14.645480,95.010264,316.490338,633.646489,25,0.002500000,0.997506234,69
common,40,2.992480350,75,0.500000,mainnet,20,137.519985,14.824349,96.663390,310.660954,615.953271,36,0.003600000,0.996412914,163
common,40,2.992480350,75,0.500000,mainnet,21,135.547783,13.744317,94.069573,311.321731,609.848070,37,0.003700000,0.996313640,392
common,40,2.992480350,75,0.500000,mainnet,22,135.922141,14.375944,92.796464,315.813261,628.780041,28,0.002800000,0.997207818,114
common,40,2.992480350,75,0.500000,mainnet,23,137.991208,15.356455,96.414217,316.895416,648.286676,30,0.003000000,0.997008973,83
common,40,2.992480350,75,0.500000,mainnet,24,137.189225,14.379563,94.781101,318.682879,625.945218,44,0.004400000,0.995619275,143
common,40,2.992480350,75,0.500000,mainnet,25,136.094993,14.079904,93.882229,311.846824,607.003293,29,0.002900000,0.997108386,206
common,40,2.992480350,75,0.500000,mainnet,26,137.685811,14.646462,95.249821,317.930606,613.823941,35,0.003500000,0.996512207,490
common,40,2.992480350,75,0.500000,mainnet,27,137.592823,14.165551,95.470661,318.346985,615.108304,36,0.003600000,0.996412914,20
common,40,2.992480350,75,0.500000,mainnet,28,136.546971,14.056384,94.487139,318.504852,617.079527,28,0.002800000,0.997207818,125
common,40,2.992480350,75,0.500000,mainnet,29,136.586219,14.364618,94.856952,317.909379,619.408384,41,0.004100000,0.995916741,134
common,40,2.992480350,75,0.500000,mainnet,30,140.611008,14.529683,97.813818,321.177971,638.457745,37,0.003700000,0.996313640,218
common,40,2.992480350,75,0.500000,mainnet,31,137.295660,14.476724,95.045328,322.420939,641.008858,40,0.004000000,0.996015936,102
common,40,2.992480350,75,0.500000,mainnet,32,134.516398,13.629596,93.745989,311.708521,596.943300,39,0.003900000,0.996115151,208
common,40,2.992480350,75,0.500000,mainnet,33,137.372003,15.116317,93.968377,317.505795,626.088330,35,0.003500000,0.996512207,17
common,40,2.992480350,75,0.500000,mainnet,34,134.462475,14.276279,93.280432,307.156938,623.934470,33,0.003300000,0.996710854,82
common,40,2.992480350,75,0.500000,mainnet,35,138.459886,15.121292,97.337416,317.370819,638.078953,32,0.003200000,0.996810207,24
common,40,2.992480350,75,0.500000,mainnet,36,133.980035,13.870217,93.169373,305.985048,628.986881,41,0.004100000,0.995916741,36
common,40,2.992480350,75,0.500000,mainnet,37,138.325183,14.669631,95.072411,320.339238,638.177855,33,0.003300000,0.996710854,106
common,40,2.992480350,75,0.500000,mainnet,38,137.714430,13.823952,95.182036,320.340788,627.394601,32,0.003200000,0.996810207,140
common,40,2.992480350,75,0.500000,mainnet,39,138.317198,14.984854,96.447521,320.241059,624.479370,29,0.002900000,0.997108386,351
common,40,2.992480350,75,0.500000,mainnet,40,137.909915,14.876244,95.626592,316.381993,634.127678,35,0.003500000,0.996512207,294
common,40,2.992480350,75,0.500000,mainnet,41,135.867236,14.748175,95.219708,309.098130,643.161868,45,0.004500000,0.995520159,43
common,40,2.992480350,75,0.500000,mainnet,42,138.325697,14.721103,95.254861,318.964456,644.560838,38,0.003800000,0.996214385,17
common,40,2.992480350,75,0.500000,mainnet,43,136.090954,14.482413,95.126253,316.819188,606.768115,38,0.003800000,0.996214385,56
common,40,2.992480350,75,0.500000,mainnet,44,137.578424,14.819074,95.855438,314.691331,650.014915,32,0.003200000,0.996810207,63
common,40,2.992480350,75,0.500000,mainnet,45,136.004642,14.163924,94.029077,316.945371,638.669836,38,0.003800000,0.996214385,27
common,40,2.992480350,75,0.500000,mainnet,46,137.572904,13.874212,94.460601,317.222273,648.628358,39,0.003900000,0.996115151,180
common,40,2.992480350,75,0.500000,mainnet,47,136.530596,14.444223,93.270224,318.383285,627.568550,46,0.004600000,0.995421063,374
common,40,2.992480350,75,0.500000,mainnet,48,137.462543,14.347982,95.224497,316.840316,630.501510,46,0.004600000,0.995421063,48
common,40,2.992480350,75,0.500000,mainnet,49,139.614765,15.233822,97.291064,318.631046,639.611221,33,0.003300000,0.996710854,73
common,40,2.992480350,75,0.500000,mainnet,50,136.301415,13.920463,93.944038,315.184785,634.193661,32,0.003200000,0.996810207,145
common,40,2.992480350,75,0.500000,mainnet,51,137.844047,14.827539,93.715449,316.916054,662.412742,40,0.004000000,0.996015936,54
common,40,2.992480350,75,0.500000,mainnet,52,136.048477,14.448216,93.556648,312.417617,636.085050,33,0.003300000,0.996710854,98
common,40,2.992480350,75,0.500000,mainnet,53,137.875990,14.640051,94.555784,318.590459,628.606396,39,0.003900000,0.996115151,91
common,40,2.992480350,75,0.500000,mainnet,54,137.338250,14.255029,96.094604,312.229090,635.318345,42,0.004200000,0.995817566,190
common,40,2.992480350,75,0.500000,mainnet,55,136.115321,14.522341,95.836812,309.384807,640.032139,36,0.003600000,0.996412914,67
common,40,2.992480350,75,0.500000,mainnet,56,137.474255,14.710020,96.057593,317.333125,620.099239,36,0.003600000,0.996412914,134
common,40,2.992480350,75,0.500000,mainnet,57,135.974117,14.857103,94.971131,312.049015,624.693405,36,0.003600000,0.996412914,191
common,40,2.992480350,75,0.500000,mainnet,58,137.414524,14.897405,96.256447,316.908308,630.458081,39,0.003900000,0.996115151,20
common,40,2.992480350,75,0.500000,mainnet,59,135.579532,13.654306,94.360144,309.997043,641.270836,41,0.004100000,0.995916741,406
common,40,2.992480350,75,0.500000,mainnet,60,137.253728,14.958186,95.099998,319.231311,607.244540,33,0.003300000,0.996710854,154
common,40,2.992480350,75,0.500000,mainnet,61,137.879532,15.426749,96.084306,320.992219,617.313562,33,0.003300000,0.996710854,38
common,40,2.992480350,75,0.500000,mainnet,62,136.334079,14.483642,96.580972,310.042440,629.125390,28,0.002800000,0.997207818,236
common,40,2.992480350,75,0.500000,mainnet,63,135.422242,13.830003,93.813016,311.497935,613.326002,37,0.003700000,0.996313640,50
common,40,2.992480350,75,0.500000,mainnet,64,138.686704,14.554114,96.104035,319.185050,643.149321,38,0.003800000,0.996214385,134
common,40,2.992480350,75,0.500000,mainnet,65,134.426485,13.907446,92.797827,308.863002,636.149371,36,0.003600000,0.996412914,92
common,40,2.992480350,75,0.500000,mainnet,66,137.467665,14.578435,95.105407,319.171699,623.416528,42,0.004200000,0.995817566,17
common,40,2.992480350,75,0.500000,mainnet,67,139.332560,14.472257,96.469153,319.085414,635.709137,35,0.003500000,0.996512207,17
common,40,2.992480350,75,0.500000,mainnet,68,138.888002,14.541092,96.743170,323.360590,630.970325,27,0.002700000,0.997307270,179
common,40,2.992480350,75,0.500000,mainnet,69,137.073647,14.415667,95.450063,317.570289,636.299097,40,0.004000000,0.996015936,369
common,40,2.992480350,75,0.500000,mainnet,70,137.852190,14.928045,92.947196,318.221161,655.646072,32,0.003200000,0.996810207,199
common,40,2.992480350,75,0.500000,mainnet,71,136.641916,14.356529,93.073395,317.491054,630.011283,38,0.003800000,0.996214385,18
common,40,2.992480350,75,0.500000,mainnet,72,135.687670,14.149658,94.056228,314.807567,615.409137,41,0.004100000,0.995916741,262
common,40,2.992480350,75,0.500000,mainnet,73,137.726151,14.693682,95.206478,311.716092,640.827126,43,0.004300000,0.995718411,57
common,40,2.992480350,75,0.500000,mainnet,74,139.177140,15.494253,95.361737,326.297640,629.602666,30,0.003000000,0.997008973,66
common,40,2.992480350,75,0.500000,mainnet,75,138.393983,14.206533,95.043858,316.908601,649.856802,31,0.003100000,0.996909580,215
common,40,2.992480350,75,0.500000,mainnet,76,137.545374,14.736353,94.317122,315.565819,622.819569,35,0.003500000,0.996512207,129
common,40,2.992480350,75,0.500000,mainnet,77,137.328792,14.029562,96.021968,317.003778,619.927745,50,0.005000000,0.995024876,80
common,40,2.992480350,75,0.500000,mainnet,78,135.912883,13.704752,94.678882,314.540272,618.618025,32,0.003200000,0.996810207,117
common,40,2.992480350,75,0.500000,mainnet,79,138.840924,15.391916,97.584129,317.262792,638.759564,45,0.004500000,0.995520159,23
common,40,2.992480350,75,0.500000,mainnet,80,135.976406,14.044863,93.423625,316.110441,638.295154,31,0.003100000,0.996909580,41
common,40,2.992480350,75,0.500000,mainnet,81,138.108186,14.485956,97.278654,313.689683,632.604878,42,0.004200000,0.995817566,25
common,40,2.992480350,75,0.500000,mainnet,82,137.132658,14.791879,95.021229,319.147896,630.023813,38,0.003800000,0.996214385,94
common,40,2.992480350,75,0.500000,mainnet,83,138.445900,14.897861,95.997677,319.424951,627.098188,43,0.004300000,0.995718411,1269
common,40,2.992480350,75,0.500000,mainnet,84,138.477308,13.949620,95.861617,319.294931,638.307373,39,0.003900000,0.996115151,40
common,40,2.992480350,75,0.500000,mainnet,85,137.018864,14.551592,93.656423,314.943139,620.788826,35,0.003500000,0.996512207,291
common,40,2.992480350,75,0.500000,mainnet,86,137.928133,14.555802,94.988786,319.938603,631.560663,38,0.003800000,0.996214385,17
common,40,2.992480350,75,0.500000,mainnet,87,136.403228,14.231878,94.962664,310.667368,610.053551,57,0.005700000,0.994332306,349
common,40,2.992480350,75,0.500000,mainnet,88,134.681996,14.950622,96.015160,307.196729,611.485763,32,0.003200000,0.996810207,136
common,40,2.992480350,75,0.500000,mainnet,89,137.318136,14.649316,94.609515,321.092224,637.828288,44,0.004400000,0.995619275,82
common,40,2.992480350,75,0.500000,mainnet,90,138.024291,14.872119,95.341901,322.334796,630.501935,30,0.003000000,0.997008973,20
common,40,2.992480350,75,0.500000,mainnet,91,135.908868,13.917117,93.608153,319.473001,630.074377,29,0.002900000,0.997108386,17
common,40,2.992480350,75,0.500000,mainnet,92,135.591229,14.185824,91.704499,315.927041,632.159723,29,0.002900000,0.997108386,17
common,40,2.992480350,75,0.500000,mainnet,93,133.765504,14.056759,91.598823,306.798583,641.391724,35,0.003500000,0.996512207,45
common,40,2.992480350,75,0.500000,mainnet,94,138.653990,15.086107,95.958845,318.197365,621.455947,40,0.004000000,0.996015936,770
common,40,2.992480350,75,0.500000,mainnet,95,137.293521,14.590648,96.844293,315.440325,629.981531,28,0.002800000,0.997207818,394
common,40,2.992480350,75,0.500000,mainnet,96,137.619930,13.826756,94.137973,318.759160,635.745050,30,0.003000000,0.997008973,52
common,40,2.992480350,75,0.500000,mainnet,97,136.971971,14.061650,97.331565,316.442961,620.496337,37,0.003700000,0.996313640,102
common,40,2.992480350,75,0.500000,mainnet,98,136.656637,14.081854,95.832182,313.466533,613.412629,36,0.003600000,0.996412914,291
common,40,2.992480350,75,0.500000,mainnet,99,137.864143,13.995791,93.519561,324.015226,649.129237,39,0.003900000,0.996115151,342
common,40,2.992480350,75,0.500000,mainnet,100,137.415066,14.769017,94.669508,314.361082,652.588595,25,0.002500000,0.997506234,140
common,40,2.992480350,75,1.000000,mainnet,1,137.313703,14.615432,94.443666,314.445054,628.776877,67,0.006700000,0.993344591,146
common,40,2.992480350,75,1.000000,mainnet,2,135.609234,14.248773,92.719982,314.128258,624.847648,69,0.006900000,0.993147284,102
common,40,2.992480350,75,1.000000,mainnet,3,136.917826,14.293837,96.171716,315.677995,593.994078,67,0.006700000,0.993344591,56
common,40,2.992480350,75,1.000000,mainnet,4,136.035966,14.856923,96.044211,311.586628,599.697919,80,0.008000000,0.992063492,72
common,40,2.992480350,75,1.000000,mainnet,5,139.392785,14.229176,96.217130,317.448580,640.067359,69,0.006900000,0.993147284,157
common,40,2.992480350,75,1.000000,mainnet,6,136.413186,14.221559,93.782591,316.497697,615.056468,65,0.006500000,0.993541977,332
common,40,2.992480350,75,1.000000,mainnet,7,136.953022,14.969959,94.779175,315.436450,632.196197,66,0.006600000,0.993443274,36
common,40,2.992480350,75,1.000000,mainnet,8,135.636672,14.297521,95.157881,308.261548,620.826067,64,0.006400000,0.993640700,221
common,40,2.992480350,75,1.000000,mainnet,9,136.449637,14.648185,91.376998,318.406258,634.004364,73,0.007300000,0.992752904,40
common,40,2.992480350,75,1.000000,mainnet,10,136.531597,13.963299,94.301575,314.305802,634.017730,66,0.006600000,0.993443274,55
common,40,2.992480350,75,1.000000,mainnet,11,136.709607,14.673899,93.683456,314.175227,641.991195,80,0.008000000,0.992063492,104
common,40,2.992480350,75,1.000000,mainnet,12,138.023160,14.126604,94.917370,321.884874,625.409217,63,0.006300000,0.993739442,166
common,40,2.992480350,75,1.000000,mainnet,13,134.627215,13.933905,93.717433,310.642447,610.099674,68,0.006800000,0.993245928,108
common,40,2.992480350,75,1.000000,mainnet,14,137.357768,14.903112,97.414870,315.982693,632.284342,58,0.005800000,0.994233446,112
common,40,2.992480350,75,1.000000,mainnet,15,136.324406,14.967127,94.063419,311.399108,625.969310,85,0.008500000,0.991571641,30
common,40,2.992480350,75,1.000000,mainnet,16,136.260954,14.155063,95.980119,316.162604,620.093478,73,0.007300000,0.992752904,145
common,40,2.992480350,75,1.000000,mainnet,17,136.343068,14.318008,95.247296,311.711292,630.436326,76,0.007600000,0.992457324,254
common,40,2.992480350,75,1.000000,mainnet,18,138.447966,14.143314,96.303907,320.923834,643.003980,66,0.006600000,0.993443274,298
common,40,2.992480350,75,1.000000,mainnet,19,138.297488,15.141411,95.942007,318.119395,633.646489,67,0.006700000,0.993344591,158
common,40,2.992480350,75,1.000000,mainnet,20,137.598834,14.999990,96.431808,310.652486,618.872552,61,0.006100000,0.993936984,163
common,40,2.992480350,75,1.000000,mainnet,21,134.970751,13.948978,94.069573,307.664244,605.861505,84,0.008400000,0.991669972,352
common,40,2.992480350,75,1.000000,mainnet,22,135.537700,14.834384,93.214931,314.999864,621.568654,71,0.007100000,0.992950055,114
common,40,2.992480350,75,1.000000,mainnet,23,137.498961,15.490422,96.053971,314.373775,640.849327,61,0.006100000,0.993936984,118
common,40,2.992480350,75,1.000000,mainnet,24,137.301667,14.411244,95.098401,316.733636,627.369183,68,0.006800000,0.993245928,173
common,40,2.992480350,75,1.000000,mainnet,25,135.820971,14.046527,94.324795,311.595022,607.003293,64,0.006400000,0.993640700,206
common,40,2.992480350,75,1.000000,mainnet,26,137.649136,14.867368,94.796689,318.103157,616.513842,59,0.005900000,0.994134606,656
common,40,2.992480350,75,1.000000,mainnet,27,137.428820,14.120467,95.296706,315.476467,632.180851,69,0.006900000,0.993147284,20
common,40,2.992480350,75,1.000000,mainnet,28,137.536454,14.131534,94.587192,320.909638,626.261958,66,0.006600000,0.993443274,401
common,40,2.992480350,75,1.000000,mainnet,29,137.190867,14.606963,95.577366,318.651953,618.817883,66,0.006600000,0.993443274,134
common,40,2.992480350,75,1.000000,mainnet,30,140.612553,14.730838,97.689011,322.388118,638.625218,65,0.006500000,0.993541977,218
common,40,2.992480350,75,1.000000,mainnet,31,136.723050,14.115109,94.083344,320.635632,646.282749,81,0.008100000,0.991965083,102
common,40,2.992480350,75,1.000000,mainnet,32,134.497987,13.724063,93.333740,312.343958,597.928813,74,0.007400000,0.992654358,208
common,40,2.992480350,75,1.000000,mainnet,33,136.640238,15.077708,93.849049,314.811640,622.936720,61,0.006100000,0.993936984,17
common,40,2.992480350,75,1.000000,mainnet,34,134.705382,14.358619,93.456916,307.544003,623.404057,66,0.006600000,0.993443274,82
common,40,2.992480350,75,1.000000,mainnet,35,137.504536,14.836871,96.652080,313.795365,633.204598,74,0.007400000,0.992654358,24
common,40,2.992480350,75,1.000000,mainnet,36,133.573378,13.930653,92.034594,305.985048,624.695472,66,0.006600000,0.993443274,223
common,40,2.992480350,75,1.000000,mainnet,37,136.982495,14.405370,93.353257,315.472816,624.666286,68,0.006800000,0.993245928,106
common,40,2.992480350,75,1.000000,mainnet,38,137.353495,13.750955,94.501131,321.755395,633.152759,58,0.005800000,0.994233446,140
common,40,2.992480350,75,1.000000,mainnet,39,137.691362,14.852246,95.523790,318.098639,627.865364,72,0.007200000,0.992851469,351
common,40,2.992480350,75,1.000000,mainnet,40,139.141039,14.871731,97.303638,316.381993,641.886938,76,0.007600000,0.992457324,294
common,40,2.992480350,75,1.000000,mainnet,41,136.189089,14.540560,94.797540,308.130492,652.163320,73,0.007300000,0.992752904,43
common,40,2.992480350,75,1.000000,mainnet,42,138.549803,15.070357,95.687231,315.296006,640.572749,78,0.007800000,0.992260369,17
common,40,2.992480350,75,1.000000,mainnet,43,136.005536,14.531343,95.225646,315.970038,606.234054,69,0.006900000,0.993147284,56
common,40,2.992480350,75,1.000000,mainnet,44,137.427587,14.877377,96.241767,316.687787,624.816262,61,0.006100000,0.993936984,511
common,40,2.992480350,75,1.000000,mainnet,45,136.623231,14.188503,93.937185,321.740327,640.562567,83,0.008300000,0.991768323,27
common,40,2.992480350,75,1.000000,mainnet,46,137.186813,13.914836,94.556254,316.416026,648.628358,77,0.007700000,0.992358837,180
common,40,2.992480350,75,1.000000,mainnet,47,137.141662,14.350555,93.027039,320.156050,639.663543,86,0.008600000,0.991473329,373
common,40,2.992480350,75,1.000000,mainnet,48,137.640985,14.531278,94.972037,316.575730,632.203588,83,0.008300000,0.991768323,50
common,40,2.992480350,75,1.000000,mainnet,49,140.271668,15.152089,98.043301,321.168516,645.986401,65,0.006500000,0.993541977,73
common,40,2.992480350,75,1.000000,mainnet,50,136.953483,14.144552,93.461953,319.580748,629.420376,83,0.008300000,0.991768323,145
common,40,2.992480350,75,1.000000,mainnet,51,137.580306,14.797118,94.149961,315.491739,657.881345,82,0.008200000,0.991866693,54
common,40,2.992480350,75,1.000000,mainnet,52,135.594500,14.343428,92.610811,312.417617,633.406980,64,0.006400000,0.993640700,98
common,40,2.992480350,75,1.000000,mainnet,53,137.803187,14.450596,94.716374,318.590459,628.606396,75,0.007500000,0.992555831,301
common,40,2.992480350,75,1.000000,mainnet,54,138.135611,14.255955,96.353407,314.571790,644.363560,71,0.007100000,0.992950055,190
common,40,2.992480350,75,1.000000,mainnet,55,137.614887,14.366182,96.594827,313.186092,650.297165,85,0.008500000,0.991571641,67
common,40,2.992480350,75,1.000000,mainnet,56,138.212828,14.756730,96.326544,320.359862,621.083199,75,0.007500000,0.992555831,134
common,40,2.992480350,75,1.000000,mainnet,57,137.714504,15.456634,95.400496,319.373323,632.739881,74,0.007400000,0.992654358,191
common,40,2.992480350,75,1.000000,mainnet,58,136.670582,14.757807,94.874764,316.325348,629.124270,71,0.007100000,0.992950055,20
common,40,2.992480350,75,1.000000,mainnet,59,135.350693,13.897684,93.733708,308.363469,630.835925,86,0.008600000,0.991473329,406
common,40,2.992480350,75,1.000000,mainnet,60,137.912906,15.185292,94.885720,322.511118,619.894375,68,0.006800000,0.993245928,154
common,40,2.992480350,75,1.000000,mainnet,61,137.321352,15.534174,95.605370,318.892876,614.230722,66,0.006600000,0.993443274,38
common,40,2.992480350,75,1.000000,mainnet,62,136.679311,14.699156,96.743360,311.008265,629.066352,71,0.007100000,0.992950055,20
common,40,2.992480350,75,1.000000,mainnet,63,136.302496,13.838712,94.665412,311.772394,621.429922,73,0.007300000,0.992752904,50
common,40,2.992480350,75,1.000000,mainnet,64,137.217676,14.363125,95.641446,313.776096,626.116487,65,0.006500000,0.993541977,134
common,40,2.992480350,75,1.000000,mainnet,65,135.803192,14.147337,93.349714,310.434421,644.520942,69,0.006900000,0.993147284,98
common,40,2.992480350,75,1.000000,mainnet,66,137.110070,14.585224,95.116298,317.979657,620.262416,75,0.007500000,0.992555831,17
common,40,2.992480350,75,1.000000,mainnet,67,138.733932,14.472257,95.735910,316.511439,645.148435,76,0.007600000,0.992457324,17
common,40,2.992480350,75,1.000000,mainnet,68,138.733197,15.072983,97.146645,322.466933,629.255988,75,0.007500000,0.992555831,179
common,40,2.992480350,75,1.000000,mainnet,69,137.755071,14.551529,96.581025,320.354190,632.020114,77,0.007700000,0.992358837,368
common,40,2.992480350,75,1.000000,mainnet,70,138.262303,14.958805,93.334363,318.985852,659.595162,57,0.005700000,0.994332306,199
common,40,2.992480350,75,1.000000,mainnet,71,137.184516,14.333719,93.610450,318.730052,633.593749,75,0.007500000,0.992555831,18
common,40,2.992480350,75,1.000000,mainnet,72,135.746513,14.106933,93.783737,315.752733,616.094267,73,0.007300000,0.992752904,343
common,40,2.992480350,75,1.000000,mainnet,73,137.835791,14.665780,94.850807,312.873749,640.827126,77,0.007700000,0.992358837,57
common,40,2.992480350,75,1.000000,mainnet,74,138.575377,15.267539,95.452648,320.243301,644.090741,71,0.007100000,0.992950055,66
common,40,2.992480350,75,1.000000,mainnet,75,138.295471,14.262300,94.287861,315.313780,668.041103,71,0.007100000,0.992950055,214
common,40,2.992480350,75,1.000000,mainnet,76,136.744066,14.885850,93.973363,315.307607,622.819569,65,0.006500000,0.993541977,129
common,40,2.992480350,75,1.000000,mainnet,77,137.293529,13.671120,95.796006,315.212458,621.731552,81,0.008100000,0.991965083,80
common,40,2.992480350,75,1.000000,mainnet,78,135.598633,14.052177,94.545682,310.455452,622.452252,62,0.006200000,0.993838203,117
common,40,2.992480350,75,1.000000,mainnet,79,138.719372,15.337429,97.584129,316.561667,637.464709,73,0.007300000,0.992752904,23
common,40,2.992480350,75,1.000000,mainnet,80,138.119087,14.378610,94.540578,321.290350,658.963290,77,0.007700000,0.992358837,41
common,40,2.992480350,75,1.000000,mainnet,81,138.831456,14.561376,98.016617,315.344488,655.779375,75,0.007500000,0.992555831,25
common,40,2.992480350,75,1.000000,mainnet,82,137.136296,14.658125,94.763441,318.776302,630.023813,72,0.007200000,0.992851469,94
common,40,2.992480350,75,1.000000,mainnet,83,138.481089,14.775865,96.373499,318.764076,620.468239,93,0.009300000,0.990785693,1271
common,40,2.992480350,75,1.000000,mainnet,84,137.507780,14.229065,95.176200,316.677954,631.541217,69,0.006900000,0.993147284,40
common,40,2.992480350,75,1.000000,mainnet,85,137.779979,14.473465,94.640642,318.093369,620.788826,73,0.007300000,0.992752904,291
common,40,2.992480350,75,1.000000,mainnet,86,137.427284,14.265443,95.043744,319.042530,621.432281,73,0.007300000,0.992752904,17
common,40,2.992480350,75,1.000000,mainnet,87,136.889770,14.027154,94.531200,313.434888,621.186266,93,0.009300000,0.990785693,349
common,40,2.992480350,75,1.000000,mainnet,88,134.738560,14.694105,95.339214,309.258846,609.164836,73,0.007300000,0.992752904,136
common,40,2.992480350,75,1.000000,mainnet,89,137.178532,14.649316,94.636285,322.229494,630.638001,86,0.008600000,0.991473329,82
common,40,2.992480350,75,1.000000,mainnet,90,137.087184,14.822765,95.315367,317.701523,630.501935,79,0.007900000,0.992161921,53
common,40,2.992480350,75,1.000000,mainnet,91,136.721674,13.811031,94.567074,319.541648,630.074377,71,0.007100000,0.992950055,17
common,40,2.992480350,75,1.000000,mainnet,92,135.581330,14.115335,92.407929,317.348829,622.316223,65,0.006500000,0.993541977,17
common,40,2.992480350,75,1.000000,mainnet,93,133.614841,14.076195,91.274656,306.009831,640.817082,67,0.006700000,0.993344591,45
common,40,2.992480350,75,1.000000,mainnet,94,139.043769,15.304120,96.670580,320.527871,622.208905,71,0.007100000,0.992950055,767
common,40,2.992480350,75,1.000000,mainnet,95,137.812869,14.659969,97.042584,317.097914,632.530000,58,0.005800000,0.994233446,394
common,40,2.992480350,75,1.000000,mainnet,96,137.663023,13.633364,94.346415,318.865450,631.304735,53,0.005300000,0.994727942,52
common,40,2.992480350,75,1.000000,mainnet,97,136.466684,14.251411,96.248098,316.031055,630.938146,68,0.006800000,0.993245928,101
common,40,2.992480350,75,1.000000,mainnet,98,136.691598,14.137158,94.905529,314.571546,624.661080,80,0.008000000,0.992063492,291
common,40,2.992480350,75,1.000000,mainnet,99,136.957510,14.209162,92.656821,321.567661,646.457674,80,0.008000000,0.992063492,342
common,40,2.992480350,75,1.000000,mainnet,100,136.868464,14.823979,94.150284,314.123027,644.225205,65,0.006500000,0.993541977,240
common,40,2.992480350,75,2.000000,mainnet,1,136.980442,14.626034,95.901688,312.148477,628.726224,143,0.014300000,0.985901607,102
common,40,2.992480350,75,2.000000,mainnet,2,136.432122,14.413325,94.274982,315.952702,622.420027,126,0.012600000,0.987556785,101
common,40,2.992480350,75,2.000000,mainnet,3,136.967874,14.324500,96.371317,313.815332,599.366560,138,0.013800000,0.986387848,94
common,40,2.992480350,75,2.000000,mainnet,4,137.433118,15.090279,95.273351,316.712691,612.977443,152,0.015200000,0.985027581,106
common,40,2.992480350,75,2.000000,mainnet,5,139.140607,14.347961,97.065489,317.223089,631.415368,149,0.014900000,0.985318751,157
common,40,2.992480350,75,2.000000,mainnet,6,136.394461,14.061326,93.005714,318.175267,615.056468,142,0.014200000,0.985998817,332
common,40,2.992480350,75,2.000000,mainnet,7,137.543165,14.761195,96.295493,316.158191,625.450374,143,0.014300000,0.985901607,36
common,40,2.992480350,75,2.000000,mainnet,8,135.490165,13.797280,96.006639,307.979469,623.394498,148,0.014800000,0.985415845,220
common,40,2.992480350,75,2.000000,mainnet,9,136.079262,14.442574,91.542503,318.837518,622.418198,147,0.014700000,0.985512959,40
common,40,2.992480350,75,2.000000,mainnet,10,137.567885,14.472668,95.804505,318.489600,628.940667,132,0.013200000,0.986971970,103
common,40,2.992480350,75,2.000000,mainnet,11,136.901450,14.559086,93.913696,315.088041,646.094115,146,0.014600000,0.985610093,104
common,40,2.992480350,75,2.000000,mainnet,12,136.456666,13.881940,93.780424,318.869482,621.722958,126,0.012600000,0.987556785,166
common,40,2.992480350,75,2.000000,mainnet,13,135.577845,13.993882,94.459468,311.129496,621.460266,157,0.015700000,0.984542680,108
common,40,2.992480350,75,2.000000,mainnet,14,138.145785,15.242502,97.816956,317.958184,632.284342,116,0.011600000,0.988533017,111
common,40,2.992480350,75,2.000000,mainnet,15,136.845692,14.700040,94.290055,311.509641,636.987462,145,0.014500000,0.985707245,30
common,40,2.992480350,75,2.000000,mainnet,16,135.483908,14.116412,95.755490,313.919484,613.445499,143,0.014300000,0.985901607,145
common,40,2.992480350,75,2.000000,mainnet,17,136.940104,14.371282,95.423997,313.755838,629.134667,149,0.014900000,0.985318751,254
common,40,2.992480350,75,2.000000,mainnet,18,137.998048,13.754136,95.426295,319.085053,638.549580,141,0.014100000,0.986096046,269
common,40,2.992480350,75,2.000000,mainnet,19,138.189114,15.085455,96.264758,317.820902,616.598185,154,0.015400000,0.984833563,157
common,40,2.992480350,75,2.000000,mainnet,20,136.774132,14.681625,94.895353,314.110779,619.133218,125,0.012500000,0.987654321,163
common,40,2.992480350,75,2.000000,mainnet,21,135.304721,13.971745,95.039494,309.046127,615.836929,162,0.016200000,0.984058256,257
common,40,2.992480350,75,2.000000,mainnet,22,135.750828,14.375944,93.738236,317.289065,625.527375,155,0.015500000,0.984736583,114
common,40,2.992480350,75,2.000000,mainnet,23,136.533173,14.987329,94.487900,315.484173,640.284279,131,0.013100000,0.987069391,100
common,40,2.992480350,75,2.000000,mainnet,24,137.903200,14.337791,96.343104,318.588674,624.801502,138,0.013800000,0.986387848,174
common,40,2.992480350,75,2.000000,mainnet,25,135.266205,13.394462,93.607081,310.029715,607.537778,135,0.013500000,0.986679822,204
common,40,2.992480350,75,2.000000,mainnet,26,138.179408,15.040932,95.390507,320.892569,613.823941,120,0.012000000,0.988142292,766
common,40,2.992480350,75,2.000000,mainnet,27,137.011596,14.041631,95.937210,315.192052,625.572004,137,0.013700000,0.986485153,20
common,40,2.992480350,75,2.000000,mainnet,28,137.054059,13.920521,94.077447,320.731001,629.897305,139,0.013900000,0.986290561,231
common,40,2.992480350,75,2.000000,mainnet,29,137.204647,14.214477,95.577366,318.425822,622.728890,147,0.014700000,0.985512959,134
common,40,2.992480350,75,2.000000,mainnet,30,138.937145,14.330049,96.241413,319.099766,629.627510,136,0.013600000,0.986582478,221
common,40,2.992480350,75,2.000000,mainnet,31,136.813804,14.462709,95.104963,319.458402,647.863688,149,0.014900000,0.985318751,102
common,40,2.992480350,75,2.000000,mainnet,32,135.666181,14.031878,95.104344,312.547396,615.185317,148,0.014800000,0.985415845,208
common,40,2.992480350,75,2.000000,mainnet,33,136.321764,15.077708,94.980514,311.386419,611.511319,132,0.013200000,0.986971970,17
common,40,2.992480350,75,2.000000,mainnet,34,134.740300,13.928384,93.544535,306.820755,625.143240,149,0.014900000,0.985318751,82
common,40,2.992480350,75,2.000000,mainnet,35,136.390407,14.683789,96.684334,310.499284,626.647968,144,0.014400000,0.985804416,24
common,40,2.992480350,75,2.000000,mainnet,36,134.614128,13.842465,92.985866,309.114247,626.910166,127,0.012700000,0.987459267,223
common,40,2.992480350,75,2.000000,mainnet,37,137.977474,14.298574,93.198744,320.353475,627.096577,144,0.014400000,0.985804416,106
common,40,2.992480350,75,2.000000,mainnet,38,136.345803,13.677569,93.040642,318.918864,627.017086,130,0.013000000,0.987166831,180
common,40,2.992480350,75,2.000000,mainnet,39,137.841171,14.979236,96.127409,317.360289,624.479370,134,0.013400000,0.986777186,216
common,40,2.992480350,75,2.000000,mainnet,40,139.348770,15.503971,97.474102,317.116622,634.127678,153,0.015300000,0.984930562,292
common,40,2.992480350,75,2.000000,mainnet,41,135.049456,14.637786,94.371521,306.185736,642.106744,146,0.014600000,0.985610093,43
common,40,2.992480350,75,2.000000,mainnet,42,138.988059,15.218255,96.376092,318.964456,646.848941,143,0.014300000,0.985901607,17
common,40,2.992480350,75,2.000000,mainnet,43,135.270259,14.132736,93.764530,316.016204,604.569842,140,0.014000000,0.986193294,56
common,40,2.992480350,75,2.000000,mainnet,44,137.623810,14.902720,96.600462,316.294238,626.886529,136,0.013600000,0.986582478,506
common,40,2.992480350,75,2.000000,mainnet,45,136.923441,14.409571,94.443000,316.487284,643.410113,153,0.015300000,0.984930562,27
common,40,2.992480350,75,2.000000,mainnet,46,135.492946,13.989937,93.920187,313.680537,629.868892,145,0.014500000,0.985707245,180
common,40,2.992480350,75,2.000000,mainnet,47,136.597329,14.137967,92.982376,316.716145,636.053296,155,0.015500000,0.984736583,371
common,40,2.992480350,75,2.000000,mainnet,48,137.451906,14.464268,95.278467,316.221666,636.099029,140,0.014000000,0.986193294,50
common,40,2.992480350,75,2.000000,mainnet,49,140.744707,15.227474,97.906261,321.415457,639.611221,134,0.013400000,0.986777186,73
common,40,2.992480350,75,2.000000,mainnet,50,137.319567,13.858296,93.329648,321.917031,623.470349,155,0.015500000,0.984736583,145
common,40,2.992480350,75,2.000000,mainnet,51,139.077760,15.025018,95.269223,317.472575,655.536560,156,0.015600000,0.984639622,205
common,40,2.992480350,75,2.000000,mainnet,52,136.224270,14.209202,93.327096,315.538692,637.991277,143,0.014300000,0.985901607,51
common,40,2.992480350,75,2.000000,mainnet,53,138.576308,14.894364,97.141818,318.456953,620.329472,142,0.014200000,0.985998817,301
common,40,2.992480350,75,2.000000,mainnet,54,137.820784,13.651617,94.900953,317.026505,648.690352,126,0.012600000,0.987556785,190
common,40,2.992480350,75,2.000000,mainnet,55,138.038921,14.217692,96.700672,316.126837,642.580026,160,0.016000000,0.984251969,166
common,40,2.992480350,75,2.000000,mainnet,56,136.970237,14.733826,95.564322,318.754904,607.104344,131,0.013100000,0.987069391,134
common,40,2.992480350,75,2.000000,mainnet,57,137.080743,15.139552,95.484247,317.993050,627.145829,138,0.013800000,0.986387848,202
common,40,2.992480350,75,2.000000,mainnet,58,136.256379,14.627398,93.993960,318.089788,630.702959,135,0.013500000,0.986679822,20
common,40,2.992480350,75,2.000000,mainnet,59,135.893408,14.041940,95.413304,311.366997,634.159777,154,0.015400000,0.984833563,404
common,40,2.992480350,75,2.000000,mainnet,60,137.714708,15.143740,95.196745,320.944873,624.149721,124,0.012400000,0.987751877,154
common,40,2.992480350,75,2.000000,mainnet,61,136.858761,15.419891,94.763382,317.105936,623.291619,134,0.013400000,0.986777186,38
common,40,2.992480350,75,2.000000,mainnet,62,135.973734,14.668487,96.143595,311.067654,626.390313,150,0.015000000,0.985221675,20
common,40,2.992480350,75,2.000000,mainnet,63,136.605973,14.172088,94.641955,312.509579,618.199314,141,0.014100000,0.986096046,48
common,40,2.992480350,75,2.000000,mainnet,64,137.399162,13.985371,95.937665,313.776096,621.470615,153,0.015300000,0.984930562,210
common,40,2.992480350,75,2.000000,mainnet,65,136.472278,14.258968,93.694800,310.972859,641.011124,133,0.013300000,0.986874568,98
common,40,2.992480350,75,2.000000,mainnet,66,137.095363,14.271981,94.785918,318.729087,616.423384,142,0.014200000,0.985998817,17
common,40,2.992480350,75,2.000000,mainnet,67,138.793315,14.188037,94.989840,317.712378,664.925250,131,0.013100000,0.987069391,17
common,40,2.992480350,75,2.000000,mainnet,68,137.822304,15.168214,97.009514,320.092853,625.704211,140,0.014000000,0.986193294,377
common,40,2.992480350,75,2.000000,mainnet,69,138.472748,14.607156,96.357168,321.395283,646.109723,143,0.014300000,0.985901607,366
common,40,2.992480350,75,2.000000,mainnet,70,137.057818,15.038555,92.583443,315.333375,664.996413,131,0.013100000,0.987069391,118
common,40,2.992480350,75,2.000000,mainnet,71,137.192599,13.808001,93.506330,318.162832,641.686197,149,0.014900000,0.985318751,18
common,40,2.992480350,75,2.000000,mainnet,72,136.556940,14.236407,94.605720,316.890463,623.169020,142,0.014200000,0.985998817,343
common,40,2.992480350,75,2.000000,mainnet,73,138.595045,14.520241,95.027576,318.335854,649.411168,149,0.014900000,0.985318751,99
common,40,2.992480350,75,2.000000,mainnet,74,139.189652,15.321783,96.441538,322.252617,642.704343,145,0.014500000,0.985707245,66
common,40,2.992480350,75,2.000000,mainnet,75,138.234624,14.282916,95.630459,316.012350,668.041103,130,0.013000000,0.987166831,214
common,40,2.992480350,75,2.000000,mainnet,76,137.184354,14.486823,94.213956,316.319471,641.023576,134,0.013400000,0.986777186,144
common,40,2.992480350,75,2.000000,mainnet,77,137.067780,14.016949,95.399203,315.610669,632.436527,161,0.016100000,0.984155103,80
common,40,2.992480350,75,2.000000,mainnet,78,137.250247,14.714874,95.776100,312.715003,635.842372,147,0.014700000,0.985512959,117
common,40,2.992480350,75,2.000000,mainnet,79,139.150183,15.351270,96.843207,321.200384,630.103492,147,0.014700000,0.985512959,23
common,40,2.992480350,75,2.000000,mainnet,80,137.350078,14.806246,94.547295,317.947219,640.347318,149,0.014900000,0.985318751,41
common,40,2.992480350,75,2.000000,mainnet,81,138.679279,14.348237,97.318666,318.102522,639.768842,143,0.014300000,0.985901607,25
common,40,2.992480350,75,2.000000,mainnet,82,137.142296,14.583574,95.560407,314.972633,634.833084,151,0.015100000,0.985124618,331
common,40,2.992480350,75,2.000000,mainnet,83,139.346217,14.897861,96.538865,320.335787,625.090648,150,0.015000000,0.985221675,874
common,40,2.992480350,75,2.000000,mainnet,84,137.491250,13.868634,95.274754,315.303554,652.901950,127,0.012700000,0.987459267,39
common,40,2.992480350,75,2.000000,mainnet,85,136.480116,14.353075,93.526324,314.044083,602.773819,159,0.015900000,0.984348853,194
common,40,2.992480350,75,2.000000,mainnet,86,137.213720,14.435158,94.803460,318.411680,621.984064,154,0.015400000,0.984833563,17
common,40,2.992480350,75,2.000000,mainnet,87,137.846811,14.393010,95.545664,315.437565,629.199620,178,0.017800000,0.982511299,283
common,40,2.992480350,75,2.000000,mainnet,88,134.743077,14.443769,95.082973,310.691023,603.217775,142,0.014200000,0.985998817,136
common,40,2.992480350,75,2.000000,mainnet,89,137.381566,14.636497,94.380814,321.908810,628.733726,167,0.016700000,0.983574309,342
common,40,2.992480350,75,2.000000,mainnet,90,137.650630,15.049628,95.615929,319.862199,626.598646,149,0.014900000,0.985318751,53
common,40,2.992480350,75,2.000000,mainnet,91,136.342081,14.339025,94.699785,315.494087,627.386064,159,0.015900000,0.984348853,17
common,40,2.992480350,75,2.000000,mainnet,92,137.133114,14.448389,94.215832,318.622079,632.602761,129,0.012900000,0.987264291,17
common,40,2.992480350,75,2.000000,mainnet,93,133.502369,14.577725,91.487987,307.436905,616.305477,128,0.012800000,0.987361769,45
common,40,2.992480350,75,2.000000,mainnet,94,139.694852,15.310196,97.320412,320.266920,636.598644,142,0.014200000,0.985998817,765
common,40,2.992480350,75,2.000000,mainnet,95,136.514764,14.914515,96.106186,311.321780,621.780146,139,0.013900000,0.986290561,354
common,40,2.992480350,75,2.000000,mainnet,96,136.492873,13.572707,94.081328,314.025121,631.175179,140,0.014000000,0.986193294,172
common,40,2.992480350,75,2.000000,mainnet,97,138.267377,14.481733,98.072339,318.799188,630.938146,132,0.013200000,0.986971970,101
common,40,2.992480350,75,2.000000,mainnet,98,136.425938,14.165651,94.480752,314.402430,617.782373,143,0.014300000,0.985901607,291
common,40,2.992480350,75,2.000000,mainnet,99,136.948846,14.340612,93.280849,321.017866,632.189201,171,0.017100000,0.983187494,341
common,40,2.992480350,75,2.000000,mainnet,100,137.710299,14.772596,94.104970,317.150449,650.558736,166,0.016600000,0.983671060,240
common,40,2.992480350,75,5.000000,mainnet,1,137.739064,14.396992,94.505623,315.421492,649.183060,356,0.035600000,0.965623793,100
common,40,2.992480350,75,5.000000,mainnet,2,137.211265,14.305100,94.874535,317.553009,615.539148,329,0.032900000,0.968147933,100
common,40,2.992480350,75,5.000000,mainnet,3,134.824088,14.058737,93.801248,311.599168,593.994078,377,0.037700000,0.963669654,90
common,40,2.992480350,75,5.000000,mainnet,4,139.309723,15.218395,97.124901,317.255165,638.070948,360,0.036000000,0.965250965,106
common,40,2.992480350,75,5.000000,mainnet,5,138.917086,14.292363,97.021627,314.807364,634.421894,385,0.038500000,0.962927299,157
common,40,2.992480350,75,5.000000,mainnet,6,136.749283,14.221559,93.990571,317.473605,620.482774,321,0.032100000,0.968898363,330
common,40,2.992480350,75,5.000000,mainnet,7,137.682159,14.840697,96.604691,315.099415,625.450374,368,0.036800000,0.964506173,46
common,40,2.992480350,75,5.000000,mainnet,8,137.201422,14.389854,95.831604,314.054507,647.040391,384,0.038400000,0.963020031,287
common,40,2.992480350,75,5.000000,mainnet,9,136.995547,14.392075,92.768645,317.619747,622.504740,388,0.038800000,0.962649211,80
common,40,2.992480350,75,5.000000,mainnet,10,135.816353,14.135327,94.835445,311.926010,617.811151,379,0.037900000,0.963483958,54
common,40,2.992480350,75,5.000000,mainnet,11,135.598046,14.557294,93.072466,312.581708,630.363501,349,0.034900000,0.966276935,103
common,40,2.992480350,75,5.000000,mainnet,12,137.761948,13.422985,95.210751,322.001859,619.323950,333,0.033300000,0.967773154,164
common,40,2.992480350,75,5.000000,mainnet,13,135.652853,14.563009,95.131827,308.610976,624.043882,359,0.035900000,0.965344145,108
common,40,2.992480350,75,5.000000,mainnet,14,137.087378,15.080026,96.183489,315.362030,632.284342,326,0.032600000,0.968429208,111
common,40,2.992480350,75,5.000000,mainnet,15,137.267013,14.931975,93.946196,314.979262,653.476809,353,0.035300000,0.965903603,30
common,40,2.992480350,75,5.000000,mainnet,16,136.117795,14.482889,94.953802,315.740051,624.623487,380,0.038000000,0.963391137,143
common,40,2.992480350,75,5.000000,mainnet,17,137.179685,14.371282,95.333372,313.755838,637.115520,342,0.034200000,0.966930961,255
common,40,2.992480350,75,5.000000,mainnet,18,139.553887,13.875205,96.702499,324.036615,652.495156,352,0.035200000,0.965996909,53
common,40,2.992480350,75,5.000000,mainnet,19,138.379542,14.432316,96.938860,317.047648,634.563591,359,0.035900000,0.965344145,69
common,40,2.992480350,75,5.000000,mainnet,20,136.899402,14.897611,95.249524,312.413487,627.137281,351,0.035100000,0.966090233,202
common,40,2.992480350,75,5.000000,mainnet,21,135.780183,13.735284,96.060517,311.720067,609.368157,372,0.037200000,0.964134207,384
common,40,2.992480350,75,5.000000,mainnet,22,137.088927,14.487953,96.065569,318.490330,616.849644,358,0.035800000,0.965437343,112
common,40,2.992480350,75,5.000000,mainnet,23,137.116883,14.918739,93.830919,317.462036,647.983916,327,0.032700000,0.968335431,100
common,40,2.992480350,75,5.000000,mainnet,24,136.736689,14.509740,94.824018,317.105628,625.945218,356,0.035600000,0.965623793,174
common,40,2.992480350,75,5.000000,mainnet,25,137.794395,14.215162,94.918408,315.339942,648.906023,343,0.034300000,0.966837475,202
common,40,2.992480350,75,5.000000,mainnet,26,138.851694,14.715699,96.256263,321.771763,618.125422,316,0.031600000,0.969367972,20
common,40,2.992480350,75,5.000000,mainnet,27,136.179603,14.111303,93.132395,313.854785,630.840886,358,0.035800000,0.965437343,20
common,40,2.992480350,75,5.000000,mainnet,28,138.367688,14.467944,96.821994,318.156132,635.404360,320,0.032000000,0.968992248,231
common,40,2.992480350,75,5.000000,mainnet,29,138.495827,14.594536,97.307073,317.147012,634.145967,358,0.035800000,0.965437343,410
common,40,2.992480350,75,5.000000,mainnet,30,138.996299,14.519356,97.258816,316.605282,625.497653,356,0.035600000,0.965623793,221
common,40,2.992480350,75,5.000000,mainnet,31,137.812195,13.985397,95.559249,320.083928,658.869728,334,0.033400000,0.967679505,871
common,40,2.992480350,75,5.000000,mainnet,32,134.002324,13.380993,92.993140,312.872196,597.928813,368,0.036800000,0.964506173,17
common,40,2.992480350,75,5.000000,mainnet,33,136.769038,14.165433,94.259869,313.254857,627.984677,354,0.035400000,0.965810315,17
common,40,2.992480350,75,5.000000,mainnet,34,135.854375,14.799352,94.269264,307.593627,620.175966,358,0.035800000,0.965437343,30
common,40,2.992480350,75,5.000000,mainnet,35,136.411027,14.553482,95.859987,312.171228,634.407908,379,0.037900000,0.963483958,132
common,40,2.992480350,75,5.000000,mainnet,36,134.900158,13.635392,93.837991,310.665719,627.120566,342,0.034200000,0.966930961,220
common,40,2.992480350,75,5.000000,mainnet,37,136.149751,14.296875,92.926224,315.617095,627.096577,348,0.034800000,0.966370313,105
common,40,2.992480350,75,5.000000,mainnet,38,135.920652,13.817606,93.193819,318.464701,622.832541,349,0.034900000,0.966276935,99
common,40,2.992480350,75,5.000000,mainnet,39,137.275177,14.702152,95.577166,316.605705,631.381375,361,0.036100000,0.965157803,215
common,40,2.992480350,75,5.000000,mainnet,40,138.219196,15.079765,97.205096,317.263979,643.378796,381,0.038100000,0.963298333,288
common,40,2.992480350,75,5.000000,mainnet,41,136.391609,14.567268,95.235419,314.348915,631.712994,347,0.034700000,0.966463709,227
common,40,2.992480350,75,5.000000,mainnet,42,138.758100,14.833173,95.255176,319.709129,646.939988,351,0.035100000,0.966090233,17
common,40,2.992480350,75,5.000000,mainnet,43,134.828449,13.891285,93.612922,313.861512,599.095832,358,0.035800000,0.965437343,117
common,40,2.992480350,75,5.000000,mainnet,44,138.388171,14.903091,96.012265,321.078888,637.345890,354,0.035400000,0.965810315,50
common,40,2.992480350,75,5.000000,mainnet,45,135.430698,14.187159,93.377828,314.891700,632.044578,375,0.037500000,0.963855422,27
common,40,2.992480350,75,5.000000,mainnet,46,136.528506,14.132884,95.298636,315.004479,615.923776,359,0.035900000,0.965344145,270
common,40,2.992480350,75,5.000000,mainnet,47,136.796513,14.137967,93.770157,317.811760,635.010848,352,0.035200000,0.965996909,368
common,40,2.992480350,75,5.000000,mainnet,48,137.239490,14.429582,95.044903,314.369305,636.099029,385,0.038500000,0.962927299,45
common,40,2.992480350,75,5.000000,mainnet,49,140.083204,15.047299,96.938434,325.990962,634.442748,376,0.037600000,0.963762529,72
common,40,2.992480350,75,5.000000,mainnet,50,136.993169,14.226596,93.597636,320.519099,624.458475,374,0.037400000,0.963948332,147
common,40,2.992480350,75,5.000000,mainnet,51,140.504753,15.153769,96.359399,319.163961,660.101195,322,0.032200000,0.968804495,54
common,40,2.992480350,75,5.000000,mainnet,52,135.735229,13.922629,93.463074,314.332030,637.991277,333,0.033300000,0.967773154,51
common,40,2.992480350,75,5.000000,mainnet,53,137.078945,14.554433,95.629617,316.246977,620.124980,373,0.037300000,0.964041261,267
common,40,2.992480350,75,5.000000,mainnet,54,137.684118,14.027162,96.258639,314.843721,642.533778,351,0.035100000,0.966090233,233
common,40,2.992480350,75,5.000000,mainnet,55,136.305955,14.142121,94.596561,312.138383,640.384632,369,0.036900000,0.964413155,212
common,40,2.992480350,75,5.000000,mainnet,56,134.299890,14.397953,93.632499,312.345650,592.102105,357,0.035700000,0.965530559,146
common,40,2.992480350,75,5.000000,mainnet,57,136.270062,14.894644,94.581969,316.707776,630.620633,380,0.038000000,0.963391137,190
common,40,2.992480350,75,5.000000,mainnet,58,135.962648,14.911651,93.993960,312.688459,630.945739,330,0.033000000,0.968054211,17
common,40,2.992480350,75,5.000000,mainnet,59,136.986647,14.703288,95.548160,312.216912,633.561610,363,0.036300000,0.964971533,398
common,40,2.992480350,75,5.000000,mainnet,60,138.027325,15.262779,95.419769,322.534964,614.317311,331,0.033100000,0.967960507,190
common,40,2.992480350,75,5.000000,mainnet,61,135.462371,15.419891,93.030101,314.364260,615.106207,349,0.034900000,0.966276935,38
common,40,2.992480350,75,5.000000,mainnet,62,136.561207,15.202262,96.743360,310.613303,626.664644,339,0.033900000,0.967211529,20
common,40,2.992480350,75,5.000000,mainnet,63,137.458936,13.972453,93.856418,314.984137,634.998692,342,0.034200000,0.966930961,48
common,40,2.992480350,75,5.000000,mainnet,64,137.918203,13.906427,96.344262,317.737518,635.486653,384,0.038400000,0.963020031,17
common,40,2.992480350,75,5.000000,mainnet,65,134.624265,13.551379,92.838699,306.620327,629.155874,363,0.036300000,0.964971533,98
common,40,2.992480350,75,5.000000,mainnet,66,138.604103,14.460742,95.070908,327.080689,611.537833,361,0.036100000,0.965157803,89
common,40,2.992480350,75,5.000000,mainnet,67,137.544497,14.188037,94.495257,315.556213,652.227877,329,0.032900000,0.968147933,252
common,40,2.992480350,75,5.000000,mainnet,68,138.158775,14.766599,96.623455,318.429854,629.749708,363,0.036300000,0.964971533,175
common,40,2.992480350,75,5.000000,mainnet,69,140.520905,14.414551,97.477757,326.270731,657.226195,351,0.035100000,0.966090233,249
common,40,2.992480350,75,5.000000,mainnet,70,136.850181,14.589487,92.402739,313.714347,664.634586,343,0.034300000,0.966837475,87
common,40,2.992480350,75,5.000000,mainnet,71,136.700158,14.324397,93.488791,318.730052,634.209762,355,0.035500000,0.965717045,17
common,40,2.992480350,75,5.000000,mainnet,72,137.963357,14.386238,97.069993,317.654554,630.833335,308,0.030800000,0.970120295,114
common,40,2.992480350,75,5.000000,mainnet,73,138.717265,15.018999,95.428748,316.666964,636.228760,364,0.036400000,0.964878425,57
common,40,2.992480350,75,5.000000,mainnet,74,140.051899,15.128031,97.020227,323.922140,644.163940,390,0.039000000,0.962463908,194
common,40,2.992480350,75,5.000000,mainnet,75,136.199344,14.126470,93.405295,313.051759,619.018472,320,0.032000000,0.968992248,56
common,40,2.992480350,75,5.000000,mainnet,76,136.521734,14.360321,94.817673,317.216706,623.552694,364,0.036400000,0.964878425,98
common,40,2.992480350,75,5.000000,mainnet,77,135.785656,13.899123,94.322877,311.045500,625.853948,381,0.038100000,0.963298333,79
common,40,2.992480350,75,5.000000,mainnet,78,136.910024,14.290822,95.699622,312.123911,622.619897,346,0.034600000,0.966557124,117
common,40,2.992480350,75,5.000000,mainnet,79,138.746206,15.183999,96.627016,319.799617,628.900305,397,0.039700000,0.961815908,350
common,40,2.992480350,75,5.000000,mainnet,80,136.219542,14.611327,94.251800,315.671284,636.907722,374,0.037400000,0.963948332,41
common,40,2.992480350,75,5.000000,mainnet,81,137.351058,14.390211,96.315981,313.757737,623.366058,348,0.034800000,0.966370313,25
common,40,2.992480350,75,5.000000,mainnet,82,138.044180,14.650237,94.560890,321.730043,640.101369,334,0.033400000,0.967679505,57
common,40,2.992480350,75,5.000000,mainnet,83,139.640322,14.951911,96.365039,319.834276,644.875677,369,0.036900000,0.964413155,463
common,40,2.992480350,75,5.000000,mainnet,84,137.033608,13.472190,93.744637,314.030877,662.652285,335,0.033500000,0.967585873,123
common,40,2.992480350,75,5.000000,mainnet,85,134.881310,14.072800,92.754280,310.928020,594.452371,390,0.039000000,0.962463908,192
common,40,2.992480350,75,5.000000,mainnet,86,136.440255,13.968006,93.649805,316.002225,621.714019,368,0.036800000,0.964506173,17
common,40,2.992480350,75,5.000000,mainnet,87,137.552013,13.939185,94.714303,319.115167,628.929307,358,0.035800000,0.965437343,342
common,40,2.992480350,75,5.000000,mainnet,88,135.533023,14.562498,94.738365,312.490018,621.383985,343,0.034300000,0.966837475,133
common,40,2.992480350,75,5.000000,mainnet,89,136.840129,14.183680,93.519321,322.027481,661.537949,353,0.035300000,0.965903603,339
common,40,2.992480350,75,5.000000,mainnet,90,137.381385,14.625154,95.676766,318.702172,630.501935,354,0.035400000,0.965810315,53
common,40,2.992480350,75,5.000000,mainnet,91,136.615953,14.234058,93.934611,318.013085,644.259213,362,0.036200000,0.965064659,17
common,40,2.992480350,75,5.000000,mainnet,92,135.441638,14.016271,92.679486,313.282946,628.698847,345,0.034500000,0.966650556,17
common,40,2.992480350,75,5.000000,mainnet,93,133.212290,14.153554,91.051829,307.436905,617.794714,363,0.036300000,0.964971533,45
common,40,2.992480350,75,5.000000,mainnet,94,138.705159,14.861258,97.299777,317.477411,629.685913,362,0.036200000,0.965064659,160
common,40,2.992480350,75,5.000000,mainnet,95,135.785749,14.863899,95.141597,313.364282,612.490927,366,0.036600000,0.964692263,160
common,40,2.992480350,75,5.000000,mainnet,96,137.087682,13.281856,93.745279,316.466417,629.205953,366,0.036600000,0.964692263,473
common,40,2.992480350,75,5.000000,mainnet,97,137.751198,14.251411,97.314683,319.796511,609.178841,328,0.032800000,0.968241673,101
common,40,2.992480350,75,5.000000,mainnet,98,136.930945,14.319184,93.926454,315.891245,630.380109,351,0.035100000,0.966090233,289
common,40,2.992480350,75,5.000000,mainnet,99,138.072621,14.769751,94.578464,319.746798,637.429221,365,0.036500000,0.964785335,207
common,40,2.992480350,75,5.000000,mainnet,100,135.604735,14.630705,94.762708,309.824218,627.783304,354,0.035400000,0.965810315,238
common,40,2.992480350,75,10.000000,mainnet,1,137.885019,14.824497,95.718555,315.780208,620.569433,736,0.073600000,0.931445604,99
common,40,2.992480350,75,10.000000,mainnet,2,137.988371,14.160101,94.296056,321.381825,633.679724,678,0.067800000,0.936504963,103
common,40,2.992480350,75,10.000000,mainnet,3,134.654547,14.715151,94.361949,307.991496,593.996142,711,0.071100000,0.933619643,55
common,40,2.992480350,75,10.000000,mainnet,4,137.711281,14.914118,97.270379,310.941818,623.925426,701,0.070100000,0.934492104,52
common,40,2.992480350,75,10.000000,mainnet,5,137.502233,13.739754,95.526880,317.008468,630.830346,765,0.076500000,0.928936368,101
common,40,2.992480350,75,10.000000,mainnet,6,136.296744,14.080149,94.461387,315.696834,617.151774,703,0.070300000,0.934317481,531
common,40,2.992480350,75,10.000000,mainnet,7,138.176915,15.367537,96.621770,317.632785,616.879488,723,0.072300000,0.932574839,45
common,40,2.992480350,75,10.000000,mainnet,8,137.848736,14.094712,96.842705,315.495191,649.054071,714,0.071400000,0.933358223,69
common,40,2.992480350,75,10.000000,mainnet,9,136.006780,14.238043,92.321805,315.887868,614.720538,732,0.073200000,0.931792769,168
common,40,2.992480350,75,10.000000,mainnet,10,136.403173,13.839848,95.420427,314.305802,622.091451,725,0.072500000,0.932400932,251
common,40,2.992480350,75,10.000000,mainnet,11,134.246658,14.262820,92.172170,307.653443,617.270075,746,0.074600000,0.930578820,102
common,40,2.992480350,75,10.000000,mainnet,12,138.384304,13.661548,95.384297,323.605901,625.409217,699,0.069900000,0.934666791,123
common,40,2.992480350,75,10.000000,mainnet,13,136.142127,14.709322,96.069036,310.785325,621.460266,740,0.074000000,0.931098696,98
common,40,2.992480350,75,10.000000,mainnet,14,136.344531,14.981354,95.032458,314.741866,625.711536,671,0.067100000,0.937119295,111
common,40,2.992480350,75,10.000000,mainnet,15,136.581212,14.700040,92.682483,317.290669,657.390542,702,0.070200000,0.934404784,31
common,40,2.992480350,75,10.000000,mainnet,16,136.403571,14.149363,93.864516,318.892018,632.555089,748,0.074800000,0.930405657,140
common,40,2.992480350,75,10.000000,mainnet,17,138.050908,14.271230,96.901854,314.313003,632.968795,679,0.067900000,0.936417268,252
common,40,2.992480350,75,10.000000,mainnet,18,140.475465,13.846035,97.271372,324.036615,660.092036,725,0.072500000,0.932400932,289
common,40,2.992480350,75,10.000000,mainnet,19,137.861671,14.177249,97.567238,312.862591,616.625231,713,0.071300000,0.933445347,56
common,40,2.992480350,75,10.000000,mainnet,20,136.171235,15.286003,94.500141,308.917841,625.673976,689,0.068900000,0.935541211,200
common,40,2.992480350,75,10.000000,mainnet,21,135.268891,14.061321,95.674165,311.315832,615.954528,730,0.073000000,0.931966449,455
common,40,2.992480350,75,10.000000,mainnet,22,135.439626,14.520353,93.493176,317.778702,622.323913,758,0.075800000,0.929540807,181
common,40,2.992480350,75,10.000000,mainnet,23,136.623155,14.094168,93.382841,318.730625,652.881536,693,0.069300000,0.935191247,97
common,40,2.992480350,75,10.000000,mainnet,24,136.502224,14.551437,95.722594,313.924977,625.945218,678,0.067800000,0.936504963,137
common,40,2.992480350,75,10.000000,mainnet,25,136.636419,14.181219,94.440706,312.212710,640.360303,672,0.067200000,0.937031484,97
common,40,2.992480350,75,10.000000,mainnet,26,136.119215,14.715699,93.660952,317.118513,619.820191,675,0.067500000,0.936768150,20
common,40,2.992480350,75,10.000000,mainnet,27,137.700573,14.055850,95.003726,319.389563,632.855564,683,0.068300000,0.936066648,20
common,40,2.992480350,75,10.000000,mainnet,28,137.224204,14.536439,95.503738,318.763147,628.724450,692,0.069200000,0.935278713,230
common,40,2.992480350,75,10.000000,mainnet,29,136.534131,14.207061,95.047012,319.187283,625.813495,735,0.073500000,0.931532371,426
common,40,2.992480350,75,10.000000,mainnet,30,139.633561,14.480017,97.218171,318.674925,636.238457,722,0.072200000,0.932661817,219
common,40,2.992480350,75,10.000000,mainnet,31,139.575302,14.769468,96.163707,325.720816,665.613403,674,0.067400000,0.936855912,682
common,40,2.992480350,75,10.000000,mainnet,32,136.188450,13.466407,94.247908,314.519702,609.346927,716,0.071600000,0.933184024,17
common,40,2.992480350,75,10.000000,mainnet,33,137.796652,14.537140,94.334057,317.517254,634.154301,696,0.069600000,0.934928945,17
common,40,2.992480350,75,10.000000,mainnet,34,135.735021,14.431627,94.484921,307.542954,614.168923,691,0.069100000,0.935366196,30
common,40,2.992480350,75,10.000000,mainnet,35,135.962705,14.403170,95.714956,312.665718,632.899227,719,0.071900000,0.932922847,131
common,40,2.992480350,75,10.000000,mainnet,36,135.914247,13.845621,94.256017,311.629825,628.889454,696,0.069600000,0.934928945,219
common,40,2.992480350,75,10.000000,mainnet,37,136.257731,14.927273,93.442055,312.010431,627.096577,758,0.075800000,0.929540807,94
common,40,2.992480350,75,10.000000,mainnet,38,136.755520,14.047019,93.765770,320.389832,635.923744,686,0.068600000,0.935803856,94
common,40,2.992480350,75,10.000000,mainnet,39,136.809001,14.246496,95.358280,315.204077,618.852303,730,0.073000000,0.931966449,210
common,40,2.992480350,75,10.000000,mainnet,40,135.787123,14.973207,95.984727,312.674115,611.287979,762,0.076200000,0.929195317,284
common,40,2.992480350,75,10.000000,mainnet,41,135.326090,14.491848,94.272114,308.620327,634.263619,713,0.071300000,0.933445347,151
common,40,2.992480350,75,10.000000,mainnet,42,137.827015,14.332696,95.662813,319.257207,644.603654,701,0.070100000,0.934492104,17
common,40,2.992480350,75,10.000000,mainnet,43,134.866452,13.590048,93.012002,317.050540,604.569842,678,0.067800000,0.936504963,117
common,40,2.992480350,75,10.000000,mainnet,44,138.235284,15.355723,96.482013,319.562363,627.348243,711,0.071100000,0.933619643,48
common,40,2.992480350,75,10.000000,mainnet,45,136.736115,14.153734,94.368637,318.146410,640.562567,755,0.075500000,0.929800093,27
common,40,2.992480350,75,10.000000,mainnet,46,136.357725,14.307780,95.056452,311.672306,638.384159,713,0.071300000,0.933445347,32
common,40,2.992480350,75,10.000000,mainnet,47,138.531669,14.444223,95.232257,318.909225,636.580122,715,0.071500000,0.933271115,655
common,40,2.992480350,75,10.000000,mainnet,48,137.155380,14.785640,94.868636,312.377110,630.535578,725,0.072500000,0.932400932,46
common,40,2.992480350,75,10.000000,mainnet,49,140.545851,15.233822,97.149534,326.251613,634.442748,703,0.070300000,0.934317481,75
common,40,2.992480350,75,10.000000,mainnet,50,137.518410,14.083571,95.643718,318.248007,641.395013,682,0.068200000,0.936154278,144
common,40,2.992480350,75,10.000000,mainnet,51,139.035343,14.925414,95.473647,317.341896,651.972475,736,0.073600000,0.931445604,39
common,40,2.992480350,75,10.000000,mainnet,52,137.100268,14.328523,95.780505,314.332030,643.756885,668,0.066800000,0.937382827,735
common,40,2.992480350,75,10.000000,mainnet,53,138.749298,14.891487,97.660197,317.680515,638.114402,709,0.070900000,0.933794005,63
common,40,2.992480350,75,10.000000,mainnet,54,138.550003,14.235348,96.091651,320.486421,634.114385,720,0.072000000,0.932835821,182
common,40,2.992480350,75,10.000000,mainnet,55,136.887259,14.535492,95.972069,312.839747,635.990864,750,0.075000000,0.930232558,65
common,40,2.992480350,75,10.000000,mainnet,56,135.218593,14.173207,93.942844,314.921292,598.097826,727,0.072700000,0.932227091,98
common,40,2.992480350,75,10.000000,mainnet,57,136.383241,14.289785,94.541676,316.248201,637.031969,705,0.070500000,0.934142924,108
common,40,2.992480350,75,10.000000,mainnet,58,136.542052,14.570268,93.801992,315.931244,633.109627,701,0.070100000,0.934492104,17
common,40,2.992480350,75,10.000000,mainnet,59,137.185680,14.484546,94.080256,312.864386,648.659842,736,0.073600000,0.931445604,217
common,40,2.992480350,75,10.000000,mainnet,60,138.351886,14.917093,94.880064,321.058495,627.127074,688,0.068800000,0.935628743,188
common,40,2.992480350,75,10.000000,mainnet,61,136.041173,14.970151,94.182988,314.983886,615.106207,747,0.074700000,0.930492230,98
common,40,2.992480350,75,10.000000,mainnet,62,136.930269,14.548818,96.743360,311.790188,625.629774,688,0.068800000,0.935628743,20
common,40,2.992480350,75,10.000000,mainnet,63,137.143829,14.089214,94.046088,314.326187,624.031384,683,0.068300000,0.936066648,48
common,40,2.992480350,75,10.000000,mainnet,64,139.985658,14.682611,97.018206,322.767526,637.201828,741,0.074100000,0.931012010,205
common,40,2.992480350,75,10.000000,mainnet,65,135.539627,13.683451,93.393002,309.284685,647.065194,688,0.068800000,0.935628743,96
common,40,2.992480350,75,10.000000,mainnet,66,137.450996,14.338073,94.402374,320.055083,610.344733,690,0.069000000,0.935453695,196
common,40,2.992480350,75,10.000000,mainnet,67,138.005738,13.614961,94.653696,315.137634,649.839645,676,0.067600000,0.936680405,182
common,40,2.992480350,75,10.000000,mainnet,68,138.889659,14.668295,97.212459,321.567155,630.023315,733,0.073300000,0.931705954,55
common,40,2.992480350,75,10.000000,mainnet,69,139.656756,14.394141,96.668069,321.508928,649.399905,695,0.069500000,0.935016363,805
common,40,2.992480350,75,10.000000,mainnet,70,135.441868,14.372445,92.541450,313.293122,649.491771,740,0.074000000,0.931098696,85
common,40,2.992480350,75,10.000000,mainnet,71,136.901037,13.905446,94.656808,317.751822,629.441702,692,0.069200000,0.935278713,17
common,40,2.992480350,75,10.000000,mainnet,72,138.721045,14.589866,97.403379,320.642117,636.617959,688,0.068800000,0.935628743,342
common,40,2.992480350,75,10.000000,mainnet,73,136.822500,15.185248,94.295787,310.297684,649.962780,714,0.071400000,0.933358223,54
common,40,2.992480350,75,10.000000,mainnet,74,139.275278,15.047238,95.667288,322.283037,644.163940,746,0.074600000,0.930578820,175
common,40,2.992480350,75,10.000000,mainnet,75,138.248946,14.675222,94.864431,314.029877,641.012824,676,0.067600000,0.936680405,54
common,40,2.992480350,75,10.000000,mainnet,76,136.894188,13.751355,95.268651,316.536408,622.819569,701,0.070100000,0.934492104,97
common,40,2.992480350,75,10.000000,mainnet,77,136.542325,14.028029,95.788380,311.572914,625.853948,720,0.072000000,0.932835821,108
common,40,2.992480350,75,10.000000,mainnet,78,136.082126,14.273417,95.330295,311.467647,615.135803,682,0.068200000,0.936154278,146
common,40,2.992480350,75,10.000000,mainnet,79,138.487007,15.079550,96.752200,319.761432,630.103492,726,0.072600000,0.932314003,362
common,40,2.992480350,75,10.000000,mainnet,80,136.292489,13.862232,95.039928,315.671284,636.907722,690,0.069000000,0.935453695,40
common,40,2.992480350,75,10.000000,mainnet,81,135.110963,13.831616,94.200477,310.109152,619.600429,711,0.071100000,0.933619643,25
common,40,2.992480350,75,10.000000,mainnet,82,137.845467,14.598785,94.351890,319.575167,629.176326,698,0.069800000,0.934754160,59
common,40,2.992480350,75,10.000000,mainnet,83,137.873743,15.432294,95.669401,316.587928,614.850143,727,0.072700000,0.932227091,457
common,40,2.992480350,75,10.000000,mainnet,84,138.719859,14.296222,94.436422,316.783920,661.644330,680,0.068000000,0.936329588,123
common,40,2.992480350,75,10.000000,mainnet,85,134.885360,14.233726,92.569813,311.999824,604.911960,733,0.073300000,0.931705954,235
common,40,2.992480350,75,10.000000,mainnet,86,137.926359,14.559742,95.572246,317.478684,624.453883,714,0.071400000,0.933358223,17
common,40,2.992480350,75,10.000000,mainnet,87,136.638013,14.405172,95.426212,313.434888,618.977883,736,0.073600000,0.931445604,278
common,40,2.992480350,75,10.000000,mainnet,88,134.626329,14.590993,94.060670,307.567126,612.083051,696,0.069600000,0.934928945,149
common,40,2.992480350,75,10.000000,mainnet,89,137.380368,14.044900,93.376767,323.398721,664.722516,702,0.070200000,0.934404784,333
common,40,2.992480350,75,10.000000,mainnet,90,138.401518,14.471950,95.652485,319.935591,642.309805,687,0.068700000,0.935716291,129
common,40,2.992480350,75,10.000000,mainnet,91,137.131719,14.336668,93.984561,316.851206,647.615025,693,0.069300000,0.935191247,17
common,40,2.992480350,75,10.000000,mainnet,92,133.668829,14.011880,91.840128,309.774327,625.409757,724,0.072400000,0.932487878,59
common,40,2.992480350,75,10.000000,mainnet,93,134.715720,14.416792,92.422501,312.540856,614.368346,684,0.068400000,0.935979034,73
common,40,2.992480350,75,10.000000,mainnet,94,138.192927,14.651349,95.844134,318.044872,627.395180,728,0.072800000,0.932140194,183
common,40,2.992480350,75,10.000000,mainnet,95,138.141435,14.735755,96.880083,318.170653,629.001317,687,0.068700000,0.935716291,159
common,40,2.992480350,75,10.000000,mainnet,96,138.672181,13.633364,96.152975,317.253068,631.022897,766,0.076600000,0.928850084,344
common,40,2.992480350,75,10.000000,mainnet,97,136.973512,14.246720,95.976656,317.029295,609.680561,717,0.071700000,0.933096949,96
common,40,2.992480350,75,10.000000,mainnet,98,136.727070,14.243731,95.531761,314.157720,616.468284,694,0.069400000,0.935103797,283
common,40,2.992480350,75,10.000000,mainnet,99,135.972592,14.193605,94.314033,313.607529,632.189201,737,0.073700000,0.931358853,264
common,40,2.992480350,75,10.000000,mainnet,100,134.892401,14.582017,94.579036,305.540355,608.273690,728,0.072800000,0.932140194,144
common,60,2.992480350,75,0.500000,mainnet,1,93.254857,9.699678,64.150828,215.185170,431.260406,50,0.005000000,0.995024876,32
common,60,2.992480350,75,0.500000,mainnet,2,92.793192,9.935712,63.240511,214.885691,428.144802,48,0.004800000,0.995222930,81
common,60,2.992480350,75,0.500000,mainnet,3,92.640125,9.808247,65.286167,214.988206,400.437543,48,0.004800000,0.995222930,18
common,60,2.992480350,75,0.500000,mainnet,4,92.397966,9.885375,64.863404,213.329423,409.625801,55,0.005500000,0.994530085,21
common,60,2.992480350,75,0.500000,mainnet,5,94.110106,9.604354,65.280309,214.594151,428.242955,57,0.005700000,0.994332306,18
common,60,2.992480350,75,0.500000,mainnet,6,92.490892,9.560063,63.592775,213.226360,419.961392,52,0.005200000,0.994826900,35
common,60,2.992480350,75,0.500000,mainnet,7,93.186123,10.241309,64.910386,214.524688,426.027214,41,0.004100000,0.995916741,57
common,60,2.992480350,75,0.500000,mainnet,8,92.106510,9.550459,64.681305,210.883383,421.654617,51,0.005100000,0.994925878,18
common,60,2.992480350,75,0.500000,mainnet,9,92.793392,9.948492,62.097672,216.063932,425.350720,49,0.004900000,0.995123893,30
common,60,2.992480350,75,0.500000,mainnet,10,93.003637,9.448786,64.158560,213.056730,434.483251,50,0.005000000,0.995024876,17
common,60,2.992480350,75,0.500000,mainnet,11,92.185473,9.831668,63.434344,210.371834,442.992610,64,0.006400000,0.993640700,49
common,60,2.992480350,75,0.500000,mainnet,12,93.812052,9.527914,64.274130,219.668745,426.159496,54,0.005400000,0.994629003,19
common,60,2.992480350,75,0.500000,mainnet,13,91.530150,9.463494,63.445688,210.275968,419.576104,61,0.006100000,0.993936984,62
common,60,2.992480350,75,0.500000,mainnet,14,93.027405,10.149179,65.867805,214.278452,424.612277,50,0.005000000,0.995024876,24
common,60,2.992480350,75,0.500000,mainnet,15,92.730680,10.100023,63.661908,209.986174,426.787702,70,0.007000000,0.993048659,24
common,60,2.992480350,75,0.500000,mainnet,16,93.155325,9.697094,65.634649,215.569059,422.914978,49,0.004900000,0.995123893,17
common,60,2.992480350,75,0.500000,mainnet,17,92.564406,9.768177,64.680167,212.719423,428.230608,59,0.005900000,0.994134606,20
common,60,2.992480350,75,0.500000,mainnet,18,93.459512,9.363675,64.728417,217.522787,433.204665,39,0.003900000,0.996115151,17
common,60,2.992480350,75,0.500000,mainnet,19,93.607421,9.929029,64.556677,216.997535,429.914179,53,0.005300000,0.994727942,33
common,60,2.992480350,75,0.500000,mainnet,20,92.875809,10.064533,65.073389,209.705243,417.170905,51,0.005100000,0.994925878,58
common,60,2.992480350,75,0.500000,mainnet,21,92.229196,9.418422,64.187593,212.639033,412.254483,63,0.006300000,0.993739442,37
common,60,2.992480350,75,0.500000,mainnet,22,92.597735,9.895508,63.819774,215.738920,424.639483,46,0.004600000,0.995421063,18
common,60,2.992480350,75,0.500000,mainnet,23,93.414249,10.358547,64.877858,214.754020,440.052030,38,0.003800000,0.996214385,24
common,60,2.992480350,75,0.500000,mainnet,24,92.962026,9.906740,63.931288,215.334877,425.458394,60,0.006000000,0.994035785,17
common,60,2.992480350,75,0.500000,mainnet,25,92.460060,9.523939,63.843388,212.485071,424.112060,52,0.005200000,0.994826900,74
common,60,2.992480350,75,0.500000,mainnet,26,93.220062,9.931090,64.813089,215.406985,412.083614,47,0.004700000,0.995321987,21
common,60,2.992480350,75,0.500000,mainnet,27,92.943675,9.629181,64.367074,214.488028,421.903709,52,0.005200000,0.994826900,27
common,60,2.992480350,75,0.500000,mainnet,28,92.534840,9.614810,64.187759,214.873431,424.356039,49,0.004900000,0.995123893,28
common,60,2.992480350,75,0.500000,mainnet,29,92.701030,9.676816,64.588757,215.537272,421.632055,56,0.005600000,0.994431185,44
common,60,2.992480350,75,0.500000,mainnet,30,94.864400,9.821064,66.146170,216.821298,429.729809,49,0.004900000,0.995123893,17
common,60,2.992480350,75,0.500000,mainnet,31,93.152842,9.698055,64.137322,218.767850,443.201028,57,0.005700000,0.994332306,17
common,60,2.992480350,75,0.500000,mainnet,32,91.618294,9.365677,63.341798,212.358681,414.545540,61,0.006100000,0.993936984,79
common,60,2.992480350,75,0.500000,mainnet,33,93.224803,10.214880,64.223221,215.731943,427.896590,48,0.004800000,0.995222930,24
common,60,2.992480350,75,0.500000,mainnet,34,91.463705,9.775292,63.067712,209.444098,427.386948,48,0.004800000,0.995222930,17
common,60,2.992480350,75,0.500000,mainnet,35,93.353639,9.981436,65.723546,213.435842,435.062209,56,0.005600000,0.994431185,19
common,60,2.992480350,75,0.500000,mainnet,36,91.198355,9.614732,63.202059,208.274769,428.572290,52,0.005200000,0.994826900,22
common,60,2.992480350,75,0.500000,mainnet,37,92.804841,9.839558,62.963881,213.848913,436.840725,52,0.005200000,0.994826900,44
common,60,2.992480350,75,0.500000,mainnet,38,92.979352,9.167304,64.015766,216.420253,424.150660,46,0.004600000,0.995421063,20
common,60,2.992480350,75,0.500000,mainnet,39,94.072891,10.136734,64.974145,216.303551,431.760377,48,0.004800000,0.995222930,24
common,60,2.992480350,75,0.500000,mainnet,40,93.891933,10.143775,65.190422,214.584137,429.914111,58,0.005800000,0.994233446,42
common,60,2.992480350,75,0.500000,mainnet,41,92.303938,9.857596,64.357494,209.749546,441.427907,56,0.005600000,0.994431185,21
common,60,2.992480350,75,0.500000,mainnet,42,93.965172,9.967298,64.885081,215.071628,436.708457,67,0.006700000,0.993344591,27
common,60,2.992480350,75,0.500000,mainnet,43,92.111641,9.687562,64.331334,214.492403,411.888274,54,0.005400000,0.994629003,17
common,60,2.992480350,75,0.500000,mainnet,44,93.602976,9.977027,65.482364,215.735768,438.977980,49,0.004900000,0.995123893,39
common,60,2.992480350,75,0.500000,mainnet,45,92.562512,9.669617,63.952473,216.861138,431.077781,52,0.005200000,0.994826900,36
common,60,2.992480350,75,0.500000,mainnet,46,93.332940,9.288800,63.841664,214.355061,445.692753,55,0.005500000,0.994530085,17
common,60,2.992480350,75,0.500000,mainnet,47,92.831169,9.865808,63.395333,216.663787,435.117802,69,0.006900000,0.993147284,35
common,60,2.992480350,75,0.500000,mainnet,48,93.149306,9.700692,64.067438,215.060474,428.662270,62,0.006200000,0.993838203,31
common,60,2.992480350,75,0.500000,mainnet,49,94.717871,10.113855,66.238148,216.637606,434.056149,51,0.005100000,0.994925878,33
common,60,2.992480350,75,0.500000,mainnet,50,92.378079,9.280309,63.306803,214.974804,429.397498,53,0.005300000,0.994727942,30
common,60,2.992480350,75,0.500000,mainnet,51,93.241530,9.965809,63.649098,214.610607,449.367523,59,0.005900000,0.994134606,18
common,60,2.992480350,75,0.500000,mainnet,52,92.311015,9.763906,63.096848,213.073218,438.023447,46,0.004600000,0.995421063,18
common,60,2.992480350,75,0.500000,mainnet,53,93.235483,9.760460,63.855418,216.606630,436.066501,58,0.005800000,0.994233446,44
common,60,2.992480350,75,0.500000,mainnet,54,93.162597,9.778528,64.769414,212.451402,438.691768,55,0.005500000,0.994530085,88
common,60,2.992480350,75,0.500000,mainnet,55,93.196642,9.865768,65.207416,212.520818,438.793175,55,0.005500000,0.994530085,17
common,60,2.992480350,75,0.500000,mainnet,56,93.975388,10.155025,65.544135,218.764696,424.433285,53,0.005300000,0.994727942,41
common,60,2.992480350,75,0.500000,mainnet,57,92.611370,10.234177,64.042614,213.394320,430.342737,56,0.005600000,0.994431185,24
common,60,2.992480350,75,0.500000,mainnet,58,92.739671,10.062395,64.469231,216.088834,425.217645,57,0.005700000,0.994332306,17
common,60,2.992480350,75,0.500000,mainnet,59,91.978575,9.497789,64.250305,209.872973,432.129316,63,0.006300000,0.993739442,20
common,60,2.992480350,75,0.500000,mainnet,60,93.304844,10.307887,64.199475,218.527579,417.616660,47,0.004700000,0.995321987,39
common,60,2.992480350,75,0.500000,mainnet,61,93.250994,10.527007,64.756664,216.304232,418.929999,57,0.005700000,0.994332306,17
common,60,2.992480350,75,0.500000,mainnet,62,92.802251,9.906728,65.186175,211.575426,430.240371,52,0.005200000,0.994826900,31
common,60,2.992480350,75,0.500000,mainnet,63,91.959412,9.241665,63.925773,210.905090,421.666775,57,0.005700000,0.994332306,40
common,60,2.992480350,75,0.500000,mainnet,64,93.678222,9.840474,65.291279,215.613591,435.628737,53,0.005300000,0.994727942,17
common,60,2.992480350,75,0.500000,mainnet,65,91.785368,9.468827,63.476821,211.393964,431.376796,47,0.004700000,0.995321987,27
common,60,2.992480350,75,0.500000,mainnet,66,92.755339,9.863954,63.602511,216.521864,422.922962,58,0.005800000,0.994233446,22
common,60,2.992480350,75,0.500000,mainnet,67,93.965449,9.744097,65.025199,215.381974,434.746257,53,0.005300000,0.994727942,22
common,60,2.992480350,75,0.500000,mainnet,68,94.095728,9.983974,65.440221,219.407385,426.074660,47,0.004700000,0.995321987,17
common,60,2.992480350,75,0.500000,mainnet,69,93.085945,9.745662,65.199986,215.672160,430.869089,54,0.005400000,0.994629003,29
common,60,2.992480350,75,0.500000,mainnet,70,93.181970,9.975547,62.936882,215.360545,443.498928,46,0.004600000,0.995421063,18
common,60,2.992480350,75,0.500000,mainnet,71,92.910563,9.816516,63.969315,214.551739,425.455924,54,0.005400000,0.994629003,21
common,60,2.992480350,75,0.500000,mainnet,72,91.726126,9.435609,63.459497,213.124152,422.688376,60,0.006000000,0.994035785,28
common,60,2.992480350,75,0.500000,mainnet,73,93.606051,9.831185,64.658725,212.422834,443.819472,59,0.005900000,0.994134606,47
common,60,2.992480350,75,0.500000,mainnet,74,94.065093,10.437997,64.305472,220.960048,430.237748,50,0.005000000,0.995024876,18
common,60,2.992480350,75,0.500000,mainnet,75,93.443635,9.521944,63.990460,212.672611,444.850774,50,0.005000000,0.995024876,31
common,60,2.992480350,75,0.500000,mainnet,76,92.706920,10.020900,63.260744,215.366797,427.349051,57,0.005700000,0.994332306,34
common,60,2.992480350,75,0.500000,mainnet,77,93.150759,9.462550,65.081568,215.037409,419.903380,59,0.005900000,0.994134606,31
common,60,2.992480350,75,0.500000,mainnet,78,91.897767,9.599777,64.174124,212.689419,416.770034,44,0.004400000,0.995619275,21
common,60,2.992480350,75,0.500000,mainnet,79,94.089179,10.400458,65.970369,214.934899,440.940341,57,0.005700000,0.994332306,17
common,60,2.992480350,75,0.500000,mainnet,80,92.687619,9.626623,63.640241,214.754248,444.212982,50,0.005000000,0.995024876,17
common,60,2.992480350,75,0.500000,mainnet,81,93.791069,9.714327,66.072989,214.084645,438.190233,58,0.005800000,0.994233446,17
common,60,2.992480350,75,0.500000,mainnet,82,92.962383,9.977200,64.115098,215.852267,433.080561,53,0.005300000,0.994727942,21
common,60,2.992480350,75,0.500000,mainnet,83,93.588666,9.864087,65.188857,216.032865,429.600127,72,0.007200000,0.992851469,35
common,60,2.992480350,75,0.500000,mainnet,84,93.916314,9.647303,65.181824,215.119762,440.355143,51,0.005100000,0.994925878,17
common,60,2.992480350,75,0.500000,mainnet,85,93.141121,9.890498,63.959192,213.739692,421.263885,51,0.005100000,0.994925878,19
common,60,2.992480350,75,0.500000,mainnet,86,93.121342,9.638350,64.500400,215.933567,416.336979,55,0.005500000,0.994530085,25
common,60,2.992480350,75,0.500000,mainnet,87,92.816435,9.563896,64.438806,211.617365,421.501382,78,0.007800000,0.992260369,18
common,60,2.992480350,75,0.500000,mainnet,88,91.186873,9.984534,64.722170,208.603873,411.984045,50,0.005000000,0.995024876,18
common,60,2.992480350,75,0.500000,mainnet,89,93.086345,9.994162,64.169752,219.034873,429.960784,65,0.006500000,0.993541977,18
common,60,2.992480350,75,0.500000,mainnet,90,93.497231,10.044201,64.357342,219.093491,434.346471,50,0.005000000,0.995024876,17
common,60,2.992480350,75,0.500000,mainnet,91,92.681199,9.368568,63.711402,217.189272,432.441968,40,0.004000000,0.996015936,30
common,60,2.992480350,75,0.500000,mainnet,92,91.778699,9.572748,62.008142,213.577280,427.342695,45,0.004500000,0.995520159,32
common,60,2.992480350,75,0.500000,mainnet,93,91.353749,9.674774,62.374014,211.493031,442.519608,48,0.004800000,0.995222930,21
common,60,2.992480350,75,0.500000,mainnet,94,93.790704,10.231473,64.737037,215.380720,423.136988,58,0.005800000,0.994233446,23
common,60,2.992480350,75,0.500000,mainnet,95,93.122601,9.864369,65.521618,214.505597,426.750807,40,0.004000000,0.996015936,27
common,60,2.992480350,75,0.500000,mainnet,96,93.002474,9.309916,63.910937,214.806038,428.014671,40,0.004000000,0.996015936,19
common,60,2.992480350,75,0.500000,mainnet,97,93.137076,9.643577,65.731453,215.402920,430.855663,49,0.004900000,0.995123893,19
common,60,2.992480350,75,0.500000,mainnet,98,93.112617,9.687454,65.033403,214.327491,423.615308,56,0.005600000,0.994431185,37
common,60,2.992480350,75,0.500000,mainnet,99,93.024879,9.520057,63.112196,218.608966,439.107608,59,0.005900000,0.994134606,17
common,60,2.992480350,75,0.500000,mainnet,100,93.092571,10.197176,64.127619,212.132740,437.784885,43,0.004300000,0.995718411,53
common,60,2.992480350,75,1.000000,mainnet,1,93.582275,9.834934,65.131449,212.797032,431.260406,104,0.010400000,0.989707047,32
common,60,2.992480350,75,1.000000,mainnet,2,92.151427,9.775085,64.174682,212.030518,425.919959,90,0.009000000,0.991080278,68
common,60,2.992480350,75,1.000000,mainnet,3,92.540021,9.681433,65.286167,214.120869,401.229528,104,0.010400000,0.989707047,18
common,60,2.992480350,75,1.000000,mainnet,4,92.831537,10.078399,64.707284,214.487983,411.703720,111,0.011100000,0.989021857,21
common,60,2.992480350,75,1.000000,mainnet,5,94.157022,9.604354,65.407168,214.396121,426.248975,104,0.010400000,0.989707047,18
common,60,2.992480350,75,1.000000,mainnet,6,92.678713,9.595685,63.524946,214.356076,415.406325,99,0.009900000,0.990197049,35
common,60,2.992480350,75,1.000000,mainnet,7,93.099780,10.210820,64.830500,213.054253,426.864041,110,0.011000000,0.989119683,57
common,60,2.992480350,75,1.000000,mainnet,8,92.720775,9.732591,65.403293,211.805452,426.350871,106,0.010600000,0.989511181,18
common,60,2.992480350,75,1.000000,mainnet,9,92.343526,9.728444,62.138131,215.388778,429.876865,106,0.010600000,0.989511181,30
common,60,2.992480350,75,1.000000,mainnet,10,92.620078,9.554134,64.360374,214.096973,422.682199,115,0.011500000,0.988630746,17
common,60,2.992480350,75,1.000000,mainnet,11,92.336041,9.954553,63.422937,212.731458,427.716852,121,0.012100000,0.988044660,49
common,60,2.992480350,75,1.000000,mainnet,12,93.477089,9.600776,64.081365,218.697423,424.812139,92,0.009200000,0.990883868,19
common,60,2.992480350,75,1.000000,mainnet,13,92.272688,9.369291,64.157863,211.982577,432.158266,103,0.010300000,0.989805008,62
common,60,2.992480350,75,1.000000,mainnet,14,93.353526,10.359410,66.395621,215.958841,424.612277,86,0.008600000,0.991473329,24
common,60,2.992480350,75,1.000000,mainnet,15,92.805324,10.043106,64.001705,210.062700,438.260362,124,0.012400000,0.987751877,24
common,60,2.992480350,75,1.000000,mainnet,16,92.302412,9.715254,64.756437,214.645228,420.267542,105,0.010500000,0.989609104,17
common,60,2.992480350,75,1.000000,mainnet,17,92.450032,9.750735,64.636582,212.524381,427.866980,108,0.010800000,0.989315394,20
common,60,2.992480350,75,1.000000,mainnet,18,93.603543,9.345847,64.780971,218.072646,434.996771,110,0.011000000,0.989119683,17
common,60,2.992480350,75,1.000000,mainnet,19,93.548932,10.213642,64.438545,214.948500,429.914179,100,0.010000000,0.990099010,49
common,60,2.992480350,75,1.000000,mainnet,20,92.437905,9.976277,64.515119,211.069060,416.593956,92,0.009200000,0.990883868,58
common,60,2.992480350,75,1.000000,mainnet,21,91.729143,9.574585,64.103363,210.280648,410.820695,123,0.012300000,0.987849452,37
common,60,2.992480350,75,1.000000,mainnet,22,92.822813,9.917764,63.790109,216.133321,425.975559,104,0.010400000,0.989707047,18
common,60,2.992480350,75,1.000000,mainnet,23,92.753136,10.352197,64.495087,213.791193,430.679957,88,0.008800000,0.991276764,24
common,60,2.992480350,75,1.000000,mainnet,24,93.752628,9.924597,65.021870,216.840381,430.716194,92,0.009200000,0.990883868,17
common,60,2.992480350,75,1.000000,mainnet,25,92.064574,9.326668,63.881862,213.283794,411.180254,96,0.009600000,0.990491284,23
common,60,2.992480350,75,1.000000,mainnet,26,93.361645,10.142741,64.112032,216.687309,417.132073,91,0.009100000,0.990982063,21
common,60,2.992480350,75,1.000000,mainnet,27,92.988336,9.470063,65.004765,215.016649,421.011641,99,0.009900000,0.990197049,27
common,60,2.992480350,75,1.000000,mainnet,28,92.983796,9.383158,63.981063,215.041244,423.010519,104,0.010400000,0.989707047,28
common,60,2.992480350,75,1.000000,mainnet,29,92.982761,9.615285,64.754374,216.198547,422.763978,109,0.010900000,0.989217529,44
common,60,2.992480350,75,1.000000,mainnet,30,94.584440,9.741602,65.670395,218.517319,434.807003,96,0.009600000,0.990491284,17
common,60,2.992480350,75,1.000000,mainnet,31,92.174121,9.577585,63.601830,215.104827,441.037675,117,0.011700000,0.988435307,17
common,60,2.992480350,75,1.000000,mainnet,32,91.534600,9.394013,64.071486,211.558388,413.197011,109,0.010900000,0.989217529,79
common,60,2.992480350,75,1.000000,mainnet,33,92.833786,10.214880,64.224995,213.177283,427.701913,92,0.009200000,0.990883868,24
common,60,2.992480350,75,1.000000,mainnet,34,91.751603,9.749375,64.028387,208.084479,428.655378,102,0.010200000,0.989902990,17
common,60,2.992480350,75,1.000000,mainnet,35,92.816514,9.831798,65.300930,212.784288,428.868104,102,0.010200000,0.989902990,19
common,60,2.992480350,75,1.000000,mainnet,36,90.951990,9.364115,62.970600,208.274769,423.133666,89,0.008900000,0.991178511,22
common,60,2.992480350,75,1.000000,mainnet,37,93.156576,9.702496,62.845780,214.341939,429.286226,110,0.011000000,0.989119683,44
common,60,2.992480350,75,1.000000,mainnet,38,92.639165,9.235756,63.486664,215.738901,425.962669,85,0.008500000,0.991571641,20
common,60,2.992480350,75,1.000000,mainnet,39,93.670980,10.027659,64.895800,214.416649,434.972539,109,0.010900000,0.989217529,24
common,60,2.992480350,75,1.000000,mainnet,40,94.103677,10.335981,65.701541,213.507536,432.739259,107,0.010700000,0.989413278,42
common,60,2.992480350,75,1.000000,mainnet,41,91.765603,9.837568,63.636464,206.776985,440.849740,110,0.011000000,0.989119683,21
common,60,2.992480350,75,1.000000,mainnet,42,93.945377,10.396907,64.830964,215.239282,441.662752,118,0.011800000,0.988337616,27
common,60,2.992480350,75,1.000000,mainnet,43,91.744153,9.645398,63.710033,213.615777,409.478403,105,0.010500000,0.989609104,17
common,60,2.992480350,75,1.000000,mainnet,44,92.947797,9.945355,65.426852,214.548621,433.014382,94,0.009400000,0.990687537,39
common,60,2.992480350,75,1.000000,mainnet,45,92.846753,9.772025,64.030791,216.194122,434.897737,112,0.011200000,0.988924051,36
common,60,2.992480350,75,1.000000,mainnet,46,92.842143,9.400311,63.623810,214.387319,442.421334,106,0.010600000,0.989511181,17
common,60,2.992480350,75,1.000000,mainnet,47,93.088788,9.550517,63.221936,217.123785,440.451650,125,0.012500000,0.987654321,25
common,60,2.992480350,75,1.000000,mainnet,48,93.480154,9.803514,64.537432,215.814504,433.654085,113,0.011300000,0.988826263,31
common,60,2.992480350,75,1.000000,mainnet,49,95.385216,10.477999,66.365061,218.476957,435.390253,98,0.009800000,0.990295108,33
common,60,2.992480350,75,1.000000,mainnet,50,93.506366,9.618525,63.986892,218.074975,432.011399,117,0.011700000,0.988435307,30
common,60,2.992480350,75,1.000000,mainnet,51,93.902917,9.966094,63.912004,214.890380,458.528790,119,0.011900000,0.988239945,39
common,60,2.992480350,75,1.000000,mainnet,52,92.585082,9.770491,63.868366,213.463502,440.273709,99,0.009900000,0.990197049,18
common,60,2.992480350,75,1.000000,mainnet,53,93.203619,9.929576,64.501047,214.682950,429.658502,110,0.011000000,0.989119683,44
common,60,2.992480350,75,1.000000,mainnet,54,93.522608,9.511991,64.630002,214.402289,448.495915,98,0.009800000,0.990295108,88
common,60,2.992480350,75,1.000000,mainnet,55,93.257557,9.989503,65.180779,213.032465,438.423908,119,0.011900000,0.988239945,17
common,60,2.992480350,75,1.000000,mainnet,56,92.541382,9.934852,64.589473,215.419829,417.516945,107,0.010700000,0.989413278,41
common,60,2.992480350,75,1.000000,mainnet,57,93.483497,10.399602,64.531310,217.046245,430.342737,101,0.010100000,0.990000990,24
common,60,2.992480350,75,1.000000,mainnet,58,92.372404,9.982373,63.790259,215.779505,424.237187,101,0.010100000,0.990000990,17
common,60,2.992480350,75,1.000000,mainnet,59,92.869930,9.629111,64.817224,213.145071,432.129316,125,0.012500000,0.987654321,20
common,60,2.992480350,75,1.000000,mainnet,60,93.113659,10.307887,64.095475,219.351284,420.192146,101,0.010100000,0.990000990,39
common,60,2.992480350,75,1.000000,mainnet,61,93.065126,10.405547,64.359145,216.390998,420.862707,100,0.010000000,0.990099010,17
common,60,2.992480350,75,1.000000,mainnet,62,92.774870,10.043440,65.050917,211.575426,429.626801,103,0.010300000,0.989805008,31
common,60,2.992480350,75,1.000000,mainnet,63,92.890955,9.596051,64.550656,212.550558,425.336799,109,0.010900000,0.989217529,40
common,60,2.992480350,75,1.000000,mainnet,64,93.418698,9.781177,64.999584,214.935853,420.988698,102,0.010200000,0.989902990,17
common,60,2.992480350,75,1.000000,mainnet,65,91.739723,9.386088,63.417524,209.258275,430.947529,106,0.010600000,0.989511181,27
common,60,2.992480350,75,1.000000,mainnet,66,93.063463,9.602922,63.669571,218.452307,422.922962,111,0.011100000,0.989021857,22
common,60,2.992480350,75,1.000000,mainnet,67,94.102863,9.537090,64.836543,214.688408,444.132006,109,0.010900000,0.989217529,22
common,60,2.992480350,75,1.000000,mainnet,68,93.308505,9.923621,65.270887,217.154864,422.837269,110,0.011000000,0.989119683,17
common,60,2.992480350,75,1.000000,mainnet,69,93.582916,9.922846,65.263025,217.513821,432.739975,105,0.010500000,0.989609104,17
common,60,2.992480350,75,1.000000,mainnet,70,93.183622,9.924820,63.292644,215.489271,444.273625,93,0.009300000,0.990785693,18
common,60,2.992480350,75,1.000000,mainnet,71,92.346272,9.598467,63.166709,214.416354,427.790798,114,0.011400000,0.988728495,21
common,60,2.992480350,75,1.000000,mainnet,72,92.138503,9.430552,63.862366,214.274934,423.727948,104,0.010400000,0.989707047,28
common,60,2.992480350,75,1.000000,mainnet,73,93.418709,9.790788,64.062654,214.334231,442.954709,111,0.011100000,0.989021857,47
common,60,2.992480350,75,1.000000,mainnet,74,93.936369,10.415456,64.858473,216.830853,438.703470,109,0.010900000,0.989217529,18
common,60,2.992480350,75,1.000000,mainnet,75,93.549455,9.760305,64.167960,214.114571,453.807246,114,0.011400000,0.988728495,62
common,60,2.992480350,75,1.000000,mainnet,76,92.990633,9.930554,63.687467,213.742254,430.961061,98,0.009800000,0.990295108,34
common,60,2.992480350,75,1.000000,mainnet,77,92.973549,9.266082,65.071008,213.361937,427.025197,127,0.012700000,0.987459267,31
common,60,2.992480350,75,1.000000,mainnet,78,92.289632,9.701713,64.107046,212.870902,416.770034,107,0.010700000,0.989413278,21
common,60,2.992480350,75,1.000000,mainnet,79,94.335974,10.358296,65.849501,216.679450,437.533017,105,0.010500000,0.989609104,17
common,60,2.992480350,75,1.000000,mainnet,80,92.953064,9.735255,63.729926,215.033414,443.729216,109,0.010900000,0.989217529,17
common,60,2.992480350,75,1.000000,mainnet,81,94.514839,9.685805,66.172827,217.631209,454.156096,106,0.010600000,0.989511181,17
common,60,2.992480350,75,1.000000,mainnet,82,92.792098,9.732524,64.129994,215.387118,434.664045,113,0.011300000,0.988826263,21
common,60,2.992480350,75,1.000000,mainnet,83,93.893677,9.996551,65.624278,216.429724,426.050935,116,0.011600000,0.988533017,35
common,60,2.992480350,75,1.000000,mainnet,84,93.525403,9.554716,65.075329,214.188158,434.648818,99,0.009900000,0.990197049,17
common,60,2.992480350,75,1.000000,mainnet,85,92.770838,9.749048,64.184377,212.520447,418.023136,109,0.010900000,0.989217529,19
common,60,2.992480350,75,1.000000,mainnet,86,93.091650,9.547490,63.492563,216.698716,420.617996,113,0.011300000,0.988826263,25
common,60,2.992480350,75,1.000000,mainnet,87,93.255175,9.605441,64.153342,211.961564,429.569842,132,0.013200000,0.986971970,18
common,60,2.992480350,75,1.000000,mainnet,88,91.054534,9.863894,64.281022,209.103514,410.177315,111,0.011100000,0.989021857,17
common,60,2.992480350,75,1.000000,mainnet,89,92.790552,9.958387,64.277245,217.814936,422.000093,129,0.012900000,0.987264291,18
common,60,2.992480350,75,1.000000,mainnet,90,92.891400,10.295401,64.713189,216.030388,425.735116,126,0.012600000,0.987556785,18
common,60,2.992480350,75,1.000000,mainnet,91,92.578118,9.557779,64.248357,214.420743,424.441532,111,0.011100000,0.989021857,30
common,60,2.992480350,75,1.000000,mainnet,92,93.118650,9.866694,62.999228,216.821638,429.724132,95,0.009500000,0.990589401,32
common,60,2.992480350,75,1.000000,mainnet,93,91.082430,9.757706,62.362815,212.311486,428.487248,94,0.009400000,0.990687537,21
common,60,2.992480350,75,1.000000,mainnet,94,94.157249,10.368860,66.087091,215.932812,422.886843,109,0.010900000,0.989217529,23
common,60,2.992480350,75,1.000000,mainnet,95,92.536830,10.110550,64.994981,213.225981,424.560906,105,0.010500000,0.989609104,27
common,60,2.992480350,75,1.000000,mainnet,96,92.777591,9.352754,63.506039,214.236947,428.410471,97,0.009700000,0.990393186,19
common,60,2.992480350,75,1.000000,mainnet,97,92.617577,9.899456,65.873072,213.300933,420.625431,96,0.009600000,0.990491284,19
common,60,2.992480350,75,1.000000,mainnet,98,92.698250,9.687454,64.489641,214.068428,423.281373,109,0.010900000,0.989217529,37
common,60,2.992480350,75,1.000000,mainnet,99,92.729069,9.730552,62.773271,217.894322,439.107608,122,0.012200000,0.987947046,17
common,60,2.992480350,75,1.000000,mainnet,100,93.043854,10.038831,63.982557,214.808379,435.227639,100,0.010000000,0.990099010,53
common,60,2.992480350,75,2.000000,mainnet,1,92.852150,9.592301,64.544567,210.166684,432.788706,214,0.021400000,0.979048365,37
common,60,2.992480350,75,2.000000,mainnet,2,92.324836,9.895298,64.117238,213.912447,424.475452,187,0.018700000,0.981643271,68
common,60,2.992480350,75,2.000000,mainnet,3,91.958875,9.702707,64.230236,210.723938,410.910506,206,0.020600000,0.979815795,18
common,60,2.992480350,75,2.000000,mainnet,4,93.238500,10.137904,64.707284,215.008335,418.336735,224,0.022400000,0.978090767,21
common,60,2.992480350,75,2.000000,mainnet,5,94.113691,9.641764,65.606230,214.325604,432.930050,223,0.022300000,0.978186442,26
common,60,2.992480350,75,2.000000,mainnet,6,92.801898,9.691191,63.008024,217.448203,418.092269,212,0.021200000,0.979240110,35
common,60,2.992480350,75,2.000000,mainnet,7,93.405060,10.245025,65.401181,214.604441,426.864041,209,0.020900000,0.979527868,57
common,60,2.992480350,75,2.000000,mainnet,8,92.150092,9.616852,64.677942,210.638591,432.360986,204,0.020400000,0.980007840,18
common,60,2.992480350,75,2.000000,mainnet,9,92.529699,9.734037,62.808870,215.343241,420.755813,220,0.022000000,0.978473581,42
common,60,2.992480350,75,2.000000,mainnet,10,92.962587,9.749889,64.849347,215.041318,420.779248,186,0.018600000,0.981739643,17
common,60,2.992480350,75,2.000000,mainnet,11,92.262455,9.959148,63.375974,213.178708,439.088652,222,0.022200000,0.978282137,37
common,60,2.992480350,75,2.000000,mainnet,12,92.646719,9.391615,63.643715,217.729955,418.057112,190,0.019000000,0.981354269,27
common,60,2.992480350,75,2.000000,mainnet,13,91.664242,9.716211,64.255251,208.799347,428.613902,224,0.022400000,0.978090767,62
common,60,2.992480350,75,2.000000,mainnet,14,93.521560,10.207582,65.907591,215.761930,431.900334,180,0.018000000,0.982318271,24
common,60,2.992480350,75,2.000000,mainnet,15,92.368813,9.781686,63.234008,209.795495,432.906373,218,0.021800000,0.978665101,24
common,60,2.992480350,75,2.000000,mainnet,16,92.089492,9.657360,64.747512,214.114572,421.703392,208,0.020800000,0.979623824,17
common,60,2.992480350,75,2.000000,mainnet,17,93.118167,9.673254,65.256002,212.699456,429.137758,204,0.020400000,0.980007840,20
common,60,2.992480350,75,2.000000,mainnet,18,94.119375,9.361215,64.987317,218.140099,431.322237,214,0.021400000,0.979048365,17
common,60,2.992480350,75,2.000000,mainnet,19,93.155883,10.177606,65.210190,214.900097,418.030496,223,0.022300000,0.978186442,49
common,60,2.992480350,75,2.000000,mainnet,20,92.247169,10.270754,64.091730,211.089231,417.670919,201,0.020100000,0.980296049,58
common,60,2.992480350,75,2.000000,mainnet,21,91.671508,9.521123,64.818119,210.280648,418.051572,238,0.023800000,0.976753272,37
common,60,2.992480350,75,2.000000,mainnet,22,92.539199,9.771853,64.027522,216.470509,423.174824,216,0.021600000,0.978856695,17
common,60,2.992480350,75,2.000000,mainnet,23,93.143590,9.978341,64.187382,215.448076,431.697406,203,0.020300000,0.980103891,24
common,60,2.992480350,75,2.000000,mainnet,24,92.772842,10.104490,64.877425,214.747259,417.137992,215,0.021500000,0.978952521,17
common,60,2.992480350,75,2.000000,mainnet,25,93.425036,9.545517,64.949637,213.111613,437.967101,205,0.020500000,0.979911808,23
common,60,2.992480350,75,2.000000,mainnet,26,93.516368,9.925351,64.334139,217.202451,414.552083,188,0.018800000,0.981546918,35
common,60,2.992480350,75,2.000000,mainnet,27,92.889395,9.413170,64.341006,214.583928,422.486754,214,0.021400000,0.979048365,27
common,60,2.992480350,75,2.000000,mainnet,28,93.368625,9.482435,64.626959,219.381916,423.010519,206,0.020600000,0.979815795,28
common,60,2.992480350,75,2.000000,mainnet,29,93.578832,9.801027,65.368438,216.191164,423.604604,216,0.021600000,0.978856695,43
common,60,2.992480350,75,2.000000,mainnet,30,94.137595,9.836716,65.774883,214.812675,419.649038,198,0.019800000,0.980584428,17
common,60,2.992480350,75,2.000000,mainnet,31,93.067111,9.675323,64.718499,216.446796,432.119971,206,0.020600000,0.979815795,17
common,60,2.992480350,75,2.000000,mainnet,32,92.040193,9.334573,64.159103,213.594940,414.813586,210,0.021000000,0.979431929,26
common,60,2.992480350,75,2.000000,mainnet,33,92.411700,9.752852,64.223221,213.057278,426.936908,219,0.021900000,0.978569332,24
common,60,2.992480350,75,2.000000,mainnet,34,91.847449,9.861461,63.324336,208.641122,430.654153,210,0.021000000,0.979431929,17
common,60,2.992480350,75,2.000000,mainnet,35,91.950845,9.917192,64.434720,211.270562,425.385968,222,0.022200000,0.978282137,19
common,60,2.992480350,75,2.000000,mainnet,36,91.627363,9.393306,63.040098,211.699254,423.133666,201,0.020100000,0.980296049,22
common,60,2.992480350,75,2.000000,mainnet,37,93.900275,9.847788,62.869276,219.724454,430.979627,208,0.020800000,0.979623824,66
common,60,2.992480350,75,2.000000,mainnet,38,92.251647,9.178916,62.694137,215.846977,427.300211,216,0.021600000,0.978856695,20
common,60,2.992480350,75,2.000000,mainnet,39,92.658240,10.157574,64.506579,213.837752,418.435004,203,0.020300000,0.980103891,24
common,60,2.992480350,75,2.000000,mainnet,40,93.884228,10.274905,65.707305,214.341070,435.980926,235,0.023500000,0.977039570,42
common,60,2.992480350,75,2.000000,mainnet,41,91.595034,9.769509,63.900265,208.134425,437.338570,210,0.021000000,0.979431929,21
common,60,2.992480350,75,2.000000,mainnet,42,94.302837,10.399571,65.431911,216.445728,437.052593,216,0.021600000,0.978856695,27
common,60,2.992480350,75,2.000000,mainnet,43,92.113145,9.654942,63.733910,214.866529,408.511172,208,0.020800000,0.979623824,17
common,60,2.992480350,75,2.000000,mainnet,44,93.362467,10.032434,64.657621,216.258489,435.447525,207,0.020700000,0.979719800,30
common,60,2.992480350,75,2.000000,mainnet,45,92.199809,9.775621,63.464513,213.554032,433.324961,232,0.023200000,0.977326036,36
common,60,2.992480350,75,2.000000,mainnet,46,93.478290,9.616505,64.900586,215.611913,432.786342,224,0.022400000,0.978090767,17
common,60,2.992480350,75,2.000000,mainnet,47,92.917046,9.727714,63.501583,215.184323,436.964364,210,0.021000000,0.979431929,27
common,60,2.992480350,75,2.000000,mainnet,48,93.387910,9.956081,65.065842,213.536845,435.658913,219,0.021900000,0.978569332,42
common,60,2.992480350,75,2.000000,mainnet,49,94.189969,10.246075,65.495337,217.347679,432.238960,224,0.022400000,0.978090767,33
common,60,2.992480350,75,2.000000,mainnet,50,92.837408,9.692991,63.723735,214.768103,427.958591,225,0.022500000,0.977995110,30
common,60,2.992480350,75,2.000000,mainnet,51,94.101556,9.985382,63.912004,214.738428,451.781507,209,0.020900000,0.979527868,39
common,60,2.992480350,75,2.000000,mainnet,52,92.189377,9.456867,63.325717,214.379788,435.280894,209,0.020900000,0.979527868,18
common,60,2.992480350,75,2.000000,mainnet,53,93.002761,9.702956,65.032895,215.451706,414.691316,218,0.021800000,0.978665101,44
common,60,2.992480350,75,2.000000,mainnet,54,93.943564,9.485156,64.494079,217.517702,447.595516,194,0.019400000,0.980969198,74
common,60,2.992480350,75,2.000000,mainnet,55,93.538855,9.394911,65.018033,216.513455,443.674006,222,0.022200000,0.978282137,17
common,60,2.992480350,75,2.000000,mainnet,56,92.284141,9.984611,64.561461,212.369536,419.208345,198,0.019800000,0.980584428,41
common,60,2.992480350,75,2.000000,mainnet,57,92.819510,10.079657,63.931535,216.640109,427.785133,211,0.021100000,0.979336010,24
common,60,2.992480350,75,2.000000,mainnet,58,92.885513,10.077894,64.160135,215.219256,422.888805,201,0.020100000,0.980296049,17
common,60,2.992480350,75,2.000000,mainnet,59,93.211720,9.683291,65.045096,212.730323,441.133361,212,0.021200000,0.979240110,20
common,60,2.992480350,75,2.000000,mainnet,60,93.380401,10.434306,64.248218,219.614008,424.676853,202,0.020200000,0.980199961,39
common,60,2.992480350,75,2.000000,mainnet,61,92.269894,10.297770,62.995422,215.204054,422.422026,203,0.020300000,0.980103891,17
common,60,2.992480350,75,2.000000,mainnet,62,92.429003,10.062364,64.945892,212.056947,430.240371,204,0.020400000,0.980007840,31
common,60,2.992480350,75,2.000000,mainnet,63,93.175047,9.522575,63.892084,215.044761,425.056686,216,0.021600000,0.978856695,22
common,60,2.992480350,75,2.000000,mainnet,64,93.257361,9.614612,64.640914,212.355732,429.758208,213,0.021300000,0.979144228,35
common,60,2.992480350,75,2.000000,mainnet,65,92.422701,9.400201,63.723799,211.232911,430.947529,186,0.018600000,0.981739643,27
common,60,2.992480350,75,2.000000,mainnet,66,93.154240,9.501295,63.881894,218.717801,413.553478,228,0.022800000,0.977708252,22
common,60,2.992480350,75,2.000000,mainnet,67,94.207107,9.600066,64.285983,216.865887,446.988750,204,0.020400000,0.980007840,22
common,60,2.992480350,75,2.000000,mainnet,68,93.695309,10.173589,66.073884,215.567784,425.186836,217,0.021700000,0.978760889,17
common,60,2.992480350,75,2.000000,mainnet,69,93.779711,9.872322,64.796693,218.932719,442.278020,210,0.021000000,0.979431929,17
common,60,2.992480350,75,2.000000,mainnet,70,92.303988,10.203633,62.480685,211.743967,446.138697,217,0.021700000,0.978760889,18
common,60,2.992480350,75,2.000000,mainnet,71,92.503776,9.539174,63.712104,213.943574,428.945661,232,0.023200000,0.977326036,21
common,60,2.992480350,75,2.000000,mainnet,72,93.255350,9.542178,65.046723,216.273941,428.816379,196,0.019600000,0.980776775,28
common,60,2.992480350,75,2.000000,mainnet,73,93.417662,9.951236,64.568338,214.509832,442.004405,228,0.022800000,0.977708252,19
common,60,2.992480350,75,2.000000,mainnet,74,94.087186,10.366995,64.741759,219.571809,437.022626,214,0.021400000,0.979048365,18
common,60,2.992480350,75,2.000000,mainnet,75,93.328417,9.574195,64.803374,213.455437,440.244035,190,0.019000000,0.981354269,18
common,60,2.992480350,75,2.000000,mainnet,76,92.140189,9.334494,63.507698,214.637472,427.647364,208,0.020800000,0.979623824,37
common,60,2.992480350,75,2.000000,mainnet,77,93.201806,9.355560,64.508491,214.422730,439.381384,225,0.022500000,0.977995110,31
common,60,2.992480350,75,2.000000,mainnet,78,92.430589,9.839790,64.471509,209.800482,425.898295,209,0.020900000,0.979527868,21
common,60,2.992480350,75,2.000000,mainnet,79,94.318487,10.294245,65.493774,216.550973,425.839709,230,0.023000000,0.977517107,17
common,60,2.992480350,75,2.000000,mainnet,80,92.564556,9.836125,63.635425,214.277427,431.631981,235,0.023500000,0.977039570,17
common,60,2.992480350,75,2.000000,mainnet,81,93.482134,9.700650,64.825945,214.373987,437.186250,218,0.021800000,0.978665101,17
common,60,2.992480350,75,2.000000,mainnet,82,92.696285,9.736327,63.534285,215.583930,437.138971,213,0.021300000,0.979144228,21
common,60,2.992480350,75,2.000000,mainnet,83,94.392194,10.254609,66.034405,215.247406,429.917118,224,0.022400000,0.978090767,35
common,60,2.992480350,75,2.000000,mainnet,84,92.942398,9.297731,64.191216,212.687030,444.641149,191,0.019100000,0.981257973,17
common,60,2.992480350,75,2.000000,mainnet,85,92.024320,9.424771,63.066414,211.868802,408.869678,219,0.021900000,0.978569332,19
common,60,2.992480350,75,2.000000,mainnet,86,92.766386,9.623439,63.832995,215.510978,416.336979,225,0.022500000,0.977995110,27
common,60,2.992480350,75,2.000000,mainnet,87,93.520581,9.564506,63.995084,214.156153,429.569842,244,0.024400000,0.976181179,18
common,60,2.992480350,75,2.000000,mainnet,88,91.629774,9.744922,64.187837,210.995225,421.215148,198,0.019800000,0.980584428,17
common,60,2.992480350,75,2.000000,mainnet,89,92.871840,9.678119,63.994518,217.915477,434.292583,230,0.023000000,0.977517107,19
common,60,2.992480350,75,2.000000,mainnet,90,93.298743,10.112983,64.357906,217.926700,433.269313,214,0.021400000,0.979048365,18
common,60,2.992480350,75,2.000000,mainnet,91,92.429869,9.727029,63.835883,214.688560,426.103910,224,0.022400000,0.978090767,30
common,60,2.992480350,75,2.000000,mainnet,92,92.539280,9.524837,63.411863,214.231612,430.872063,196,0.019600000,0.980776775,31
common,60,2.992480350,75,2.000000,mainnet,93,91.208904,9.718484,62.651414,210.172340,429.146370,180,0.018000000,0.982318271,21
common,60,2.992480350,75,2.000000,mainnet,94,93.988880,10.330644,65.645392,213.665817,433.574635,203,0.020300000,0.980103891,23
common,60,2.992480350,75,2.000000,mainnet,95,92.998334,10.054343,65.104245,212.449648,425.372837,217,0.021700000,0.978760889,18
common,60,2.992480350,75,2.000000,mainnet,96,92.867074,8.916334,63.755905,214.364470,431.190258,216,0.021600000,0.978856695,17
common,60,2.992480350,75,2.000000,mainnet,97,93.401586,9.937383,66.304924,215.312025,424.693671,193,0.019300000,0.981065437,19
common,60,2.992480350,75,2.000000,mainnet,98,93.303554,9.829808,64.297046,215.526114,424.112260,196,0.019600000,0.980776775,37
common,60,2.992480350,75,2.000000,mainnet,99,93.484124,9.979273,63.624285,218.468422,435.061274,225,0.022500000,0.977995110,17
common,60,2.992480350,75,2.000000,mainnet,100,92.937974,9.882382,64.307491,213.109035,441.007557,213,0.021300000,0.979144228,27
common,60,2.992480350,75,5.000000,mainnet,1,93.384481,9.910353,64.434189,215.096081,432.788706,538,0.053800000,0.948946669,35
common,60,2.992480350,75,5.000000,mainnet,2,93.335221,9.604902,64.394816,216.353764,428.144802,478,0.047800000,0.954380607,82
common,60,2.992480350,75,5.000000,mainnet,3,91.592698,9.683802,64.569841,209.083010,410.528883,537,0.053700000,0.949036728,46
common,60,2.992480350,75,5.000000,mainnet,4,93.381347,10.315664,65.996537,211.977012,423.142946,550,0.055000000,0.947867299,45
common,60,2.992480350,75,5.000000,mainnet,5,92.930325,9.431038,64.211456,213.014524,422.947929,575,0.057500000,0.945626478,26
common,60,2.992480350,75,5.000000,mainnet,6,92.996512,9.863442,64.384082,214.848959,418.922624,525,0.052500000,0.950118765,35
common,60,2.992480350,75,5.000000,mainnet,7,93.252129,10.345143,64.810032,215.680826,418.656760,542,0.054200000,0.948586606,37
common,60,2.992480350,75,5.000000,mainnet,8,93.041225,9.681367,65.711508,213.075824,436.925998,541,0.054100000,0.948676596,33
common,60,2.992480350,75,5.000000,mainnet,9,92.355671,9.679651,63.199103,214.320930,414.071731,567,0.056700000,0.946342387,25
common,60,2.992480350,75,5.000000,mainnet,10,92.388054,9.634429,64.271650,212.865557,419.118913,539,0.053900000,0.948856628,17
common,60,2.992480350,75,5.000000,mainnet,11,91.405196,9.922058,63.328515,207.436020,427.994130,529,0.052900000,0.949757812,33
common,60,2.992480350,75,5.000000,mainnet,12,93.623410,9.096767,64.490407,218.523087,426.159496,507,0.050700000,0.951746455,27
common,60,2.992480350,75,5.000000,mainnet,13,92.129145,9.876583,64.815521,209.186031,420.672984,524,0.052400000,0.950209046,60
common,60,2.992480350,75,5.000000,mainnet,14,93.573041,10.171798,65.260434,217.217784,429.238107,487,0.048700000,0.953561552,24
common,60,2.992480350,75,5.000000,mainnet,15,92.545298,10.088355,63.727200,213.668882,426.027829,530,0.053000000,0.949667616,28
common,60,2.992480350,75,5.000000,mainnet,16,91.745023,9.640002,63.876090,213.785557,419.537156,583,0.058300000,0.944911651,31
common,60,2.992480350,75,5.000000,mainnet,17,92.928403,9.609235,64.881445,213.879948,426.507133,528,0.052800000,0.949848024,20
common,60,2.992480350,75,5.000000,mainnet,18,94.692256,9.336197,65.490700,219.258662,438.697080,507,0.050700000,0.951746455,17
common,60,2.992480350,75,5.000000,mainnet,19,93.409664,9.621544,66.265878,212.258586,423.148604,552,0.055200000,0.947687642,47
common,60,2.992480350,75,5.000000,mainnet,20,92.434704,10.190669,64.326244,208.142518,425.120343,511,0.051100000,0.951384264,71
common,60,2.992480350,75,5.000000,mainnet,21,92.383483,9.504517,64.990426,212.913553,424.427778,521,0.052100000,0.950479992,37
common,60,2.992480350,75,5.000000,mainnet,22,92.568154,10.038439,64.632233,216.519436,423.694863,573,0.057300000,0.945805353,17
common,60,2.992480350,75,5.000000,mainnet,23,93.530323,9.853906,64.072939,216.437487,446.869564,491,0.049100000,0.953197979,24
common,60,2.992480350,75,5.000000,mainnet,24,92.196695,9.980604,64.695306,212.489807,417.545042,524,0.052400000,0.950209046,17
common,60,2.992480350,75,5.000000,mainnet,25,93.527142,9.450895,64.853292,213.161312,436.042309,494,0.049400000,0.952925481,23
common,60,2.992480350,75,5.000000,mainnet,26,92.810087,9.996557,63.418940,214.716492,418.488183,501,0.050100000,0.952290258,35
common,60,2.992480350,75,5.000000,mainnet,27,92.840699,9.582788,64.041907,215.348709,426.978815,510,0.051000000,0.951474786,27
common,60,2.992480350,75,5.000000,mainnet,28,93.156588,9.523487,64.803809,217.492705,427.596012,506,0.050600000,0.951837045,17
common,60,2.992480350,75,5.000000,mainnet,29,92.597065,9.642056,64.871998,213.846275,425.531924,531,0.053100000,0.949577438,37
common,60,2.992480350,75,5.000000,mainnet,30,94.270590,9.785825,65.703153,216.481948,419.698348,538,0.053800000,0.948946669,17
common,60,2.992480350,75,5.000000,mainnet,31,93.628329,9.710933,64.817329,215.509350,445.456249,499,0.049900000,0.952471664,17
common,60,2.992480350,75,5.000000,mainnet,32,91.411615,9.137575,63.577987,211.792404,415.771756,536,0.053600000,0.949126803,26
common,60,2.992480350,75,5.000000,mainnet,33,92.865179,9.570230,64.175302,214.634645,428.240222,528,0.052800000,0.949848024,24
common,60,2.992480350,75,5.000000,mainnet,34,92.044592,9.800739,64.152787,208.712452,416.203625,514,0.051400000,0.951112802,17
common,60,2.992480350,75,5.000000,mainnet,35,92.759549,9.870192,65.256869,214.099503,430.174820,532,0.053200000,0.949487277,35
common,60,2.992480350,75,5.000000,mainnet,36,91.531537,9.299733,63.871258,210.541707,423.133666,528,0.052800000,0.949848024,71
common,60,2.992480350,75,5.000000,mainnet,37,92.566255,9.856277,62.850832,213.797796,426.902598,529,0.052900000,0.949757812,65
common,60,2.992480350,75,5.000000,mainnet,38,92.443905,9.638487,63.277871,215.735607,420.431481,512,0.051200000,0.951293760,20
common,60,2.992480350,75,5.000000,mainnet,39,93.367985,9.901497,64.637768,216.066552,431.211101,534,0.053400000,0.949307006,18
common,60,2.992480350,75,5.000000,mainnet,40,93.228558,10.078574,65.239415,214.770957,430.221721,575,0.057500000,0.945626478,78
common,60,2.992480350,75,5.000000,mainnet,41,92.601476,9.684624,64.237728,212.405201,430.196918,514,0.051400000,0.951112802,21
common,60,2.992480350,75,5.000000,mainnet,42,93.461147,10.037791,64.903991,214.732817,434.395933,521,0.052100000,0.950479992,33
common,60,2.992480350,75,5.000000,mainnet,43,91.820115,9.227666,63.171486,214.815108,415.424066,509,0.050900000,0.951565325,17
common,60,2.992480350,75,5.000000,mainnet,44,93.250035,10.003125,65.812113,215.560237,425.985259,540,0.054000000,0.948766603,38
common,60,2.992480350,75,5.000000,mainnet,45,92.026612,9.638554,63.905430,213.554032,430.290249,563,0.056300000,0.946700748,36
common,60,2.992480350,75,5.000000,mainnet,46,92.920998,9.659547,65.399279,213.013689,432.786342,528,0.052800000,0.949848024,17
common,60,2.992480350,75,5.000000,mainnet,47,93.429915,10.170490,63.979803,216.871672,436.964364,516,0.051600000,0.950931913,36
common,60,2.992480350,75,5.000000,mainnet,48,93.773187,10.143006,64.773329,212.983298,437.239383,543,0.054300000,0.948496633,42
common,60,2.992480350,75,5.000000,mainnet,49,95.241414,10.357143,65.712958,220.794510,432.664962,535,0.053500000,0.949216896,61
common,60,2.992480350,75,5.000000,mainnet,50,93.204422,9.476701,64.301032,216.301405,436.657603,525,0.052500000,0.950118765,17
common,60,2.992480350,75,5.000000,mainnet,51,94.701056,10.095859,64.618199,217.458780,447.085163,538,0.053800000,0.948946669,37
common,60,2.992480350,75,5.000000,mainnet,52,92.373710,9.507429,64.382086,213.004721,437.865104,479,0.047900000,0.954289531,18
common,60,2.992480350,75,5.000000,mainnet,53,93.240129,9.855006,64.687030,214.449515,429.265961,535,0.053500000,0.949216896,42
common,60,2.992480350,75,5.000000,mainnet,54,93.582773,9.434355,64.869680,215.111152,430.731955,529,0.052900000,0.949757812,34
common,60,2.992480350,75,5.000000,mainnet,55,93.190680,9.817586,64.800062,213.546459,434.114484,558,0.055800000,0.947149081,17
common,60,2.992480350,75,5.000000,mainnet,56,91.966611,9.807111,63.707792,213.484838,413.564509,547,0.054700000,0.948136911,44
common,60,2.992480350,75,5.000000,mainnet,57,92.914145,10.079657,64.112696,215.810453,433.569119,527,0.052700000,0.949938254,25
common,60,2.992480350,75,5.000000,mainnet,58,92.659810,9.751598,63.401483,214.644907,433.616826,509,0.050900000,0.951565325,38
common,60,2.992480350,75,5.000000,mainnet,59,92.942954,10.039631,63.951811,213.629639,432.957824,535,0.053500000,0.949216896,20
common,60,2.992480350,75,5.000000,mainnet,60,92.704961,10.221185,63.840694,216.211784,421.273960,499,0.049900000,0.952471664,39
common,60,2.992480350,75,5.000000,mainnet,61,92.278824,10.526094,63.457662,215.348137,420.457512,541,0.054100000,0.948676596,17
common,60,2.992480350,75,5.000000,mainnet,62,92.962817,10.153915,65.505744,213.061558,430.448690,511,0.051100000,0.951384264,31
common,60,2.992480350,75,5.000000,mainnet,63,93.303116,9.511738,63.696260,215.270503,428.579774,490,0.049000000,0.953288847,22
common,60,2.992480350,75,5.000000,mainnet,64,94.186990,9.891993,65.780077,216.948162,426.533455,572,0.057200000,0.945894816,48
common,60,2.992480350,75,5.000000,mainnet,65,92.102652,9.279355,63.812166,209.955239,434.686679,536,0.053600000,0.949126803,25
common,60,2.992480350,75,5.000000,mainnet,66,93.723316,9.646786,64.048817,219.395746,423.313193,517,0.051700000,0.950841495,19
common,60,2.992480350,75,5.000000,mainnet,67,93.558193,9.281150,63.210745,216.231803,441.183430,487,0.048700000,0.953561552,19
common,60,2.992480350,75,5.000000,mainnet,68,93.979062,9.941223,65.966078,216.442451,421.753554,543,0.054300000,0.948496633,21
common,60,2.992480350,75,5.000000,mainnet,69,94.943621,9.596094,65.600772,220.240735,445.177216,530,0.053000000,0.949667616,73
common,60,2.992480350,75,5.000000,mainnet,70,92.043446,9.580948,62.983512,211.521345,451.393863,541,0.054100000,0.948676596,36
common,60,2.992480350,75,5.000000,mainnet,71,92.583694,9.715164,63.429571,214.430010,425.907526,515,0.051500000,0.951022349,29
common,60,2.992480350,75,5.000000,mainnet,72,93.252830,9.786391,65.046723,214.790599,428.460111,497,0.049700000,0.952653139,28
common,60,2.992480350,75,5.000000,mainnet,73,92.747241,10.413139,64.488140,210.553430,443.687255,532,0.053200000,0.949487277,19
common,60,2.992480350,75,5.000000,mainnet,74,94.689003,10.132264,65.116747,221.207742,444.747180,569,0.056900000,0.946163308,18
common,60,2.992480350,75,5.000000,mainnet,75,93.182964,9.653566,64.025488,212.648152,427.381426,487,0.048700000,0.953561552,18
common,60,2.992480350,75,5.000000,mainnet,76,92.251380,9.410434,64.275046,213.014426,424.585621,547,0.054700000,0.948136911,22
common,60,2.992480350,75,5.000000,mainnet,77,92.438600,9.595065,64.571946,210.216431,425.446809,539,0.053900000,0.948856628,31
common,60,2.992480350,75,5.000000,mainnet,78,92.563833,9.804681,64.972803,212.623172,414.793825,536,0.053600000,0.949126803,21
common,60,2.992480350,75,5.000000,mainnet,79,93.754647,10.257674,64.925472,214.211066,430.468575,575,0.057500000,0.945626478,27
common,60,2.992480350,75,5.000000,mainnet,80,92.318402,9.421047,63.902124,212.273077,439.527475,516,0.051600000,0.950931913,17
common,60,2.992480350,75,5.000000,mainnet,81,92.453839,9.434626,64.318229,214.229317,417.238967,552,0.055200000,0.947687642,17
common,60,2.992480350,75,5.000000,mainnet,82,93.393908,9.897440,64.213213,216.805915,433.761674,515,0.051500000,0.951022349,21
common,60,2.992480350,75,5.000000,mainnet,83,94.344524,10.308472,65.295354,215.451386,428.684499,555,0.055500000,0.947418285,35
common,60,2.992480350,75,5.000000,mainnet,84,93.671878,9.646512,64.816708,212.674717,450.788663,502,0.050200000,0.952199581,19
common,60,2.992480350,75,5.000000,mainnet,85,91.434470,9.471556,62.696989,209.999542,417.451413,551,0.055100000,0.947777462,19
common,60,2.992480350,75,5.000000,mainnet,86,93.101389,9.715209,63.832995,215.398796,426.804109,553,0.055300000,0.947597839,27
common,60,2.992480350,75,5.000000,mainnet,87,93.094220,9.474944,63.951924,215.814574,432.659327,556,0.055600000,0.947328534,18
common,60,2.992480350,75,5.000000,mainnet,88,92.253124,9.647114,64.328685,213.909284,422.382640,505,0.050500000,0.951927653,17
common,60,2.992480350,75,5.000000,mainnet,89,92.853803,9.515540,63.111009,220.094210,443.183151,537,0.053700000,0.949036728,19
common,60,2.992480350,75,5.000000,mainnet,90,93.406079,9.566938,64.596908,217.896900,431.256778,524,0.052400000,0.950209046,18
common,60,2.992480350,75,5.000000,mainnet,91,92.974519,9.732107,63.591838,214.688560,436.051631,523,0.052300000,0.950299344,30
common,60,2.992480350,75,5.000000,mainnet,92,91.615657,9.442875,62.705878,212.332117,429.694406,529,0.052900000,0.949757812,19
common,60,2.992480350,75,5.000000,mainnet,93,90.931248,9.614328,62.883451,212.938220,426.790912,539,0.053900000,0.948856628,21
common,60,2.992480350,75,5.000000,mainnet,94,93.984753,9.907505,65.671195,214.920216,431.820503,529,0.052900000,0.949757812,25
common,60,2.992480350,75,5.000000,mainnet,95,92.888451,9.886330,65.325178,215.894906,419.334211,526,0.052600000,0.950028501,18
common,60,2.992480350,75,5.000000,mainnet,96,93.581347,9.500669,64.115292,215.181227,438.201140,576,0.057600000,0.945537065,19
common,60,2.992480350,75,5.000000,mainnet,97,93.231964,9.589729,65.634771,216.402279,418.672842,529,0.052900000,0.949757812,19
common,60,2.992480350,75,5.000000,mainnet,98,92.798638,9.818845,64.711717,213.473688,421.872189,539,0.053900000,0.948856628,37
common,60,2.992480350,75,5.000000,mainnet,99,92.697846,9.659349,63.222933,216.030940,438.496707,543,0.054300000,0.948496633,17
common,60,2.992480350,75,5.000000,mainnet,100,91.236086,9.899084,63.567244,208.414315,415.093441,506,0.050600000,0.951837045,27
common,60,2.992480350,75,10.000000,mainnet,1,93.159061,10.157292,63.969487,214.402571,416.372013,1072,0.107200000,0.903179191,36
common,60,2.992480350,75,10.000000,mainnet,2,94.672476,10.024661,64.394816,220.433970,434.646730,1003,0.100300000,0.908843043,80
common,60,2.992480350,75,10.000000,mainnet,3,91.637703,9.874778,64.608792,210.834037,404.244597,1077,0.107700000,0.902771509,18
common,60,2.992480350,75,10.000000,mainnet,4,93.001705,10.015285,65.315118,212.734845,406.721748,1067,0.106700000,0.903587241,49
common,60,2.992480350,75,10.000000,mainnet,5,93.404948,9.339180,64.778030,215.942688,428.242955,1080,0.108000000,0.902527076,17
common,60,2.992480350,75,10.000000,mainnet,6,92.570050,9.386766,63.994439,214.808318,412.197607,1039,0.103900000,0.905879156,35
common,60,2.992480350,75,10.000000,mainnet,7,93.883416,9.884611,65.815343,216.335233,422.449619,1104,0.110400000,0.900576369,17
common,60,2.992480350,75,10.000000,mainnet,8,93.347108,9.529816,65.486339,215.967804,434.276079,1035,0.103500000,0.906207522,33
common,60,2.992480350,75,10.000000,mainnet,9,92.692371,9.430204,62.965740,216.667371,411.833235,1088,0.108800000,0.901875902,24
common,60,2.992480350,75,10.000000,mainnet,10,91.979636,9.377118,64.199309,212.252300,414.812102,1086,0.108600000,0.902038607,20
common,60,2.992480350,75,10.000000,mainnet,11,91.464522,9.708455,63.110454,211.431678,419.651356,1067,0.106700000,0.903587241,35
common,60,2.992480350,75,10.000000,mainnet,12,93.254179,9.788683,64.994732,217.660004,424.026948,1019,0.101900000,0.907523369,27
common,60,2.992480350,75,10.000000,mainnet,13,92.006638,9.729496,64.769383,208.394899,416.661627,1064,0.106400000,0.903832249,91
common,60,2.992480350,75,10.000000,mainnet,14,92.922683,10.230697,64.480379,213.155770,433.638825,1032,0.103200000,0.906453952,24
common,60,2.992480350,75,10.000000,mainnet,15,92.239268,9.825894,62.851813,213.959884,440.596613,1064,0.106400000,0.903832249,24
common,60,2.992480350,75,10.000000,mainnet,16,92.858197,9.741830,63.846473,217.066101,438.261829,1092,0.109200000,0.901550667,17
common,60,2.992480350,75,10.000000,mainnet,17,93.709222,9.628925,65.818937,215.046349,429.137758,1060,0.106000000,0.904159132,17
common,60,2.992480350,75,10.000000,mainnet,18,94.738805,9.173376,64.916421,220.447645,445.527207,1067,0.106700000,0.903587241,17
common,60,2.992480350,75,10.000000,mainnet,19,93.156072,9.746610,65.910353,212.258586,418.673298,1032,0.103200000,0.906453952,47
common,60,2.992480350,75,10.000000,mainnet,20,92.368045,10.466361,64.194536,209.238998,422.271296,1054,0.105400000,0.904649900,84
common,60,2.992480350,75,10.000000,mainnet,21,92.217167,9.460324,64.566751,211.740620,424.427778,1068,0.106800000,0.903505602,17
common,60,2.992480350,75,10.000000,mainnet,22,92.260720,9.681940,63.754606,217.920942,424.869517,1074,0.107400000,0.903016074,18
common,60,2.992480350,75,10.000000,mainnet,23,93.376951,9.895870,63.846917,216.437487,439.908424,1047,0.104700000,0.905223138,23
common,60,2.992480350,75,10.000000,mainnet,24,92.947480,9.924597,65.128065,211.699787,417.633530,990,0.099000000,0.909918107,34
common,60,2.992480350,75,10.000000,mainnet,25,92.988385,10.035335,64.014053,213.070818,441.300611,1022,0.102200000,0.907276356,35
common,60,2.992480350,75,10.000000,mainnet,26,93.448001,9.931090,64.014063,216.687309,418.212771,1005,0.100500000,0.908677874,34
common,60,2.992480350,75,10.000000,mainnet,27,93.211647,9.393671,64.453199,214.896862,431.672594,1045,0.104500000,0.905387053,30
common,60,2.992480350,75,10.000000,mainnet,28,93.027925,9.640213,64.980770,214.700818,424.356039,1010,0.101000000,0.908265213,17
common,60,2.992480350,75,10.000000,mainnet,29,92.923178,10.045997,65.133001,214.337105,424.715723,1077,0.107700000,0.902771509,56
common,60,2.992480350,75,10.000000,mainnet,30,93.879016,9.976834,65.413305,214.287422,421.633607,1078,0.107800000,0.902690016,17
common,60,2.992480350,75,10.000000,mainnet,31,94.074935,9.626007,65.289966,217.619498,445.783662,989,0.098900000,0.910000910,17
common,60,2.992480350,75,10.000000,mainnet,32,92.121985,9.373478,63.641836,214.633932,418.555572,1079,0.107900000,0.902608539,17
common,60,2.992480350,75,10.000000,mainnet,33,93.503786,9.821835,64.150263,215.293539,433.512090,1066,0.106600000,0.903668896,29
common,60,2.992480350,75,10.000000,mainnet,34,92.409908,9.859767,64.007020,212.219073,424.428325,1012,0.101200000,0.908100254,17
common,60,2.992480350,75,10.000000,mainnet,35,92.970415,9.824957,65.450489,211.924749,438.326677,1068,0.106800000,0.903505602,24
common,60,2.992480350,75,10.000000,mainnet,36,91.703367,9.230414,63.865321,209.798847,420.728430,1054,0.105400000,0.904649900,75
common,60,2.992480350,75,10.000000,mainnet,37,92.085151,9.915488,63.008558,211.347480,427.575232,1091,0.109100000,0.901631954,25
common,60,2.992480350,75,10.000000,mainnet,38,92.790513,9.533302,63.577259,215.852650,428.248096,1074,0.107400000,0.903016074,62
common,60,2.992480350,75,10.000000,mainnet,39,92.825374,9.974147,64.313139,213.243698,429.820497,1063,0.106300000,0.903913947,37
common,60,2.992480350,75,10.000000,mainnet,40,92.747761,10.193536,65.521626,211.376150,430.377218,1096,0.109600000,0.901225667,21
common,60,2.992480350,75,10.000000,mainnet,41,91.944434,9.418289,63.498621,210.424285,430.050533,1059,0.105900000,0.904240890,17
common,60,2.992480350,75,10.000000,mainnet,42,93.042235,9.878432,64.741387,214.275098,432.160359,1090,0.109000000,0.901713255,33
common,60,2.992480350,75,10.000000,mainnet,43,91.295580,9.335226,63.038811,215.349891,405.388741,994,0.099400000,0.909587047,17
common,60,2.992480350,75,10.000000,mainnet,44,94.510436,10.122659,66.055029,220.353610,439.129485,1050,0.105000000,0.904977376,32
common,60,2.992480350,75,10.000000,mainnet,45,92.583333,9.772025,63.939348,214.928498,429.201376,1116,0.111600000,0.899604174,35
common,60,2.992480350,75,10.000000,mainnet,46,92.698361,9.446051,64.073136,213.323942,435.758086,1015,0.101500000,0.907852928,17
common,60,2.992480350,75,10.000000,mainnet,47,92.800159,9.835049,63.988819,214.721874,418.856643,1108,0.110800000,0.900252071,35
common,60,2.992480350,75,10.000000,mainnet,48,92.927252,9.861121,64.830523,211.050486,429.216154,1052,0.105200000,0.904813608,41
common,60,2.992480350,75,10.000000,mainnet,49,94.167434,9.951467,65.312274,218.389243,427.993414,1113,0.111300000,0.899847026,38
common,60,2.992480350,75,10.000000,mainnet,50,93.751220,9.424187,64.861354,218.072084,425.796891,1016,0.101600000,0.907770516,23
common,60,2.992480350,75,10.000000,mainnet,51,93.983678,10.104960,64.646376,214.869445,430.403959,1059,0.105900000,0.904240890,33
common,60,2.992480350,75,10.000000,mainnet,52,93.561083,9.919826,64.994213,215.086795,443.056741,980,0.098000000,0.910746812,18
common,60,2.992480350,75,10.000000,mainnet,53,93.128273,9.930196,65.033264,213.658437,418.240731,1076,0.107600000,0.902853016,41
common,60,2.992480350,75,10.000000,mainnet,54,93.616884,9.752931,64.813239,216.470297,428.905972,1096,0.109600000,0.901225667,35
common,60,2.992480350,75,10.000000,mainnet,55,91.886725,9.651741,64.696609,208.933670,435.113164,1114,0.111400000,0.899766061,19
common,60,2.992480350,75,10.000000,mainnet,56,92.053878,9.559184,63.238289,215.622860,414.543694,1081,0.108100000,0.902445628,43
common,60,2.992480350,75,10.000000,mainnet,57,92.447930,9.395673,64.031272,212.683763,441.453860,1042,0.104200000,0.905633037,28
common,60,2.992480350,75,10.000000,mainnet,58,91.770527,9.715537,63.143319,213.249743,419.416180,1053,0.105300000,0.904731747,56
common,60,2.992480350,75,10.000000,mainnet,59,93.620816,9.957888,64.824803,215.936354,428.841876,1093,0.109300000,0.901469395,19
common,60,2.992480350,75,10.000000,mainnet,60,93.397753,9.923620,64.301064,214.468587,426.799918,1009,0.100900000,0.908347716,38
common,60,2.992480350,75,10.000000,mainnet,61,91.979596,10.024806,63.287244,214.308808,412.325201,1093,0.109300000,0.901469395,17
common,60,2.992480350,75,10.000000,mainnet,62,92.745794,10.134684,65.344481,210.724640,419.629741,1032,0.103200000,0.906453952,32
common,60,2.992480350,75,10.000000,mainnet,63,93.475257,9.382428,63.863529,214.596739,439.502672,1017,0.101700000,0.907688118,22
common,60,2.992480350,75,10.000000,mainnet,64,94.793154,9.871050,65.416944,218.834537,438.574417,1092,0.109200000,0.901550667,47
common,60,2.992480350,75,10.000000,mainnet,65,92.216957,9.145664,63.666549,210.908852,446.457056,1051,0.105100000,0.904895485,18
common,60,2.992480350,75,10.000000,mainnet,66,92.343499,9.253196,63.221892,216.193962,423.313193,1054,0.105400000,0.904649900,48
common,60,2.992480350,75,10.000000,mainnet,67,93.825444,9.327350,64.097613,213.889269,444.110420,1045,0.104500000,0.905387053,19
common,60,2.992480350,75,10.000000,mainnet,68,93.532688,9.839602,65.716515,215.893856,428.401782,1056,0.105600000,0.904486252,21
common,60,2.992480350,75,10.000000,mainnet,69,94.202406,9.818235,64.911682,217.513821,437.899749,1040,0.104000000,0.905797101,74
common,60,2.992480350,75,10.000000,mainnet,70,92.235213,10.035154,62.950659,213.396935,438.744263,1113,0.111300000,0.899847026,24
common,60,2.992480350,75,10.000000,mainnet,71,93.145421,9.482739,64.509466,214.387529,424.416783,1080,0.108000000,0.902527076,22
common,60,2.992480350,75,10.000000,mainnet,72,94.072643,10.085350,65.348001,216.597818,428.460111,1042,0.104200000,0.905633037,28
common,60,2.992480350,75,10.000000,mainnet,73,93.014394,10.080816,64.700378,211.014808,442.641111,1060,0.106000000,0.904159132,21
common,60,2.992480350,75,10.000000,mainnet,74,94.306203,10.211392,65.048409,218.805876,435.755196,1108,0.110800000,0.900252071,26
common,60,2.992480350,75,10.000000,mainnet,75,94.118362,9.821933,65.582705,212.932000,441.384164,1069,0.106900000,0.903423977,18
common,60,2.992480350,75,10.000000,mainnet,76,93.306535,9.130873,65.052629,216.451664,427.659432,1055,0.105500000,0.904568069,22
common,60,2.992480350,75,10.000000,mainnet,77,92.846643,9.530811,65.362802,209.635701,429.381317,1081,0.108100000,0.902445628,31
common,60,2.992480350,75,10.000000,mainnet,78,93.036841,9.737637,64.717350,212.301602,424.098890,1040,0.104000000,0.905797101,21
common,60,2.992480350,75,10.000000,mainnet,79,94.036082,10.613116,65.496575,216.985000,425.917547,1082,0.108200000,0.902364194,25
common,60,2.992480350,75,10.000000,mainnet,80,92.742987,9.465086,63.804834,213.119205,445.272199,1072,0.107200000,0.903179191,17
common,60,2.992480350,75,10.000000,mainnet,81,91.554412,9.446954,63.754555,211.953215,420.692059,1039,0.103900000,0.905879156,20
common,60,2.992480350,75,10.000000,mainnet,82,92.785802,9.628991,63.784554,215.063072,425.959787,1028,0.102800000,0.906782735,20
common,60,2.992480350,75,10.000000,mainnet,83,93.599882,10.460747,64.947038,212.627850,418.939459,1129,0.112900000,0.898553329,32
common,60,2.992480350,75,10.000000,mainnet,84,93.379420,9.530815,64.107277,212.933423,430.480498,1084,0.108400000,0.902201371,19
common,60,2.992480350,75,10.000000,mainnet,85,92.360767,9.632356,63.035254,213.327967,425.195084,1105,0.110500000,0.900495272,53
common,60,2.992480350,75,10.000000,mainnet,86,92.503023,9.767416,63.365664,212.927304,431.574128,1040,0.104000000,0.905797101,25
common,60,2.992480350,75,10.000000,mainnet,87,92.376798,9.746991,63.845533,210.597693,429.573738,1093,0.109300000,0.901469395,18
common,60,2.992480350,75,10.000000,mainnet,88,92.361369,9.809455,65.171588,212.627414,422.411840,1063,0.106300000,0.903913947,17
common,60,2.992480350,75,10.000000,mainnet,89,93.013938,9.447199,62.465146,220.998934,447.552821,1094,0.109400000,0.901388138,21
common,60,2.992480350,75,10.000000,mainnet,90,93.342755,9.959044,64.752023,213.802687,426.685283,1055,0.105500000,0.904568069,18
common,60,2.992480350,75,10.000000,mainnet,91,93.029665,9.753437,63.584587,214.481825,435.552656,1047,0.104700000,0.905223138,22
common,60,2.992480350,75,10.000000,mainnet,92,91.524982,9.484749,62.205210,211.230281,426.702375,1036,0.103600000,0.906125408,19
common,60,2.992480350,75,10.000000,mainnet,93,92.414740,9.830522,63.540642,214.601482,425.807654,1057,0.105700000,0.904404450,17
common,60,2.992480350,75,10.000000,mainnet,94,93.661546,9.883172,65.601058,214.632258,433.774467,1057,0.105700000,0.904404450,18
common,60,2.992480350,75,10.000000,mainnet,95,93.011405,10.093417,66.124024,212.989303,422.949923,1030,0.103000000,0.906618314,18
common,60,2.992480350,75,10.000000,mainnet,96,93.291504,9.217837,64.357193,213.876116,430.050482,1100,0.110000000,0.900900901,30
common,60,2.992480350,75,10.000000,mainnet,97,93.348008,9.860572,65.047391,213.324294,424.393675,1088,0.108800000,0.901875902,19
common,60,2.992480350,75,10.000000,mainnet,98,93.406640,9.871552,64.912046,214.936900,425.798847,1028,0.102800000,0.906782735,93
common,60,2.992480350,75,10.000000,mainnet,99,92.307032,9.459262,63.797137,213.885007,426.050042,1100,0.110000000,0.900900901,17
common,60,2.992480350,75,10.000000,mainnet,100,90.988169,9.846011,63.746465,207.140011,406.669012,1099,0.109900000,0.900982070,27
common,80,2.992480350,75,0.500000,mainnet,1,137.430238,14.614835,94.443666,316.944316,623.399883,33,0.003300000,0.996710854,146
common,80,2.992480350,75,0.500000,mainnet,2,136.473069,14.577171,92.975593,316.386385,624.192395,37,0.003700000,0.996313640,102
common,80,2.992480350,75,0.500000,mainnet,3,137.033303,14.391207,96.122687,315.618015,594.068478,31,0.003100000,0.996909580,56
common,80,2.992480350,75,0.500000,mainnet,4,137.129380,14.600338,96.357600,315.402734,609.372770,35,0.003500000,0.996512207,72
common,80,2.992480350,75,0.500000,mainnet,5,138.625295,14.355342,95.786208,315.695989,624.462558,35,0.003500000,0.996512207,157
common,80,2.992480350,75,0.500000,mainnet,6,136.605235,14.292495,94.461387,316.111427,608.394795,34,0.003400000,0.996611521,332
common,80,2.992480350,75,0.500000,mainnet,7,137.932118,14.995091,95.837672,316.772006,632.196197,20,0.002000000,0.998003992,36
common,80,2.992480350,75,0.500000,mainnet,8,136.023450,14.079474,95.322991,310.578931,623.394498,39,0.003900000,0.996115151,221
common,80,2.992480350,75,0.500000,mainnet,9,136.964480,14.820708,91.538976,319.713624,632.605404,33,0.003300000,0.996710854,40
common,80,2.992480350,75,0.500000,mainnet,10,136.905313,13.945385,95.183615,312.913598,628.940667,32,0.003200000,0.996810207,55
common,80,2.992480350,75,0.500000,mainnet,11,135.439237,14.237462,93.438508,311.523057,642.760209,47,0.004700000,0.995321987,104
common,80,2.992480350,75,0.500000,mainnet,12,138.141674,14.192126,95.061947,321.731116,629.940348,38,0.003800000,0.996214385,166
common,80,2.992480350,75,0.500000,mainnet,13,134.887613,13.781474,93.280443,311.175075,621.460266,42,0.004200000,0.995817566,108
common,80,2.992480350,75,0.500000,mainnet,14,136.953725,14.984687,96.183489,315.640274,633.481366,38,0.003800000,0.996214385,112
common,80,2.992480350,75,0.500000,mainnet,15,136.776882,14.908159,93.960578,312.060446,625.969310,52,0.005200000,0.994826900,30
common,80,2.992480350,75,0.500000,mainnet,16,138.686317,14.515608,98.271960,321.365180,628.215041,33,0.003300000,0.996710854,146
common,80,2.992480350,75,0.500000,mainnet,17,135.334435,14.374674,94.560634,310.261147,613.779924,45,0.004500000,0.995520159,254
common,80,2.992480350,75,0.500000,mainnet,18,137.651418,13.886289,95.426295,318.608786,638.861174,25,0.002500000,0.997506234,297
common,80,2.992480350,75,0.500000,mainnet,19,137.293861,14.645480,95.010264,316.490338,633.646489,25,0.002500000,0.997506234,69
common,80,2.992480350,75,0.500000,mainnet,20,137.519985,14.824349,96.663390,310.660954,615.953271,36,0.003600000,0.996412914,163
common,80,2.992480350,75,0.500000,mainnet,21,135.547783,13.744317,94.069573,311.321731,609.848070,37,0.003700000,0.996313640,392
common,80,2.992480350,75,0.500000,mainnet,22,135.922141,14.375944,92.796464,315.813261,628.780041,28,0.002800000,0.997207818,114
common,80,2.992480350,75,0.500000,mainnet,23,137.991208,15.356455,96.414217,316.895416,648.286676,30,0.003000000,0.997008973,83
common,80,2.992480350,75,0.500000,mainnet,24,137.189225,14.379563,94.781101,318.682879,625.945218,44,0.004400000,0.995619275,143
common,80,2.992480350,75,0.500000,mainnet,25,136.074983,14.042444,93.876619,311.846824,607.003293,30,0.003000000,0.997008973,206
common,80,2.992480350,75,0.500000,mainnet,26,137.685811,14.646462,95.249821,317.930606,613.823941,35,0.003500000,0.996512207,490
common,80,2.992480350,75,0.500000,mainnet,27,137.531828,14.165551,95.414811,318.257841,615.108304,36,0.003600000,0.996412914,20
common,80,2.992480350,75,0.500000,mainnet,28,136.546971,14.056384,94.487139,318.504852,617.079527,28,0.002800000,0.997207818,125
common,80,2.992480350,75,0.500000,mainnet,29,136.540539,14.352086,94.850430,317.818732,619.408384,42,0.004200000,0.995817566,134
common,80,2.992480350,75,0.500000,mainnet,30,140.611008,14.529683,97.813818,321.177971,638.457745,37,0.003700000,0.996313640,218
common,80,2.992480350,75,0.500000,mainnet,31,137.295660,14.476724,95.045328,322.420939,641.008858,40,0.004000000,0.996015936,102
common,80,2.992480350,75,0.500000,mainnet,32,134.623746,13.657875,93.706920,311.824204,597.928813,40,0.004000000,0.996015936,208
common,80,2.992480350,75,0.500000,mainnet,33,137.145574,15.109778,93.874225,316.753828,626.088330,36,0.003600000,0.996412914,17
common,80,2.992480350,75,0.500000,mainnet,34,134.676210,14.336331,93.534396,308.167829,623.934470,33,0.003300000,0.996710854,82
common,80,2.992480350,75,0.500000,mainnet,35,138.459886,15.121292,97.337416,317.370819,638.078953,32,0.003200000,0.996810207,24
common,80,2.992480350,75,0.500000,mainnet,36,133.980035,13.870217,93.169373,305.985048,628.986881,41,0.004100000,0.995916741,36
common,80,2.992480350,75,0.500000,mainnet,37,138.160581,14.631963,95.028294,319.956616,638.177855,34,0.003400000,0.996611521,106
common,80,2.992480350,75,0.500000,mainnet,38,138.001308,13.848011,95.366738,320.522445,627.394601,33,0.003300000,0.996710854,140
common,80,2.992480350,75,0.500000,mainnet,39,138.531360,14.979236,96.528464,320.428755,626.273312,31,0.003100000,0.996909580,351
common,80,2.992480350,75,0.500000,mainnet,40,137.909915,14.876244,95.626592,316.381993,634.127678,35,0.003500000,0.996512207,294
common,80,2.992480350,75,0.500000,mainnet,41,135.867236,14.748175,95.219708,309.098130,643.161868,45,0.004500000,0.995520159,43
common,80,2.992480350,75,0.500000,mainnet,42,138.325697,14.721103,95.254861,318.964456,644.560838,38,0.003800000,0.996214385,17
common,80,2.992480350,75,0.500000,mainnet,43,136.090954,14.482413,95.126253,316.819188,606.768115,38,0.003800000,0.996214385,56
common,80,2.992480350,75,0.500000,mainnet,44,137.578424,14.819074,95.855438,314.691331,650.014915,32,0.003200000,0.996810207,63
common,80,2.992480350,75,0.500000,mainnet,45,136.004642,14.163924,94.029077,316.945371,638.669836,38,0.003800000,0.996214385,27
common,80,2.992480350,75,0.500000,mainnet,46,137.612401,13.893853,94.460601,317.222273,653.091604,39,0.003900000,0.996115151,180
common,80,2.992480350,75,0.500000,mainnet,47,136.530596,14.444223,93.270224,318.383285,627.568550,46,0.004600000,0.995421063,374
common,80,2.992480350,75,0.500000,mainnet,48,137.462543,14.347982,95.224497,316.840316,630.501510,46,0.004600000,0.995421063,48
common,80,2.992480350,75,0.500000,mainnet,49,139.461248,15.195348,96.938434,318.496863,639.611221,34,0.003400000,0.996611521,73
common,80,2.992480350,75,0.500000,mainnet,50,136.301415,13.920463,93.944038,315.184785,634.193661,32,0.003200000,0.996810207,145
common,80,2.992480350,75,0.500000,mainnet,51,137.893542,14.780696,93.939944,317.039102,662.412742,40,0.004000000,0.996015936,54
common,80,2.992480350,75,0.500000,mainnet,52,136.048477,14.448216,93.556648,312.417617,636.085050,33,0.003300000,0.996710854,98
common,80,2.992480350,75,0.500000,mainnet,53,137.875990,14.640051,94.555784,318.590459,628.606396,39,0.003900000,0.996115151,91
common,80,2.992480350,75,0.500000,mainnet,54,137.338250,14.255029,96.094604,312.229090,635.318345,42,0.004200000,0.995817566,190
common,80,2.992480350,75,0.500000,mainnet,55,136.115321,14.522341,95.836812,309.384807,640.032139,36,0.003600000,0.996412914,67
common,80,2.992480350,75,0.500000,mainnet,56,137.474255,14.710020,96.057593,317.333125,620.099239,36,0.003600000,0.996412914,134
common,80,2.992480350,75,0.500000,mainnet,57,135.877670,14.897718,94.842350,312.102095,624.675091,38,0.003800000,0.996214385,191
common,80,2.992480350,75,0.500000,mainnet,58,137.245761,14.897405,95.909764,316.750145,630.458081,41,0.004100000,0.995916741,20
common,80,2.992480350,75,0.500000,mainnet,59,135.579532,13.654306,94.360144,309.997043,641.270836,41,0.004100000,0.995916741,406
common,80,2.992480350,75,0.500000,mainnet,60,137.253728,14.958186,95.099998,319.231311,607.244540,33,0.003300000,0.996710854,154
common,80,2.992480350,75,0.500000,mainnet,61,137.879532,15.426749,96.084306,320.992219,617.313562,33,0.003300000,0.996710854,38
common,80,2.992480350,75,0.500000,mainnet,62,136.426525,14.483642,96.581685,310.125218,632.770688,29,0.002900000,0.997108386,236
common,80,2.992480350,75,0.500000,mainnet,63,135.406933,13.832166,93.813016,311.497935,613.326002,38,0.003800000,0.996214385,50
common,80,2.992480350,75,0.500000,mainnet,64,138.652806,14.628227,96.199050,318.823514,643.149321,39,0.003900000,0.996115151,134
common,80,2.992480350,75,0.500000,mainnet,65,134.426485,13.907446,92.797827,308.863002,636.149371,36,0.003600000,0.996412914,92
common,80,2.992480350,75,0.500000,mainnet,66,137.343554,14.578435,95.105407,318.663395,623.416528,44,0.004400000,0.995619275,17
common,80,2.992480350,75,0.500000,mainnet,67,139.288753,14.420938,96.450287,318.943701,635.709137,37,0.003700000,0.996313640,17
common,80,2.992480350,75,0.500000,mainnet,68,138.888002,14.541092,96.743170,323.360590,630.970325,27,0.002700000,0.997307270,179
common,80,2.992480350,75,0.500000,mainnet,69,137.073647,14.415667,95.450063,317.570289,636.299097,40,0.004000000,0.996015936,369
common,80,2.992480350,75,0.500000,mainnet,70,137.765519,14.928045,92.876192,318.985852,655.646072,34,0.003400000,0.996611521,199
common,80,2.992480350,75,0.500000,mainnet,71,136.710956,14.358143,93.127523,317.491054,630.011283,38,0.003800000,0.996214385,18
common,80,2.992480350,75,0.500000,mainnet,72,135.687670,14.149658,94.056228,314.807567,615.409137,41,0.004100000,0.995916741,262
common,80,2.992480350,75,0.500000,mainnet,73,137.726151,14.693682,95.206478,311.716092,640.827126,43,0.004300000,0.995718411,57
common,80,2.992480350,75,0.500000,mainnet,74,139.245477,15.494253,95.418385,326.523106,629.602666,31,0.003100000,0.996909580,66
common,80,2.992480350,75,0.500000,mainnet,75,138.393983,14.206533,95.043858,316.908601,649.856802,31,0.003100000,0.996909580,215
common,80,2.992480350,75,0.500000,mainnet,76,137.545374,14.736353,94.317122,315.565819,622.819569,35,0.003500000,0.996512207,129
common,80,2.992480350,75,0.500000,mainnet,77,137.201695,14.029562,95.927934,316.903808,617.568634,52,0.005200000,0.994826900,80
common,80,2.992480350,75,0.500000,mainnet,78,135.912883,13.704752,94.678882,314.540272,618.618025,32,0.003200000,0.996810207,117
common,80,2.992480350,75,0.500000,mainnet,79,138.812908,15.373344,97.499459,317.404575,638.759564,47,0.004700000,0.995321987,23
common,80,2.992480350,75,0.500000,mainnet,80,135.976406,14.044863,93.423625,316.110441,638.295154,31,0.003100000,0.996909580,41
common,80,2.992480350,75,0.500000,mainnet,81,138.108186,14.485956,97.278654,313.689683,632.604878,42,0.004200000,0.995817566,25
common,80,2.992480350,75,0.500000,mainnet,82,137.132658,14.791879,95.021229,319.147896,630.023813,38,0.003800000,0.996214385,94
common,80,2.992480350,75,0.500000,mainnet,83,138.445900,14.897861,95.997677,319.424951,627.098188,43,0.004300000,0.995718411,1269
common,80,2.992480350,75,0.500000,mainnet,84,138.477308,13.949620,95.861617,319.294931,638.307373,39,0.003900000,0.996115151,40
common,80,2.992480350,75,0.500000,mainnet,85,137.018864,14.551592,93.656423,314.943139,620.788826,35,0.003500000,0.996512207,291
common,80,2.992480350,75,0.500000,mainnet,86,137.808300,14.559742,94.897943,319.686143,629.173092,39,0.003900000,0.996115151,17
common,80,2.992480350,75,0.500000,mainnet,87,136.403228,14.231878,94.962664,310.667368,610.053551,57,0.005700000,0.994332306,349
common,80,2.992480350,75,0.500000,mainnet,88,134.563534,14.950622,95.948116,307.188179,611.920860,33,0.003300000,0.996710854,136
common,80,2.992480350,75,0.500000,mainnet,89,137.387441,14.721013,94.709574,320.877918,637.828288,45,0.004500000,0.995520159,82
common,80,2.992480350,75,0.500000,mainnet,90,138.024291,14.872119,95.341901,322.334796,630.501935,30,0.003000000,0.997008973,20
common,80,2.992480350,75,0.500000,mainnet,91,135.942532,13.917117,93.618198,319.473001,630.074377,31,0.003100000,0.996909580,17
common,80,2.992480350,75,0.500000,mainnet,92,135.444534,14.115452,91.448907,315.077233,632.159723,30,0.003000000,0.997008973,17
common,80,2.992480350,75,0.500000,mainnet,93,133.530696,14.078734,91.408576,306.222616,643.249598,36,0.003600000,0.996412914,45
common,80,2.992480350,75,0.500000,mainnet,94,138.775524,15.154561,95.986525,318.507733,622.208905,42,0.004200000,0.995817566,770
common,80,2.992480350,75,0.500000,mainnet,95,137.293521,14.590648,96.844293,315.440325,629.981531,28,0.002800000,0.997207818,394
common,80,2.992480350,75,0.500000,mainnet,96,137.619930,13.826756,94.137973,318.759160,635.745050,30,0.003000000,0.997008973,52
common,80,2.992480350,75,0.500000,mainnet,97,136.971971,14.061650,97.331565,316.442961,620.496337,37,0.003700000,0.996313640,102
common,80,2.992480350,75,0.500000,mainnet,98,136.656637,14.081854,95.832182,313.466533,613.412629,36,0.003600000,0.996412914,291
common,80,2.992480350,75,0.500000,mainnet,99,137.864143,13.995791,93.519561,324.015226,649.129237,39,0.003900000,0.996115151,342
common,80,2.992480350,75,0.500000,mainnet,100,137.395215,14.769017,94.675977,314.335558,652.588595,25,0.002500000,0.997506234,140
common,80,2.992480350,75,1.000000,mainnet,1,137.532130,14.644380,94.686465,315.674015,629.382854,72,0.007200000,0.992851469,146
common,80,2.992480350,75,1.000000,mainnet,2,135.609234,14.248773,92.719982,314.128258,624.847648,69,0.006900000,0.993147284,102
common,80,2.992480350,75,1.000000,mainnet,3,136.917826,14.293837,96.171716,315.677995,593.994078,67,0.006700000,0.993344591,56
common,80,2.992480350,75,1.000000,mainnet,4,136.248023,14.848567,96.110887,312.644880,599.126171,81,0.008100000,0.991965083,72
common,80,2.992480350,75,1.000000,mainnet,5,139.392785,14.229176,96.217130,317.448580,640.067359,69,0.006900000,0.993147284,157
common,80,2.992480350,75,1.000000,mainnet,6,136.377311,14.392186,93.754146,316.662057,614.884547,66,0.006600000,0.993443274,332
common,80,2.992480350,75,1.000000,mainnet,7,136.953022,14.969959,94.779175,315.436450,632.196197,66,0.006600000,0.993443274,36
common,80,2.992480350,75,1.000000,mainnet,8,135.961026,14.234771,95.377625,308.846131,623.394498,65,0.006500000,0.993541977,221
common,80,2.992480350,75,1.000000,mainnet,9,136.449637,14.648185,91.376998,318.406258,634.004364,73,0.007300000,0.992752904,40
common,80,2.992480350,75,1.000000,mainnet,10,136.616855,13.963299,94.373898,314.431211,634.017730,67,0.006700000,0.993344591,55
common,80,2.992480350,75,1.000000,mainnet,11,136.699852,14.671752,93.683456,314.062196,641.991195,80,0.008000000,0.992063492,104
common,80,2.992480350,75,1.000000,mainnet,12,138.023160,14.126604,94.917370,321.884874,625.409217,63,0.006300000,0.993739442,166
common,80,2.992480350,75,1.000000,mainnet,13,134.572856,13.935862,93.731412,310.102595,610.099674,69,0.006900000,0.993147284,108
common,80,2.992480350,75,1.000000,mainnet,14,137.386529,14.903112,97.444063,315.982693,633.481366,59,0.005900000,0.994134606,112
common,80,2.992480350,75,1.000000,mainnet,15,136.324406,14.967127,94.063419,311.399108,625.969310,85,0.008500000,0.991571641,30
common,80,2.992480350,75,1.000000,mainnet,16,136.196213,14.337427,95.900302,316.248443,626.519232,73,0.007300000,0.992752904,145
common,80,2.992480350,75,1.000000,mainnet,17,136.206518,14.302306,95.245857,311.291678,633.583808,78,0.007800000,0.992260369,254
common,80,2.992480350,75,1.000000,mainnet,18,138.371531,14.082910,96.274555,320.923834,643.003980,67,0.006700000,0.993344591,298
common,80,2.992480350,75,1.000000,mainnet,19,138.297488,15.141411,95.942007,318.119395,633.646489,67,0.006700000,0.993344591,158
common,80,2.992480350,75,1.000000,mainnet,20,137.623892,14.999990,96.478157,310.659320,618.872552,63,0.006300000,0.993739442,163
common,80,2.992480350,75,1.000000,mainnet,21,135.231147,13.948978,94.308632,308.643616,605.861505,87,0.008700000,0.991375037,352
common,80,2.992480350,75,1.000000,mainnet,22,136.065904,14.843262,93.851647,316.538909,625.172364,72,0.007200000,0.992851469,114
common,80,2.992480350,75,1.000000,mainnet,23,137.597737,15.452006,96.328084,315.491067,639.161955,66,0.006600000,0.993443274,118
common,80,2.992480350,75,1.000000,mainnet,24,137.301667,14.411244,95.098401,316.733636,627.369183,68,0.006800000,0.993245928,173
common,80,2.992480350,75,1.000000,mainnet,25,135.662590,14.046527,94.114058,311.503076,608.880283,67,0.006700000,0.993344591,252
common,80,2.992480350,75,1.000000,mainnet,26,137.649136,14.867368,94.796689,318.103157,616.513842,59,0.005900000,0.994134606,656
common,80,2.992480350,75,1.000000,mainnet,27,137.685291,14.119755,95.414811,316.953560,629.667293,69,0.006900000,0.993147284,20
common,80,2.992480350,75,1.000000,mainnet,28,137.522872,14.147608,94.587192,320.909638,626.261958,67,0.006700000,0.993344591,401
common,80,2.992480350,75,1.000000,mainnet,29,136.998254,14.558615,95.489648,318.289363,618.232198,71,0.007100000,0.992950055,134
common,80,2.992480350,75,1.000000,mainnet,30,140.612553,14.730838,97.689011,322.388118,638.625218,65,0.006500000,0.993541977,218
common,80,2.992480350,75,1.000000,mainnet,31,136.805023,14.165304,94.229645,320.544057,646.282749,80,0.008000000,0.992063492,102
common,80,2.992480350,75,1.000000,mainnet,32,134.748820,13.717716,93.537393,312.787704,597.928813,76,0.007600000,0.992457324,208
common,80,2.992480350,75,1.000000,mainnet,33,136.640238,15.077708,93.849049,314.811640,622.936720,61,0.006100000,0.993936984,17
common,80,2.992480350,75,1.000000,mainnet,34,134.705382,14.358619,93.456916,307.544003,623.404057,66,0.006600000,0.993443274,82
common,80,2.992480350,75,1.000000,mainnet,35,137.451901,14.805833,96.624055,313.818397,633.204598,75,0.007500000,0.992555831,24
common,80,2.992480350,75,1.000000,mainnet,36,133.573378,13.930653,92.034594,305.985048,624.695472,66,0.006600000,0.993443274,223
common,80,2.992480350,75,1.000000,mainnet,37,136.982495,14.405370,93.353257,315.472816,624.666286,68,0.006800000,0.993245928,106
common,80,2.992480350,75,1.000000,mainnet,38,137.353495,13.750955,94.501131,321.755395,633.152759,58,0.005800000,0.994233446,140
common,80,2.992480350,75,1.000000,mainnet,39,137.691362,14.852246,95.523790,318.098639,627.865364,72,0.007200000,0.992851469,351
common,80,2.992480350,75,1.000000,mainnet,40,138.850116,14.973207,97.295055,315.315998,641.886938,77,0.007700000,0.992358837,294
common,80,2.992480350,75,1.000000,mainnet,41,136.200480,14.567268,94.758246,308.130492,652.163320,74,0.007400000,0.992654358,43
common,80,2.992480350,75,1.000000,mainnet,42,138.562713,15.083623,95.820829,315.296006,640.572749,79,0.007900000,0.992161921,17
common,80,2.992480350,75,1.000000,mainnet,43,135.864524,14.507010,94.975816,316.016204,605.786875,72,0.007200000,0.992851469,56
common,80,2.992480350,75,1.000000,mainnet,44,137.274031,14.852797,96.188065,315.928056,624.816262,62,0.006200000,0.993838203,511
common,80,2.992480350,75,1.000000,mainnet,45,136.623231,14.188503,93.937185,321.740327,640.562567,83,0.008300000,0.991768323,27
common,80,2.992480350,75,1.000000,mainnet,46,137.186813,13.914836,94.556254,316.416026,648.628358,77,0.007700000,0.992358837,180
common,80,2.992480350,75,1.000000,mainnet,47,137.382952,14.350555,93.221404,320.560809,640.750737,88,0.008800000,0.991276764,373
common,80,2.992480350,75,1.000000,mainnet,48,137.640985,14.531278,94.972037,316.575730,632.203588,83,0.008300000,0.991768323,50
common,80,2.992480350,75,1.000000,mainnet,49,140.281454,15.152089,98.151320,321.700659,645.377634,65,0.006500000,0.993541977,73
common,80,2.992480350,75,1.000000,mainnet,50,136.997630,14.168660,93.416120,319.581937,629.420376,84,0.008400000,0.991669972,145
common,80,2.992480350,75,1.000000,mainnet,51,137.580306,14.797118,94.149961,315.491739,657.881345,82,0.008200000,0.991866693,54
common,80,2.992480350,75,1.000000,mainnet,52,135.613457,14.343428,92.589119,312.641173,633.406980,65,0.006500000,0.993541977,98
common,80,2.992480350,75,1.000000,mainnet,53,137.919671,14.382880,94.962850,318.798606,628.606396,76,0.007600000,0.992457324,301
common,80,2.992480350,75,1.000000,mainnet,54,138.135611,14.255955,96.353407,314.571790,644.363560,71,0.007100000,0.992950055,190
common,80,2.992480350,75,1.000000,mainnet,55,137.432670,14.365339,96.416608,312.876221,650.297165,88,0.008800000,0.991276764,67
common,80,2.992480350,75,1.000000,mainnet,56,138.212828,14.756730,96.326544,320.359862,621.083199,75,0.007500000,0.992555831,134
common,80,2.992480350,75,1.000000,mainnet,57,137.601536,15.410839,95.452839,318.546665,630.620633,75,0.007500000,0.992555831,191
common,80,2.992480350,75,1.000000,mainnet,58,136.812276,14.828172,94.874764,316.910508,629.855435,72,0.007200000,0.992851469,20
common,80,2.992480350,75,1.000000,mainnet,59,135.573124,13.897684,94.074241,309.383228,630.561298,90,0.009000000,0.991080278,406
common,80,2.992480350,75,1.000000,mainnet,60,137.912906,15.185292,94.885720,322.511118,619.894375,68,0.006800000,0.993245928,154
common,80,2.992480350,75,1.000000,mainnet,61,137.321352,15.534174,95.605370,318.892876,614.230722,66,0.006600000,0.993443274,38
common,80,2.992480350,75,1.000000,mainnet,62,136.679311,14.699156,96.743360,311.008265,629.066352,71,0.007100000,0.992950055,20
common,80,2.992480350,75,1.000000,mainnet,63,136.397310,13.846589,94.878207,311.940829,621.429922,75,0.007500000,0.992555831,50
common,80,2.992480350,75,1.000000,mainnet,64,137.288208,14.302729,95.641446,313.980713,626.116487,65,0.006500000,0.993541977,134
common,80,2.992480350,75,1.000000,mainnet,65,135.753763,14.129271,93.325058,310.881370,644.520942,72,0.007200000,0.992851469,98
common,80,2.992480350,75,1.000000,mainnet,66,137.441287,14.585224,95.235393,318.729087,624.856339,79,0.007900000,0.992161921,17
common,80,2.992480350,75,1.000000,mainnet,67,138.529480,14.400100,95.426099,316.219894,642.750240,78,0.007800000,0.992260369,17
common,80,2.992480350,75,1.000000,mainnet,68,138.733197,15.072983,97.146645,322.466933,629.255988,75,0.007500000,0.992555831,179
common,80,2.992480350,75,1.000000,mainnet,69,137.755071,14.551529,96.581025,320.354190,632.020114,77,0.007700000,0.992358837,368
common,80,2.992480350,75,1.000000,mainnet,70,138.122016,14.997845,93.198816,318.148493,660.547748,57,0.005700000,0.994332306,199
common,80,2.992480350,75,1.000000,mainnet,71,137.184516,14.333719,93.610450,318.730052,633.593749,75,0.007500000,0.992555831,18
common,80,2.992480350,75,1.000000,mainnet,72,135.746513,14.106933,93.783737,315.752733,616.094267,73,0.007300000,0.992752904,343
common,80,2.992480350,75,1.000000,mainnet,73,137.954621,14.648468,94.937907,313.206191,640.827126,77,0.007700000,0.992358837,57
common,80,2.992480350,75,1.000000,mainnet,74,138.667853,15.316664,95.508493,320.365854,644.090741,73,0.007300000,0.992752904,66
common,80,2.992480350,75,1.000000,mainnet,75,138.522598,14.375381,94.546238,315.313780,668.041103,73,0.007300000,0.992752904,214
common,80,2.992480350,75,1.000000,mainnet,76,136.708434,14.885850,93.781979,315.284268,623.678032,66,0.006600000,0.993443274,129
common,80,2.992480350,75,1.000000,mainnet,77,137.278024,13.671120,95.796006,315.212458,621.731552,80,0.008000000,0.992063492,80
common,80,2.992480350,75,1.000000,mainnet,78,135.749189,13.959235,94.694019,311.282228,620.549865,63,0.006300000,0.993739442,117
common,80,2.992480350,75,1.000000,mainnet,79,138.719372,15.337429,97.584129,316.561667,637.464709,73,0.007300000,0.992752904,23
common,80,2.992480350,75,1.000000,mainnet,80,138.115391,14.369140,94.540578,321.290350,658.963290,79,0.007900000,0.992161921,41
common,80,2.992480350,75,1.000000,mainnet,81,138.828861,14.571491,98.031523,315.315075,655.779375,76,0.007600000,0.992457324,25
common,80,2.992480350,75,1.000000,mainnet,82,137.093152,14.662008,94.763441,318.241405,630.023813,73,0.007300000,0.992752904,94
common,80,2.992480350,75,1.000000,mainnet,83,138.481089,14.775865,96.373499,318.764076,620.468239,93,0.009300000,0.990785693,1271
common,80,2.992480350,75,1.000000,mainnet,84,137.504848,14.234451,95.257000,316.677954,631.541217,72,0.007200000,0.992851469,40
common,80,2.992480350,75,1.000000,mainnet,85,137.817630,14.512820,94.677876,317.803203,620.788826,73,0.007300000,0.992752904,291
common,80,2.992480350,75,1.000000,mainnet,86,137.323762,14.257046,95.036555,318.701678,620.633859,74,0.007400000,0.992654358,17
common,80,2.992480350,75,1.000000,mainnet,87,136.884849,14.069136,94.531200,313.434888,621.186266,94,0.009400000,0.990687537,349
common,80,2.992480350,75,1.000000,mainnet,88,134.738560,14.694105,95.339214,309.258846,609.164836,73,0.007300000,0.992752904,136
common,80,2.992480350,75,1.000000,mainnet,89,137.152722,14.636522,94.609515,321.908810,630.638001,89,0.008900000,0.991178511,82
common,80,2.992480350,75,1.000000,mainnet,90,137.325079,14.822765,95.438346,318.034123,626.598646,82,0.008200000,0.991866693,53
common,80,2.992480350,75,1.000000,mainnet,91,136.685402,13.913938,94.625281,319.473001,622.237281,72,0.007200000,0.992851469,17
common,80,2.992480350,75,1.000000,mainnet,92,135.740253,14.064861,92.416186,317.664151,625.409757,67,0.006700000,0.993344591,17
common,80,2.992480350,75,1.000000,mainnet,93,133.377893,14.078734,91.035414,305.784570,639.336243,68,0.006800000,0.993245928,45
common,80,2.992480350,75,1.000000,mainnet,94,139.043769,15.304120,96.670580,320.527871,622.208905,71,0.007100000,0.992950055,767
common,80,2.992480350,75,1.000000,mainnet,95,137.926714,14.684772,97.142828,317.328426,631.773698,60,0.006000000,0.994035785,394
common,80,2.992480350,75,1.000000,mainnet,96,137.663023,13.633364,94.346415,318.865450,631.304735,53,0.005300000,0.994727942,52
common,80,2.992480350,75,1.000000,mainnet,97,136.466684,14.251411,96.248098,316.031055,630.938146,68,0.006800000,0.993245928,101
common,80,2.992480350,75,1.000000,mainnet,98,136.735141,14.137158,94.905529,314.802864,624.661080,80,0.008000000,0.992063492,291
common,80,2.992480350,75,1.000000,mainnet,99,136.953206,14.209162,92.656821,321.394420,647.272579,79,0.007900000,0.992161921,342
common,80,2.992480350,75,1.000000,mainnet,100,136.868464,14.823979,94.150284,314.123027,644.225205,65,0.006500000,0.993541977,240
common,80,2.992480350,75,2.000000,mainnet,1,136.513175,14.472639,95.383200,311.766401,628.726224,148,0.014800000,0.985415845,102
common,80,2.992480350,75,2.000000,mainnet,2,136.432122,14.413325,94.274982,315.952702,622.420027,126,0.012600000,0.987556785,101
common,80,2.992480350,75,2.000000,mainnet,3,137.042925,14.310927,95.994624,314.140311,600.504834,140,0.014000000,0.986193294,94
common,80,2.992480350,75,2.000000,mainnet,4,137.834178,15.169487,95.314848,317.088430,614.438702,162,0.016200000,0.984058256,106
common,80,2.992480350,75,2.000000,mainnet,5,139.137261,14.361209,97.065489,317.223089,631.415368,150,0.015000000,0.985221675,157
common,80,2.992480350,75,2.000000,mainnet,6,136.412587,14.066796,92.944513,318.175267,615.056468,145,0.014500000,0.985707245,332
common,80,2.992480350,75,2.000000,mainnet,7,137.543165,14.761195,96.295493,316.158191,625.450374,143,0.014300000,0.985901607,36
common,80,2.992480350,75,2.000000,mainnet,8,135.490165,13.797280,96.006639,307.979469,623.394498,148,0.014800000,0.985415845,220
common,80,2.992480350,75,2.000000,mainnet,9,135.944647,14.407569,91.514673,318.758871,622.418198,148,0.014800000,0.985415845,40
common,80,2.992480350,75,2.000000,mainnet,10,137.567885,14.472668,95.804505,318.489600,628.940667,132,0.013200000,0.986971970,103
common,80,2.992480350,75,2.000000,mainnet,11,136.942780,14.447058,93.913696,315.044942,646.094115,146,0.014600000,0.985610093,104
common,80,2.992480350,75,2.000000,mainnet,12,136.325726,14.000876,93.655261,318.278709,621.722958,132,0.013200000,0.986971970,166
common,80,2.992480350,75,2.000000,mainnet,13,135.616996,14.016883,94.500618,311.129496,621.460266,159,0.015900000,0.984348853,108
common,80,2.992480350,75,2.000000,mainnet,14,138.121977,15.223769,97.788905,318.154436,633.481366,120,0.012000000,0.988142292,111
common,80,2.992480350,75,2.000000,mainnet,15,136.845692,14.700040,94.290055,311.509641,636.987462,145,0.014500000,0.985707245,30
common,80,2.992480350,75,2.000000,mainnet,16,135.580024,14.119543,95.720027,314.315516,616.729861,145,0.014500000,0.985707245,145
common,80,2.992480350,75,2.000000,mainnet,17,137.374693,14.374674,95.752450,314.349282,629.134667,148,0.014800000,0.985415845,254
common,80,2.992480350,75,2.000000,mainnet,18,137.979435,13.733753,95.379762,318.769236,638.549580,143,0.014300000,0.985901607,269
common,80,2.992480350,75,2.000000,mainnet,19,138.201050,15.110057,96.281300,317.793391,616.598185,156,0.015600000,0.984639622,157
common,80,2.992480350,75,2.000000,mainnet,20,136.787185,14.635270,94.849606,314.110779,620.558786,128,0.012800000,0.987361769,163
common,80,2.992480350,75,2.000000,mainnet,21,135.497278,14.008631,95.229283,309.349940,615.836929,162,0.016200000,0.984058256,257
common,80,2.992480350,75,2.000000,mainnet,22,135.750828,14.375944,93.738236,317.289065,625.527375,155,0.015500000,0.984736583,114
common,80,2.992480350,75,2.000000,mainnet,23,136.419467,14.987329,94.364266,315.460344,640.113789,133,0.013300000,0.986874568,100
common,80,2.992480350,75,2.000000,mainnet,24,137.654121,14.293933,96.164310,317.402924,623.620897,142,0.014200000,0.985998817,174
common,80,2.992480350,75,2.000000,mainnet,25,135.107764,13.339579,93.274700,308.977351,605.822720,139,0.013900000,0.986290561,204
common,80,2.992480350,75,2.000000,mainnet,26,138.215548,14.957275,95.388859,321.432680,613.951671,121,0.012100000,0.988044660,766
common,80,2.992480350,75,2.000000,mainnet,27,137.131112,14.035849,96.038169,315.287221,625.572004,138,0.013800000,0.986387848,20
common,80,2.992480350,75,2.000000,mainnet,28,137.029029,13.914394,94.019499,320.731001,629.897305,141,0.014100000,0.986096046,231
common,80,2.992480350,75,2.000000,mainnet,29,137.592489,14.285756,95.943839,319.364904,624.633166,147,0.014700000,0.985512959,134
common,80,2.992480350,75,2.000000,mainnet,30,138.725253,14.264877,96.029622,318.490775,629.627510,138,0.013800000,0.986387848,221
common,80,2.992480350,75,2.000000,mainnet,31,136.552329,14.481957,94.983428,317.860105,647.863688,150,0.015000000,0.985221675,102
common,80,2.992480350,75,2.000000,mainnet,32,135.615189,14.054131,95.191753,312.658399,615.146038,150,0.015000000,0.985221675,208
common,80,2.992480350,75,2.000000,mainnet,33,136.296296,15.011176,94.980514,311.386419,611.511319,135,0.013500000,0.986679822,17
common,80,2.992480350,75,2.000000,mainnet,34,134.735432,13.928384,93.544535,306.820755,625.143240,149,0.014900000,0.985318751,82
common,80,2.992480350,75,2.000000,mainnet,35,136.232659,14.683789,96.793212,309.477632,624.753856,145,0.014500000,0.985707245,24
common,80,2.992480350,75,2.000000,mainnet,36,134.603819,13.840684,92.939542,309.114247,627.120566,131,0.013100000,0.987069391,223
common,80,2.992480350,75,2.000000,mainnet,37,137.977474,14.298574,93.198744,320.353475,627.096577,144,0.014400000,0.985804416,106
common,80,2.992480350,75,2.000000,mainnet,38,136.345803,13.677569,93.040642,318.918864,627.017086,130,0.013000000,0.987166831,180
common,80,2.992480350,75,2.000000,mainnet,39,137.967865,14.979236,96.180352,318.557827,624.479370,136,0.013600000,0.986582478,216
common,80,2.992480350,75,2.000000,mainnet,40,139.348770,15.503971,97.474102,317.116622,634.127678,153,0.015300000,0.984930562,292
common,80,2.992480350,75,2.000000,mainnet,41,135.049456,14.637786,94.371521,306.185736,642.106744,146,0.014600000,0.985610093,43
common,80,2.992480350,75,2.000000,mainnet,42,139.048363,15.296656,96.546622,318.312588,646.848941,144,0.014400000,0.985804416,17
common,80,2.992480350,75,2.000000,mainnet,43,135.326204,14.132736,93.837718,316.418225,604.569842,141,0.014100000,0.986096046,56
common,80,2.992480350,75,2.000000,mainnet,44,137.520237,14.816436,96.271823,316.135682,624.816262,141,0.014100000,0.986096046,505
common,80,2.992480350,75,2.000000,mainnet,45,136.889157,14.442935,94.387101,316.408708,645.435373,156,0.015600000,0.984639622,27
common,80,2.992480350,75,2.000000,mainnet,46,135.530909,14.115232,93.931676,313.868942,629.525287,148,0.014800000,0.985415845,180
common,80,2.992480350,75,2.000000,mainnet,47,136.629916,14.186134,93.027039,316.716145,636.053296,157,0.015700000,0.984542680,371
common,80,2.992480350,75,2.000000,mainnet,48,137.498242,14.498494,95.278467,316.352895,636.099029,144,0.014400000,0.985804416,50
common,80,2.992480350,75,2.000000,mainnet,49,140.652350,15.225121,97.815197,321.415457,639.611221,136,0.013600000,0.986582478,73
common,80,2.992480350,75,2.000000,mainnet,50,137.066762,13.762045,92.654584,321.917031,624.458475,158,0.015800000,0.984445757,145
common,80,2.992480350,75,2.000000,mainnet,51,139.094060,15.030526,95.269223,317.616216,655.536560,156,0.015600000,0.984639622,205
common,80,2.992480350,75,2.000000,mainnet,52,136.166235,14.207311,93.455741,315.538692,637.991277,147,0.014700000,0.985512959,51
common,80,2.992480350,75,2.000000,mainnet,53,138.171443,14.853082,97.078991,317.181898,620.124980,144,0.014400000,0.985804416,301
common,80,2.992480350,75,2.000000,mainnet,54,137.820784,13.651617,94.900953,317.026505,648.690352,126,0.012600000,0.987556785,190
common,80,2.992480350,75,2.000000,mainnet,55,138.038921,14.217692,96.700672,316.126837,642.580026,160,0.016000000,0.984251969,166
common,80,2.992480350,75,2.000000,mainnet,56,136.836984,14.641440,95.519517,318.630682,602.796542,132,0.013200000,0.986971970,134
common,80,2.992480350,75,2.000000,mainnet,57,137.281306,15.104317,95.553464,318.546665,630.620633,140,0.014000000,0.986193294,202
common,80,2.992480350,75,2.000000,mainnet,58,136.133241,14.625600,93.857745,317.691263,630.458081,137,0.013700000,0.986485153,20
common,80,2.992480350,75,2.000000,mainnet,59,135.763810,14.041940,95.338479,310.490692,634.159777,155,0.015500000,0.984736583,404
common,80,2.992480350,75,2.000000,mainnet,60,137.613059,15.140234,95.252162,319.972104,624.149721,128,0.012800000,0.987361769,154
common,80,2.992480350,75,2.000000,mainnet,61,136.798836,15.480801,94.771240,316.699072,623.291619,135,0.013500000,0.986679822,38
common,80,2.992480350,75,2.000000,mainnet,62,136.175159,14.671629,96.218062,311.209254,626.390313,157,0.015700000,0.984542680,20
common,80,2.992480350,75,2.000000,mainnet,63,136.698371,14.235015,94.694494,312.558943,618.199314,142,0.014200000,0.985998817,48
common,80,2.992480350,75,2.000000,mainnet,64,137.409723,13.985371,95.942670,313.776096,621.470615,154,0.015400000,0.984833563,210
common,80,2.992480350,75,2.000000,mainnet,65,136.472278,14.258968,93.694800,310.972859,641.011124,133,0.013300000,0.986874568,98
common,80,2.992480350,75,2.000000,mainnet,66,137.232349,14.233394,94.850034,318.845879,623.416528,146,0.014600000,0.985610093,17
common,80,2.992480350,75,2.000000,mainnet,67,138.673776,14.153866,94.989840,317.598537,664.925250,132,0.013200000,0.986971970,17
common,80,2.992480350,75,2.000000,mainnet,68,137.606550,15.196864,96.753845,319.685330,625.704211,141,0.014100000,0.986096046,377
common,80,2.992480350,75,2.000000,mainnet,69,138.706550,14.607156,96.484895,321.090850,649.069598,145,0.014500000,0.985707245,365
common,80,2.992480350,75,2.000000,mainnet,70,136.994439,15.030958,92.599069,315.262654,664.996413,136,0.013600000,0.986582478,118
common,80,2.992480350,75,2.000000,mainnet,71,137.003278,13.799608,93.460357,318.162832,641.686197,152,0.015200000,0.985027581,18
common,80,2.992480350,75,2.000000,mainnet,72,136.562212,14.236407,94.572566,317.146488,623.169020,142,0.014200000,0.985998817,343
common,80,2.992480350,75,2.000000,mainnet,73,138.342492,14.518069,94.914293,317.288534,649.411168,149,0.014900000,0.985318751,99
common,80,2.992480350,75,2.000000,mainnet,74,139.128844,15.222427,96.119084,322.283037,643.027971,152,0.015200000,0.985027581,66
common,80,2.992480350,75,2.000000,mainnet,75,138.274784,14.361292,95.882971,316.012350,669.577790,132,0.013200000,0.986971970,214
common,80,2.992480350,75,2.000000,mainnet,76,137.140443,14.481981,94.245697,316.319471,638.448455,138,0.013800000,0.986387848,144
common,80,2.992480350,75,2.000000,mainnet,77,137.103257,13.919729,95.417747,315.692593,633.393078,164,0.016400000,0.983864620,80
common,80,2.992480350,75,2.000000,mainnet,78,137.138540,14.746824,95.359388,311.926230,631.557057,151,0.015100000,0.985124618,117
common,80,2.992480350,75,2.000000,mainnet,79,139.351195,15.302794,96.738294,321.906276,634.118974,153,0.015300000,0.984930562,23
common,80,2.992480350,75,2.000000,mainnet,80,137.296642,14.663081,94.430177,317.740324,640.347318,150,0.015000000,0.985221675,41
common,80,2.992480350,75,2.000000,mainnet,81,138.566904,14.348237,97.288567,317.880879,639.768842,147,0.014700000,0.985512959,25
common,80,2.992480350,75,2.000000,mainnet,82,137.142296,14.583574,95.560407,314.972633,634.833084,151,0.015100000,0.985124618,331
common,80,2.992480350,75,2.000000,mainnet,83,139.294847,14.897861,96.538865,320.319674,622.470791,152,0.015200000,0.985027581,874
common,80,2.992480350,75,2.000000,mainnet,84,137.491250,13.868634,95.274754,315.303554,652.901950,127,0.012700000,0.987459267,39
common,80,2.992480350,75,2.000000,mainnet,85,136.507182,14.353075,93.551388,314.044083,602.773819,159,0.015900000,0.984348853,194
common,80,2.992480350,75,2.000000,mainnet,86,137.100980,14.472585,94.474113,318.243415,621.984064,157,0.015700000,0.984542680,17
common,80,2.992480350,75,2.000000,mainnet,87,137.903802,14.396312,95.660763,315.437565,627.260891,180,0.018000000,0.982318271,283
common,80,2.992480350,75,2.000000,mainnet,88,134.990080,14.441523,95.300149,311.026399,609.164836,144,0.014400000,0.985804416,136
common,80,2.992480350,75,2.000000,mainnet,89,137.551369,14.636497,94.380814,322.956101,633.000139,169,0.016900000,0.983380863,342
common,80,2.992480350,75,2.000000,mainnet,90,137.712560,15.056326,95.526334,320.385672,626.598646,152,0.015200000,0.985027581,53
common,80,2.992480350,75,2.000000,mainnet,91,136.287024,14.336668,94.645957,315.494087,627.184218,161,0.016100000,0.984155103,17
common,80,2.992480350,75,2.000000,mainnet,92,137.457458,14.323149,94.239974,319.375079,635.994099,129,0.012900000,0.987264291,17
common,80,2.992480350,75,2.000000,mainnet,93,133.502369,14.577725,91.487987,307.436905,616.305477,128,0.012800000,0.987361769,45
common,80,2.992480350,75,2.000000,mainnet,94,139.694852,15.310196,97.320412,320.266920,636.598644,142,0.014200000,0.985998817,765
common,80,2.992480350,75,2.000000,mainnet,95,136.730230,14.844124,96.182826,312.130995,622.907803,143,0.014300000,0.985901607,354
common,80,2.992480350,75,2.000000,mainnet,96,136.492873,13.572707,94.081328,314.025121,631.175179,140,0.014000000,0.986193294,172
common,80,2.992480350,75,2.000000,mainnet,97,138.267377,14.481733,98.072339,318.799188,630.938146,132,0.013200000,0.986971970,101
common,80,2.992480350,75,2.000000,mainnet,98,136.257606,14.181626,94.391137,314.195897,617.782373,146,0.014600000,0.985610093,291
common,80,2.992480350,75,2.000000,mainnet,99,137.031926,14.360574,93.370789,321.155765,633.087466,172,0.017200000,0.983090838,341
common,80,2.992480350,75,2.000000,mainnet,100,137.598873,14.764204,93.990295,316.832552,650.558736,167,0.016700000,0.983574309,240
common,80,2.992480350,75,5.000000,mainnet,1,138.113174,14.386425,95.109772,315.674015,651.033506,361,0.036100000,0.965157803,100
common,80,2.992480350,75,5.000000,mainnet,2,136.970270,14.292836,94.657573,317.451614,613.752470,336,0.033600000,0.967492260,100
common,80,2.992480350,75,5.000000,mainnet,3,134.795435,14.091539,93.775855,311.599168,593.994078,377,0.037700000,0.963669654,90
common,80,2.992480350,75,5.000000,mainnet,4,139.325930,15.191574,97.198209,317.521081,638.192318,366,0.036600000,0.964692263,106
common,80,2.992480350,75,5.000000,mainnet,5,138.713173,14.237571,96.893067,314.502070,631.415368,387,0.038700000,0.962741889,157
common,80,2.992480350,75,5.000000,mainnet,6,136.430309,14.255752,93.930796,316.662057,620.482774,329,0.032900000,0.968147933,330
common,80,2.992480350,75,5.000000,mainnet,7,137.523275,14.726708,96.311093,315.099415,626.119754,376,0.037600000,0.963762529,46
common,80,2.992480350,75,5.000000,mainnet,8,137.141975,14.389854,95.944253,313.855364,647.040391,391,0.039100000,0.962371283,287
common,80,2.992480350,75,5.000000,mainnet,9,136.980917,14.253093,92.674371,317.682693,622.504740,391,0.039100000,0.962371283,80
common,80,2.992480350,75,5.000000,mainnet,10,135.844840,14.096901,94.939945,311.688033,617.811151,384,0.038400000,0.963020031,54
common,80,2.992480350,75,5.000000,mainnet,11,135.621881,14.473430,93.043588,312.581708,630.363501,351,0.035100000,0.966090233,103
common,80,2.992480350,75,5.000000,mainnet,12,137.616039,13.473268,95.112270,321.832337,619.323950,342,0.034200000,0.966930961,125
common,80,2.992480350,75,5.000000,mainnet,13,135.680561,14.563009,95.138496,308.726452,624.043882,362,0.036200000,0.965064659,108
common,80,2.992480350,75,5.000000,mainnet,14,137.376168,15.143247,96.091467,317.038932,632.284342,331,0.033100000,0.967960507,111
common,80,2.992480350,75,5.000000,mainnet,15,137.143969,14.958501,93.732521,314.693243,653.476809,356,0.035600000,0.965623793,30
common,80,2.992480350,75,5.000000,mainnet,16,136.199609,14.486039,94.953802,315.740051,624.623487,388,0.038800000,0.962649211,143
common,80,2.992480350,75,5.000000,mainnet,17,137.112547,14.392160,95.365205,313.147826,637.115520,348,0.034800000,0.966370313,255
common,80,2.992480350,75,5.000000,mainnet,18,139.852265,13.923258,97.289200,324.414288,652.495156,356,0.035600000,0.965623793,53
common,80,2.992480350,75,5.000000,mainnet,19,138.335388,14.500855,96.938860,316.825260,634.563591,369,0.036900000,0.964413155,69
common,80,2.992480350,75,5.000000,mainnet,20,137.113775,14.850917,95.275521,312.989750,627.137281,357,0.035700000,0.965530559,202
common,80,2.992480350,75,5.000000,mainnet,21,135.623216,13.735284,96.095471,311.242600,605.477332,376,0.037600000,0.963762529,384
common,80,2.992480350,75,5.000000,mainnet,22,137.135030,14.505124,96.198855,318.490330,616.849644,363,0.036300000,0.964971533,112
common,80,2.992480350,75,5.000000,mainnet,23,136.975673,14.918739,93.881253,316.967978,650.482120,331,0.033100000,0.967960507,100
common,80,2.992480350,75,5.000000,mainnet,24,136.736689,14.509740,94.824018,317.105628,625.945218,356,0.035600000,0.965623793,174
common,80,2.992480350,75,5.000000,mainnet,25,137.810532,14.201324,94.801287,315.339942,650.367587,351,0.035100000,0.966090233,202
common,80,2.992480350,75,5.000000,mainnet,26,138.891990,14.768327,96.379502,321.771763,616.918433,319,0.031900000,0.969086152,20
common,80,2.992480350,75,5.000000,mainnet,27,136.307308,14.072245,93.251326,313.854785,631.517461,360,0.036000000,0.965250965,20
common,80,2.992480350,75,5.000000,mainnet,28,138.172050,14.455866,96.366912,317.878468,635.228506,324,0.032400000,0.968616815,231
common,80,2.992480350,75,5.000000,mainnet,29,138.351056,14.581898,96.951523,317.142677,633.719446,372,0.037200000,0.964134207,410
common,80,2.992480350,75,5.000000,mainnet,30,139.035539,14.521772,97.258816,316.633973,625.497653,364,0.036400000,0.964878425,221
common,80,2.992480350,75,5.000000,mainnet,31,137.887139,14.103795,95.602747,320.083928,658.869728,337,0.033700000,0.967398665,871
common,80,2.992480350,75,5.000000,mainnet,32,134.063854,13.370717,92.952857,313.117697,601.113666,372,0.037200000,0.964134207,17
common,80,2.992480350,75,5.000000,mainnet,33,136.843811,14.155392,94.300816,313.842824,627.984677,368,0.036800000,0.964506173,17
common,80,2.992480350,75,5.000000,mainnet,34,136.270388,14.833279,94.502474,309.368798,620.175966,366,0.036600000,0.964692263,30
common,80,2.992480350,75,5.000000,mainnet,35,136.135021,14.578620,95.631451,311.079678,634.407908,386,0.038600000,0.962834585,132
common,80,2.992480350,75,5.000000,mainnet,36,134.982672,13.686152,94.049978,310.063961,627.120566,351,0.035100000,0.966090233,220
common,80,2.992480350,75,5.000000,mainnet,37,136.219203,14.249511,93.015402,316.384066,627.096577,354,0.035400000,0.965810315,105
common,80,2.992480350,75,5.000000,mainnet,38,136.060938,13.872184,93.640342,318.464701,620.922075,356,0.035600000,0.965623793,99
common,80,2.992480350,75,5.000000,mainnet,39,137.194831,14.639908,95.200225,316.220582,631.433182,366,0.036600000,0.964692263,215
common,80,2.992480350,75,5.000000,mainnet,40,138.247531,15.063166,97.252746,317.263979,643.378796,387,0.038700000,0.962741889,288
common,80,2.992480350,75,5.000000,mainnet,41,136.335846,14.565974,95.127751,314.348915,631.712994,349,0.034900000,0.966276935,227
common,80,2.992480350,75,5.000000,mainnet,42,138.670187,14.842648,95.155875,319.646871,646.939988,355,0.035500000,0.965717045,17
common,80,2.992480350,75,5.000000,mainnet,43,135.003154,14.002839,93.924974,314.096881,599.095832,363,0.036300000,0.964971533,117
common,80,2.992480350,75,5.000000,mainnet,44,138.332582,14.886470,95.942163,320.981212,637.345890,357,0.035700000,0.965530559,50
common,80,2.992480350,75,5.000000,mainnet,45,135.217277,14.238797,93.343710,314.707966,631.048156,386,0.038600000,0.962834585,27
common,80,2.992480350,75,5.000000,mainnet,46,136.658076,14.240545,95.561336,314.663387,618.793123,364,0.036400000,0.964878425,270
common,80,2.992480350,75,5.000000,mainnet,47,136.906446,14.137967,93.796657,318.034333,635.010848,353,0.035300000,0.965903603,120
common,80,2.992480350,75,5.000000,mainnet,48,137.372551,14.464268,95.155476,314.902056,639.524092,388,0.038800000,0.962649211,45
common,80,2.992480350,75,5.000000,mainnet,49,140.291231,14.967531,97.013601,326.251613,639.611221,380,0.038000000,0.963391137,72
common,80,2.992480350,75,5.000000,mainnet,50,136.949730,14.123394,93.648443,320.364593,624.098821,384,0.038400000,0.963020031,147
common,80,2.992480350,75,5.000000,mainnet,51,140.469414,15.149198,96.291313,319.129311,660.101195,326,0.032600000,0.968429208,54
common,80,2.992480350,75,5.000000,mainnet,52,135.861795,13.926641,93.599550,314.541597,637.991277,333,0.033300000,0.967773154,51
common,80,2.992480350,75,5.000000,mainnet,53,137.061145,14.518775,95.570980,316.246977,620.124980,374,0.037400000,0.963948332,267
common,80,2.992480350,75,5.000000,mainnet,54,137.840340,14.027162,96.409460,315.656591,642.533778,354,0.035400000,0.965810315,233
common,80,2.992480350,75,5.000000,mainnet,55,136.373675,14.168610,94.673954,312.138383,640.384632,371,0.037100000,0.964227172,212
common,80,2.992480350,75,5.000000,mainnet,56,134.397672,14.397953,93.548566,312.637410,593.982623,366,0.036600000,0.964692263,146
common,80,2.992480350,75,5.000000,mainnet,57,136.205869,14.921289,94.581969,316.206830,628.534140,380,0.038000000,0.963391137,190
common,80,2.992480350,75,5.000000,mainnet,58,135.840687,14.909442,94.041893,313.057010,630.702959,331,0.033100000,0.967960507,17
common,80,2.992480350,75,5.000000,mainnet,59,136.984560,14.671227,95.548160,312.651886,633.561610,370,0.037000000,0.964320154,398
common,80,2.992480350,75,5.000000,mainnet,60,138.037702,15.318815,95.384420,322.489110,614.317311,333,0.033300000,0.967773154,190
common,80,2.992480350,75,5.000000,mainnet,61,135.518831,15.397114,92.995696,315.117636,615.106207,351,0.035100000,0.966090233,38
common,80,2.992480350,75,5.000000,mainnet,62,136.790769,15.300485,97.058468,311.102534,626.664644,348,0.034800000,0.966370313,20
common,80,2.992480350,75,5.000000,mainnet,63,137.540285,14.011183,93.886505,315.111381,634.998692,344,0.034400000,0.966744006,48
common,80,2.992480350,75,5.000000,mainnet,64,138.249789,13.898340,96.681677,317.968567,635.486653,394,0.039400000,0.962093515,17
common,80,2.992480350,75,5.000000,mainnet,65,134.597751,13.465703,92.762798,307.166549,629.155874,370,0.037000000,0.964320154,98
common,80,2.992480350,75,5.000000,mainnet,66,138.506669,14.394162,94.893925,327.026029,612.367564,369,0.036900000,0.964413155,89
common,80,2.992480350,75,5.000000,mainnet,67,137.798742,14.288811,94.763618,315.826310,653.174918,333,0.033300000,0.967773154,252
common,80,2.992480350,75,5.000000,mainnet,68,138.297312,14.813808,96.743170,319.377601,630.023315,367,0.036700000,0.964599209,175
common,80,2.992480350,75,5.000000,mainnet,69,140.505303,14.414551,97.532603,325.926204,659.228974,356,0.035600000,0.965623793,249
common,80,2.992480350,75,5.000000,mainnet,70,136.850691,14.595939,92.485354,313.832304,664.555935,349,0.034900000,0.966276935,87
common,80,2.992480350,75,5.000000,mainnet,71,136.746313,14.308761,93.596010,319.024263,634.209762,358,0.035800000,0.965437343,17
common,80,2.992480350,75,5.000000,mainnet,72,137.954905,14.354299,96.836433,317.846416,630.833335,313,0.031300000,0.969649956,114
common,80,2.992480350,75,5.000000,mainnet,73,138.690113,14.986371,95.646992,316.075252,634.719758,369,0.036900000,0.964413155,57
common,80,2.992480350,75,5.000000,mainnet,74,139.734065,15.101773,96.960511,323.922140,644.090741,400,0.040000000,0.961538462,194
common,80,2.992480350,75,5.000000,mainnet,75,136.359480,14.172474,93.481586,313.165932,619.968208,328,0.032800000,0.968241673,56
common,80,2.992480350,75,5.000000,mainnet,76,136.514919,14.391751,94.974553,315.938414,622.643165,372,0.037200000,0.964134207,98
common,80,2.992480350,75,5.000000,mainnet,77,135.552304,13.887404,94.255961,310.159782,624.783160,384,0.038400000,0.963020031,79
common,80,2.992480350,75,5.000000,mainnet,78,137.207359,14.437942,95.976069,312.480095,624.284178,347,0.034700000,0.966463709,117
common,80,2.992480350,75,5.000000,mainnet,79,138.955588,15.159503,96.618003,320.646297,631.855659,397,0.039700000,0.961815908,350
common,80,2.992480350,75,5.000000,mainnet,80,136.211239,14.632442,94.547295,314.226699,631.218900,372,0.037200000,0.964134207,41
common,80,2.992480350,75,5.000000,mainnet,81,137.161404,14.390211,96.063112,313.479461,620.749765,356,0.035600000,0.965623793,25
common,80,2.992480350,75,5.000000,mainnet,82,137.898480,14.636094,94.461948,320.764017,640.101369,341,0.034100000,0.967024466,57
common,80,2.992480350,75,5.000000,mainnet,83,139.493170,14.935997,96.339660,319.165074,643.340612,372,0.037200000,0.964134207,463
common,80,2.992480350,75,5.000000,mainnet,84,136.842053,13.472190,93.626013,313.209771,665.160818,341,0.034100000,0.967024466,123
common,80,2.992480350,75,5.000000,mainnet,85,134.817890,14.092331,92.754280,310.501995,594.452371,394,0.039400000,0.962093515,192
common,80,2.992480350,75,5.000000,mainnet,86,136.564444,14.009576,93.733966,316.200014,621.714019,367,0.036700000,0.964599209,17
common,80,2.992480350,75,5.000000,mainnet,87,137.542151,13.992825,94.867896,318.371974,630.062332,366,0.036600000,0.964692263,342
common,80,2.992480350,75,5.000000,mainnet,88,135.410623,14.555677,94.587163,312.921337,617.457282,345,0.034500000,0.966650556,133
common,80,2.992480350,75,5.000000,mainnet,89,136.741280,14.273309,93.277810,322.441170,651.438874,363,0.036300000,0.964971533,339
common,80,2.992480350,75,5.000000,mainnet,90,137.540866,14.675553,95.720660,319.390689,631.905904,356,0.035600000,0.965623793,53
common,80,2.992480350,75,5.000000,mainnet,91,136.447885,14.203463,93.832448,317.610067,647.615025,369,0.036900000,0.964413155,17
common,80,2.992480350,75,5.000000,mainnet,92,135.515894,14.003636,92.656160,313.349081,629.002336,353,0.035300000,0.965903603,17
common,80,2.992480350,75,5.000000,mainnet,93,133.152092,14.144731,91.035414,307.436905,614.368346,366,0.036600000,0.964692263,45
common,80,2.992480350,75,5.000000,mainnet,94,138.816304,14.926639,97.354677,317.477411,629.685913,372,0.037200000,0.964134207,160
common,80,2.992480350,75,5.000000,mainnet,95,136.095508,14.909458,95.595752,314.142361,613.139391,370,0.037000000,0.964320154,160
common,80,2.992480350,75,5.000000,mainnet,96,137.087805,13.288064,93.801249,316.466417,631.175179,369,0.036900000,0.964413155,473
common,80,2.992480350,75,5.000000,mainnet,97,137.737042,14.306979,97.349340,320.089559,609.178841,336,0.033600000,0.967492260,101
common,80,2.992480350,75,5.000000,mainnet,98,136.944396,14.319184,93.995501,315.685988,631.383743,357,0.035700000,0.965530559,289
common,80,2.992480350,75,5.000000,mainnet,99,138.194577,14.838999,94.731055,320.163412,637.429221,366,0.036600000,0.964692263,207
common,80,2.992480350,75,5.000000,mainnet,100,135.468638,14.614346,94.728262,309.270902,627.783304,361,0.036100000,0.965157803,238
common,80,2.992480350,75,10.000000,mainnet,1,137.788534,14.904289,95.626699,315.719593,623.806551,746,0.074600000,0.930578820,99
common,80,2.992480350,75,10.000000,mainnet,2,138.021188,14.253069,94.299340,321.381825,633.679724,690,0.069000000,0.935453695,103
common,80,2.992480350,75,10.000000,mainnet,3,134.779451,14.542825,94.478207,308.320680,594.483744,724,0.072400000,0.932487878,55
common,80,2.992480350,75,10.000000,mainnet,4,137.383736,14.856923,97.154629,310.472628,623.550868,706,0.070600000,0.934055670,52
common,80,2.992480350,75,10.000000,mainnet,5,137.510577,13.838758,95.831695,316.948988,630.830346,778,0.077800000,0.927815921,101
common,80,2.992480350,75,10.000000,mainnet,6,136.302545,14.044642,94.385149,315.696834,620.034769,712,0.071200000,0.933532487,529
common,80,2.992480350,75,10.000000,mainnet,7,138.772088,15.418380,97.122311,319.559220,616.879488,733,0.073300000,0.931705954,45
common,80,2.992480350,75,10.000000,mainnet,8,137.747432,14.101648,96.703088,315.450197,643.531300,718,0.071800000,0.933009890,69
common,80,2.992480350,75,10.000000,mainnet,9,135.844832,14.232964,92.258116,315.224818,614.720538,744,0.074400000,0.930752048,168
common,80,2.992480350,75,10.000000,mainnet,10,136.447909,13.839848,95.482941,314.479168,622.114587,731,0.073100000,0.931879601,251
common,80,2.992480350,75,10.000000,mainnet,11,134.002057,14.224895,92.120097,307.225464,617.103289,752,0.075200000,0.930059524,102
common,80,2.992480350,75,10.000000,mainnet,12,138.254345,13.579240,95.214338,323.534243,625.409217,711,0.071100000,0.933619643,163
common,80,2.992480350,75,10.000000,mainnet,13,136.221474,14.709322,95.972236,311.438624,619.926024,757,0.075700000,0.929627219,98
common,80,2.992480350,75,10.000000,mainnet,14,136.101645,14.903112,94.628536,314.671407,624.132834,675,0.067500000,0.936768150,111
common,80,2.992480350,75,10.000000,mainnet,15,136.541272,14.700040,92.687451,317.247668,657.390542,710,0.071000000,0.933706816,31
common,80,2.992480350,75,10.000000,mainnet,16,136.361162,14.155063,93.862142,318.583709,632.555089,758,0.075800000,0.929540807,140
common,80,2.992480350,75,10.000000,mainnet,17,138.033771,14.163424,96.871204,314.339361,636.538038,701,0.070100000,0.934492104,252
common,80,2.992480350,75,10.000000,mainnet,18,140.364325,13.825485,96.936021,324.399844,659.015053,737,0.073700000,0.931358853,148
common,80,2.992480350,75,10.000000,mainnet,19,137.833217,14.313117,97.699072,312.786381,616.598185,718,0.071800000,0.933009890,56
common,80,2.992480350,75,10.000000,mainnet,20,136.014582,15.178711,94.422887,308.848916,624.890935,703,0.070300000,0.934317481,200
common,80,2.992480350,75,10.000000,mainnet,21,135.699416,14.116179,96.035666,312.847099,616.231043,742,0.074200000,0.930925340,455
common,80,2.992480350,75,10.000000,mainnet,22,135.306733,14.480299,93.027731,317.778702,620.689297,759,0.075900000,0.929454410,181
common,80,2.992480350,75,10.000000,mainnet,23,137.073160,14.280400,93.597620,319.222980,653.966051,702,0.070200000,0.934404784,97
common,80,2.992480350,75,10.000000,mainnet,24,136.463772,14.623296,95.741086,313.847791,623.414746,687,0.068700000,0.935716291,137
common,80,2.992480350,75,10.000000,mainnet,25,136.808318,14.143045,94.430160,312.237700,642.412084,680,0.068000000,0.936329588,97
common,80,2.992480350,75,10.000000,mainnet,26,136.007690,14.715699,93.473469,317.074922,618.958002,676,0.067600000,0.936680405,20
common,80,2.992480350,75,10.000000,mainnet,27,137.648038,14.059564,95.150479,319.020273,632.855564,693,0.069300000,0.935191247,20
common,80,2.992480350,75,10.000000,mainnet,28,136.938280,14.488477,95.278775,317.964208,627.480033,697,0.069700000,0.934841544,230
common,80,2.992480350,75,10.000000,mainnet,29,136.513726,14.183273,95.110278,319.187283,624.108023,748,0.074800000,0.930405657,426
common,80,2.992480350,75,10.000000,mainnet,30,139.782046,14.497698,97.294090,319.702424,633.687314,725,0.072500000,0.932400932,219
common,80,2.992480350,75,10.000000,mainnet,31,139.617385,14.769468,96.442306,325.276765,665.207862,688,0.068800000,0.935628743,682
common,80,2.992480350,75,10.000000,mainnet,32,135.979862,13.466407,94.247908,313.820792,608.268272,724,0.072400000,0.932487878,17
common,80,2.992480350,75,10.000000,mainnet,33,137.733692,14.466921,94.339110,317.505795,633.598612,716,0.071600000,0.933184024,17
common,80,2.992480350,75,10.000000,mainnet,34,135.771013,14.432634,94.342021,307.593627,615.175240,699,0.069900000,0.934666791,30
common,80,2.992480350,75,10.000000,mainnet,35,135.897445,14.412504,95.796739,312.396303,632.899227,728,0.072800000,0.932140194,131
common,80,2.992480350,75,10.000000,mainnet,36,135.935235,13.865557,94.446963,312.101243,626.615484,707,0.070700000,0.933968432,219
common,80,2.992480350,75,10.000000,mainnet,37,136.194327,14.871790,93.296416,312.156789,630.142151,777,0.077700000,0.927902014,94
common,80,2.992480350,75,10.000000,mainnet,38,136.890678,14.141010,93.891334,321.243234,635.923744,692,0.069200000,0.935278713,94
common,80,2.992480350,75,10.000000,mainnet,39,136.851391,14.223493,95.056844,315.319833,619.939032,739,0.073900000,0.931185399,210
common,80,2.992480350,75,10.000000,mainnet,40,135.802388,15.023787,96.133249,312.557337,611.287979,772,0.077200000,0.928332714,284
common,80,2.992480350,75,10.000000,mainnet,41,135.498782,14.540560,94.383051,308.789750,633.505819,727,0.072700000,0.932227091,237
common,80,2.992480350,75,10.000000,mainnet,42,137.896023,14.400104,95.860527,319.565410,644.603654,712,0.071200000,0.933532487,17
common,80,2.992480350,75,10.000000,mainnet,43,134.819036,13.578182,93.036594,316.670933,604.569842,682,0.068200000,0.936154278,117
common,80,2.992480350,75,10.000000,mainnet,44,138.023085,15.352149,96.285240,319.454619,626.886529,717,0.071700000,0.933096949,48
common,80,2.992480350,75,10.000000,mainnet,45,136.706985,14.153734,94.291617,318.267135,640.562567,763,0.076300000,0.929108984,27
common,80,2.992480350,75,10.000000,mainnet,46,136.589307,14.278344,95.105110,312.182788,638.384159,721,0.072100000,0.932748811,32
common,80,2.992480350,75,10.000000,mainnet,47,138.542422,14.481906,95.143914,319.414618,635.010848,731,0.073100000,0.931879601,655
common,80,2.992480350,75,10.000000,mainnet,48,136.853966,14.727932,94.365698,311.969500,631.652443,733,0.073300000,0.931705954,46
common,80,2.992480350,75,10.000000,mainnet,49,140.439713,15.242347,97.043698,325.848157,634.381933,717,0.071700000,0.933096949,75
common,80,2.992480350,75,10.000000,mainnet,50,137.652961,14.064902,95.704128,319.215647,641.395013,686,0.068600000,0.935803856,144
common,80,2.992480350,75,10.000000,mainnet,51,139.411203,15.088776,95.649394,318.613057,651.972475,742,0.074200000,0.930925340,39
common,80,2.992480350,75,10.000000,mainnet,52,137.170824,14.343428,95.817285,313.842308,644.785063,684,0.068400000,0.935979034,733
common,80,2.992480350,75,10.000000,mainnet,53,138.863119,14.894360,97.598519,317.904519,638.907378,713,0.071300000,0.933445347,63
common,80,2.992480350,75,10.000000,mainnet,54,138.534591,14.257974,96.091651,320.486421,632.678109,729,0.072900000,0.932053313,182
common,80,2.992480350,75,10.000000,mainnet,55,137.052571,14.522341,96.122866,313.912810,633.758976,756,0.075600000,0.929713648,65
common,80,2.992480350,75,10.000000,mainnet,56,135.314674,14.222743,94.112010,315.088915,598.097826,734,0.073400000,0.931619154,98
common,80,2.992480350,75,10.000000,mainnet,57,136.363655,14.244320,94.456744,316.248201,634.110001,711,0.071100000,0.933619643,108
common,80,2.992480350,75,10.000000,mainnet,58,136.755350,14.422030,93.884261,316.750145,633.109627,711,0.071100000,0.933619643,17
common,80,2.992480350,75,10.000000,mainnet,59,137.200019,14.474946,93.769597,313.352622,649.930061,740,0.074000000,0.931098696,217
common,80,2.992480350,75,10.000000,mainnet,60,138.257836,14.828668,94.885720,320.161652,627.127074,695,0.069500000,0.935016363,188
common,80,2.992480350,75,10.000000,mainnet,61,136.161673,14.902634,94.182988,315.466390,615.106207,757,0.075700000,0.929627219,98
common,80,2.992480350,75,10.000000,mainnet,62,136.917482,14.612256,96.871326,311.691907,625.629774,703,0.070300000,0.934317481,20
common,80,2.992480350,75,10.000000,mainnet,63,136.905420,14.036651,94.027728,312.656260,624.637942,691,0.069100000,0.935366196,48
common,80,2.992480350,75,10.000000,mainnet,64,140.046746,14.676686,97.031176,323.415955,635.486653,745,0.074500000,0.930665426,205
common,80,2.992480350,75,10.000000,mainnet,65,135.962501,13.671568,93.495665,309.982115,647.929083,691,0.069100000,0.935366196,96
common,80,2.992480350,75,10.000000,mainnet,66,137.453958,14.336855,94.402374,320.693618,608.466118,703,0.070300000,0.934317481,196
common,80,2.992480350,75,10.000000,mainnet,67,138.027893,13.614961,94.593604,315.268514,651.011265,684,0.068400000,0.935979034,182
common,80,2.992480350,75,10.000000,mainnet,68,138.947322,14.668295,97.245049,321.891322,630.023315,744,0.074400000,0.930752048,55
common,80,2.992480350,75,10.000000,mainnet,69,139.607263,14.369160,96.777447,321.508928,651.636845,708,0.070800000,0.933881210,805
common,80,2.992480350,75,10.000000,mainnet,70,135.473743,14.405093,92.372821,313.777443,649.491771,751,0.075100000,0.930146033,85
common,80,2.992480350,75,10.000000,mainnet,71,136.814356,13.863400,94.530214,317.771728,629.441702,698,0.069800000,0.934754160,17
common,80,2.992480350,75,10.000000,mainnet,72,138.959719,14.679587,97.633530,321.024437,638.964625,702,0.070200000,0.934404784,342
common,80,2.992480350,75,10.000000,mainnet,73,136.690630,15.185248,94.262043,309.610060,649.962780,723,0.072300000,0.932574839,54
common,80,2.992480350,75,10.000000,mainnet,74,139.416384,15.047238,95.777251,322.660630,644.163940,751,0.075100000,0.930146033,175
common,80,2.992480350,75,10.000000,mainnet,75,138.133583,14.681406,94.770364,313.318484,641.012824,684,0.068400000,0.935979034,54
common,80,2.992480350,75,10.000000,mainnet,76,136.972393,13.775472,95.358634,316.604465,622.819569,705,0.070500000,0.934142924,97
common,80,2.992480350,75,10.000000,mainnet,77,136.426101,14.028029,95.793516,311.496559,622.959748,728,0.072800000,0.932140194,108
common,80,2.992480350,75,10.000000,mainnet,78,135.925202,14.290822,95.291607,310.455452,615.135803,696,0.069600000,0.934928945,146
common,80,2.992480350,75,10.000000,mainnet,79,138.670658,15.115987,96.738294,320.045628,627.298579,748,0.074800000,0.930405657,362
common,80,2.992480350,75,10.000000,mainnet,80,136.264188,13.813205,94.954624,316.110441,636.907722,696,0.069600000,0.934928945,40
common,80,2.992480350,75,10.000000,mainnet,81,135.226534,13.836565,94.227501,310.115777,620.785518,720,0.072000000,0.932835821,25
common,80,2.992480350,75,10.000000,mainnet,82,137.740811,14.577923,94.130047,320.429405,628.042641,706,0.070600000,0.934055670,59
common,80,2.992480350,75,10.000000,mainnet,83,137.968030,15.390143,95.730232,316.064127,614.850143,732,0.073200000,0.931792769,457
common,80,2.992480350,75,10.000000,mainnet,84,138.847040,14.296222,94.510765,317.200978,662.652285,687,0.068700000,0.935716291,123
common,80,2.992480350,75,10.000000,mainnet,85,134.874171,14.233726,92.569813,311.999824,603.406409,743,0.074300000,0.930838686,235
common,80,2.992480350,75,10.000000,mainnet,86,137.637235,14.311909,95.334438,316.815180,624.311877,726,0.072600000,0.932314003,17
common,80,2.992480350,75,10.000000,mainnet,87,136.909663,14.470463,95.614371,314.019675,628.929307,747,0.074700000,0.930492230,278
common,80,2.992480350,75,10.000000,mainnet,88,134.837042,14.656722,94.286676,307.640867,613.423101,698,0.069800000,0.934754160,149
common,80,2.992480350,75,10.000000,mainnet,89,137.435812,14.024648,93.371637,323.741957,664.790929,706,0.070600000,0.934055670,333
common,80,2.992480350,75,10.000000,mainnet,90,138.649803,14.537550,95.951889,320.704030,642.309805,688,0.068800000,0.935628743,129
common,80,2.992480350,75,10.000000,mainnet,91,137.118618,14.395835,93.984561,316.851206,647.905342,702,0.070200000,0.934404784,17
common,80,2.992480350,75,10.000000,mainnet,92,133.727055,13.972430,91.819075,310.096381,625.409757,728,0.072800000,0.932140194,59
common,80,2.992480350,75,10.000000,mainnet,93,134.690938,14.444852,92.508104,312.726672,614.311190,691,0.069100000,0.935366196,73
common,80,2.992480350,75,10.000000,mainnet,94,138.558890,14.675687,96.005247,318.378787,629.691241,738,0.073800000,0.931272118,183
common,80,2.992480350,75,10.000000,mainnet,95,137.964303,14.735755,96.726624,317.747014,628.220111,691,0.069100000,0.935366196,159
common,80,2.992480350,75,10.000000,mainnet,96,138.580740,13.621456,96.052406,317.242435,631.022897,778,0.077800000,0.927815921,344
common,80,2.992480350,75,10.000000,mainnet,97,137.046235,14.246720,95.981207,317.255388,610.992162,730,0.073000000,0.931966449,96
common,80,2.992480350,75,10.000000,mainnet,98,136.531040,14.243731,95.394155,314.157720,613.412629,710,0.071000000,0.933706816,283
common,80,2.992480350,75,10.000000,mainnet,99,136.139421,14.222736,94.537231,314.360100,632.189201,741,0.074100000,0.931012010,264
common,80,2.992480350,75,10.000000,mainnet,100,134.898410,14.613244,94.743959,305.448996,609.215971,736,0.073600000,0.931445604,144
regtest,10,7572.862991367,75,0.500000,mainnet,1,111.555855,11.851468,76.694002,258.090037,505.445051,34,0.003400000,0.996611521,29
regtest,10,7572.862991367,75,0.500000,mainnet,2,110.926877,11.928680,75.593310,257.307867,506.655095,40,0.004000000,0.996015936,93
regtest,10,7572.862991367,75,0.500000,mainnet,3,111.159824,11.751936,77.970791,256.274356,480.770342,35,0.003500000,0.996512207,17
regtest,10,7572.862991367,75,0.500000,mainnet,4,111.213462,11.886564,78.097307,255.938509,497.255646,38,0.003800000,0.996214385,65
regtest,10,7572.862991367,75,0.500000,mainnet,5,112.416871,11.617554,77.983443,255.826061,505.367796,42,0.004200000,0.995817566,25
regtest,10,7572.862991367,75,0.500000,mainnet,6,110.594487,11.509286,76.225696,255.699321,499.116437,41,0.004100000,0.995916741,40
regtest,10,7572.862991367,75,0.500000,mainnet,7,111.697828,12.290113,77.926126,256.226248,511.169179,26,0.002600000,0.997406742,34
regtest,10,7572.862991367,75,0.500000,mainnet,8,110.354388,11.394298,77.314830,252.091324,505.432990,43,0.004300000,0.995718411,17
regtest,10,7572.862991367,75,0.500000,mainnet,9,111.162793,11.894777,74.519136,259.447172,506.925969,39,0.003900000,0.996115151,36
regtest,10,7572.862991367,75,0.500000,mainnet,10,111.042363,11.312160,77.179088,253.378913,514.332704,34,0.003400000,0.996611521,23
regtest,10,7572.862991367,75,0.500000,mainnet,11,110.206797,11.570670,75.742617,253.237864,521.596710,51,0.005100000,0.994925878,101
regtest,10,7572.862991367,75,0.500000,mainnet,12,112.298137,11.413342,77.323478,262.207016,506.133912,41,0.004100000,0.995916741,26
regtest,10,7572.862991367,75,0.500000,mainnet,13,109.523810,11.211390,76.074071,252.467260,504.822896,50,0.005000000,0.995024876,99
regtest,10,7572.862991367,75,0.500000,mainnet,14,111.185221,12.126873,78.383760,255.719859,511.697844,43,0.004300000,0.995718411,27
regtest,10,7572.862991367,75,0.500000,mainnet,15,111.083739,12.062107,76.316013,253.585741,506.587187,54,0.005400000,0.994629003,27
regtest,10,7572.862991367,75,0.500000,mainnet,16,112.510530,11.747255,79.561897,261.357315,509.287303,34,0.003400000,0.996611521,18
regtest,10,7572.862991367,75,0.500000,mainnet,17,109.824490,11.656007,76.761927,251.923494,501.268165,47,0.004700000,0.995321987,88
regtest,10,7572.862991367,75,0.500000,mainnet,18,111.893446,11.263934,77.395281,258.496068,517.020372,26,0.002600000,0.997406742,48
regtest,10,7572.862991367,75,0.500000,mainnet,19,111.541930,11.852358,77.200026,256.846516,513.542405,29,0.002900000,0.997108386,35
regtest,10,7572.862991367,75,0.500000,mainnet,20,111.527259,12.056404,78.358329,252.273389,499.053935,37,0.003700000,0.996313640,161
regtest,10,7572.862991367,75,0.500000,mainnet,21,110.192465,11.217941,76.253747,254.446548,494.276164,43,0.004300000,0.995718411,164
regtest,10,7572.862991367,75,0.500000,mainnet,22,110.239038,11.628809,75.285890,256.434600,508.572791,31,0.003100000,0.996909580,17
regtest,10,7572.862991367,75,0.500000,mainnet,23,111.917845,12.401480,78.189081,257.647312,525.649951,31,0.003100000,0.996909580,17
regtest,10,7572.862991367,75,0.500000,mainnet,24,111.291528,11.681400,77.047019,258.504382,506.976441,51,0.005100000,0.994925878,83
regtest,10,7572.862991367,75,0.500000,mainnet,25,110.560943,11.492909,76.355804,254.257231,509.513755,39,0.003900000,0.996115151,76
regtest,10,7572.862991367,75,0.500000,mainnet,26,111.883631,11.899641,77.593385,258.142837,497.405082,38,0.003800000,0.996214385,17
regtest,10,7572.862991367,75,0.500000,mainnet,27,111.413970,11.397387,77.261306,257.411697,508.611665,40,0.004000000,0.996015936,17
regtest,10,7572.862991367,75,0.500000,mainnet,28,110.859963,11.400056,76.586631,257.323468,505.069971,34,0.003400000,0.996611521,123
regtest,10,7572.862991367,75,0.500000,mainnet,29,110.739464,11.614919,76.968790,257.576169,502.840353,46,0.004600000,0.995421063,132
regtest,10,7572.862991367,75,0.500000,mainnet,30,114.049902,11.825590,79.405327,260.536726,517.784364,41,0.004100000,0.995916741,85
regtest,10,7572.862991367,75,0.500000,mainnet,31,111.676247,11.839593,77.265192,262.493193,523.026536,45,0.004500000,0.995520159,94
regtest,10,7572.862991367,75,0.500000,mainnet,32,109.442676,11.101533,76.022621,253.854111,493.134952,44,0.004400000,0.995619275,80
regtest,10,7572.862991367,75,0.500000,mainnet,33,111.318945,12.308857,76.178052,257.236264,506.683508,38,0.003800000,0.996214385,18
regtest,10,7572.862991367,75,0.500000,mainnet,34,109.069838,11.600171,75.434740,249.626083,505.918661,37,0.003700000,0.996313640,19
regtest,10,7572.862991367,75,0.500000,mainnet,35,112.153593,12.292259,79.068387,256.557499,514.734293,36,0.003600000,0.996412914,23
regtest,10,7572.862991367,75,0.500000,mainnet,36,108.745488,11.399931,75.545379,247.894370,509.029260,45,0.004500000,0.995520159,33
regtest,10,7572.862991367,75,0.500000,mainnet,37,111.695161,11.787606,76.569035,257.890098,513.067579,37,0.003700000,0.996313640,46
regtest,10,7572.862991367,75,0.500000,mainnet,38,111.705958,11.211529,77.140999,259.493559,507.740653,36,0.003600000,0.996412914,106
regtest,10,7572.862991367,75,0.500000,mainnet,39,112.544356,12.172841,78.217435,259.317988,507.988544,36,0.003600000,0.996412914,43
regtest,10,7572.862991367,75,0.500000,mainnet,40,112.207203,12.173368,77.870241,256.637530,513.189627,44,0.004400000,0.995619275,288
regtest,10,7572.862991367,75,0.500000,mainnet,41,110.307826,11.967805,76.943690,251.024499,524.709672,49,0.004900000,0.995123893,36
regtest,10,7572.862991367,75,0.500000,mainnet,42,112.561107,11.899143,77.256219,258.917476,524.182724,45,0.004500000,0.995520159,21
regtest,10,7572.862991367,75,0.500000,mainnet,43,110.239731,11.617305,76.939695,256.564267,491.337638,44,0.004400000,0.995619275,55
regtest,10,7572.862991367,75,0.500000,mainnet,44,111.715480,11.988630,77.629521,255.586790,526.857480,36,0.003600000,0.996412914,109
regtest,10,7572.862991367,75,0.500000,mainnet,45,110.615719,11.575598,76.264200,257.783635,518.397282,41,0.004100000,0.995916741,23
regtest,10,7572.862991367,75,0.500000,mainnet,46,111.742107,11.261059,76.824872,256.424888,532.334464,47,0.004700000,0.995321987,18
regtest,10,7572.862991367,75,0.500000,mainnet,47,110.598678,11.689484,75.433087,257.996374,512.898293,51,0.005100000,0.994925878,68
regtest,10,7572.862991367,75,0.500000,mainnet,48,111.747083,11.717232,77.281630,257.527306,510.282597,49,0.004900000,0.995123893,38
regtest,10,7572.862991367,75,0.500000,mainnet,49,113.734447,12.218911,78.978479,260.347319,524.826725,38,0.003800000,0.996214385,71
regtest,10,7572.862991367,75,0.500000,mainnet,50,110.608728,11.189123,76.241211,255.182806,511.610870,35,0.003500000,0.996512207,35
regtest,10,7572.862991367,75,0.500000,mainnet,51,112.000292,11.945736,76.750014,257.357726,537.102686,48,0.004800000,0.995222930,17
regtest,10,7572.862991367,75,0.500000,mainnet,52,110.537111,11.660747,76.381608,253.746853,512.606377,37,0.003700000,0.996313640,17
regtest,10,7572.862991367,75,0.500000,mainnet,53,111.652800,11.826900,76.602747,257.364273,512.097684,41,0.004100000,0.995916741,64
regtest,10,7572.862991367,75,0.500000,mainnet,54,111.404366,11.605285,77.900613,253.395352,520.441425,42,0.004200000,0.995817566,90
regtest,10,7572.862991367,75,0.500000,mainnet,55,110.339235,11.643581,77.569280,250.907864,519.751592,40,0.004000000,0.996015936,21
regtest,10,7572.862991367,75,0.500000,mainnet,56,111.958430,12.019913,77.983051,259.262233,505.821188,41,0.004100000,0.995916741,46
regtest,10,7572.862991367,75,0.500000,mainnet,57,110.499951,12.068544,77.016958,254.334656,512.066505,41,0.004100000,0.995916741,48
regtest,10,7572.862991367,75,0.500000,mainnet,58,110.993859,12.163172,77.509865,256.791282,507.870264,46,0.004600000,0.995421063,18
regtest,10,7572.862991367,75,0.500000,mainnet,59,109.923004,11.017208,77.091011,250.327483,516.465933,46,0.004600000,0.995421063,36
regtest,10,7572.862991367,75,0.500000,mainnet,60,111.662650,12.314255,77.145263,259.359572,494.099495,36,0.003600000,0.996412914,82
regtest,10,7572.862991367,75,0.500000,mainnet,61,111.797166,12.624464,78.043726,259.570352,499.060320,38,0.003800000,0.996214385,18
regtest,10,7572.862991367,75,0.500000,mainnet,62,111.089014,11.726596,78.396452,252.770240,512.091436,38,0.003800000,0.996214385,17
regtest,10,7572.862991367,75,0.500000,mainnet,63,110.098466,11.044709,76.248247,252.949072,500.847092,46,0.004600000,0.995421063,48
regtest,10,7572.862991367,75,0.500000,mainnet,64,112.524765,11.778417,78.436463,258.694952,517.780296,45,0.004500000,0.995520159,97
regtest,10,7572.862991367,75,0.500000,mainnet,65,109.143866,11.264456,75.477494,250.791704,514.825752,39,0.003900000,0.996115151,89
regtest,10,7572.862991367,75,0.500000,mainnet,66,111.102916,11.846197,76.838607,257.942473,499.588862,50,0.005000000,0.995024876,21
regtest,10,7572.862991367,75,0.500000,mainnet,67,112.987406,11.747234,78.350012,258.608495,519.948248,42,0.004200000,0.995817566,63
regtest,10,7572.862991367,75,0.500000,mainnet,68,112.979835,11.791084,78.438469,262.613692,516.830015,32,0.003200000,0.996810207,57
regtest,10,7572.862991367,75,0.500000,mainnet,69,111.220708,11.666374,77.609655,257.951681,516.283397,46,0.004600000,0.995421063,370
regtest,10,7572.862991367,75,0.500000,mainnet,70,111.761368,12.105927,75.654171,258.675578,526.048070,39,0.003900000,0.996115151,26
regtest,10,7572.862991367,75,0.500000,mainnet,71,111.082735,11.670633,75.594374,257.943254,510.429012,42,0.004200000,0.995817566,19
regtest,10,7572.862991367,75,0.500000,mainnet,72,110.572251,11.470051,76.574689,256.352143,501.249869,48,0.004800000,0.995222930,36
regtest,10,7572.862991367,75,0.500000,mainnet,73,111.996803,11.851881,77.116842,254.079322,525.558316,51,0.005100000,0.994925878,54
regtest,10,7572.862991367,75,0.500000,mainnet,74,112.925084,12.539257,77.293532,264.616664,510.142943,37,0.003700000,0.996313640,65
regtest,10,7572.862991367,75,0.500000,mainnet,75,112.458750,11.497125,77.117414,257.011238,535.909898,38,0.003800000,0.996214385,65
regtest,10,7572.862991367,75,0.500000,mainnet,76,111.583327,11.814650,76.323528,257.774135,505.261080,40,0.004000000,0.996015936,61
regtest,10,7572.862991367,75,0.500000,mainnet,77,111.481540,11.365361,78.048587,257.304584,502.010260,55,0.005500000,0.994530085,36
regtest,10,7572.862991367,75,0.500000,mainnet,78,110.050575,11.101225,76.734960,254.930106,497.819799,34,0.003400000,0.996611521,111
regtest,10,7572.862991367,75,0.500000,mainnet,79,113.043539,12.497033,79.421681,258.245326,522.166246,53,0.005300000,0.994727942,22
regtest,10,7572.862991367,75,0.500000,mainnet,80,110.409135,11.461260,75.877583,256.765797,523.840880,39,0.003900000,0.996115151,37
regtest,10,7572.862991367,75,0.500000,mainnet,81,112.019518,11.770531,78.840133,254.878106,511.957248,46,0.004600000,0.995421063,23
regtest,10,7572.862991367,75,0.500000,mainnet,82,111.226147,12.059651,77.140212,258.310969,510.270516,44,0.004400000,0.995619275,22
regtest,10,7572.862991367,75,0.500000,mainnet,83,112.349765,12.058091,77.912657,259.242750,507.725838,48,0.004800000,0.995222930,36
regtest,10,7572.862991367,75,0.500000,mainnet,84,112.465176,11.396669,78.278025,258.434931,516.688736,42,0.004200000,0.995817566,29
regtest,10,7572.862991367,75,0.500000,mainnet,85,111.340396,11.865416,76.151372,255.142058,503.156724,40,0.004000000,0.996015936,17
regtest,10,7572.862991367,75,0.500000,mainnet,86,111.941550,11.805599,77.172423,259.632664,511.112182,43,0.004300000,0.995718411,23
regtest,10,7572.862991367,75,0.500000,mainnet,87,110.534306,11.515314,76.979748,252.344412,493.001856,62,0.006200000,0.993838203,165
regtest,10,7572.862991367,75,0.500000,mainnet,88,109.003647,12.020946,77.620402,248.871704,495.217996,36,0.003600000,0.996412914,17
regtest,10,7572.862991367,75,0.500000,mainnet,89,111.540898,11.884776,77.110965,260.441207,517.177699,47,0.004700000,0.995321987,17
regtest,10,7572.862991367,75,0.500000,mainnet,90,111.876110,12.068865,77.307970,261.654793,519.238210,35,0.003500000,0.996512207,18
regtest,10,7572.862991367,75,0.500000,mainnet,91,110.455525,11.284357,76.342848,258.862430,513.066612,31,0.003100000,0.996909580,18
regtest,10,7572.862991367,75,0.500000,mainnet,92,110.040693,11.480366,74.259450,256.869461,512.785062,33,0.003300000,0.996710854,19
regtest,10,7572.862991367,75,0.500000,mainnet,93,108.948265,11.447110,74.464662,251.149093,523.153460,40,0.004000000,0.996015936,30
regtest,10,7572.862991367,75,0.500000,mainnet,94,112.538195,12.314123,77.929735,258.339593,503.543950,46,0.004600000,0.995421063,25
regtest,10,7572.862991367,75,0.500000,mainnet,95,111.427286,11.911981,78.519971,256.020162,511.284588,29,0.002900000,0.997108386,26
regtest,10,7572.862991367,75,0.500000,mainnet,96,111.588368,11.226938,76.288765,258.389430,514.559209,31,0.003100000,0.996909580,58
regtest,10,7572.862991367,75,0.500000,mainnet,97,111.475383,11.453659,79.368413,257.354425,507.304914,39,0.003900000,0.996115151,23
regtest,10,7572.862991367,75,0.500000,mainnet,98,111.003926,11.530065,77.745259,254.221106,498.949032,46,0.004600000,0.995421063,136
regtest,10,7572.862991367,75,0.500000,mainnet,99,111.913085,11.427577,75.873213,263.329944,528.223093,47,0.004700000,0.995321987,24
regtest,10,7572.862991367,75,0.500000,mainnet,100,111.328416,11.969093,76.689980,254.987085,528.544303,27,0.002700000,0.997307270,79
regtest,10,7572.862991367,75,1.000000,mainnet,1,112.052412,12.017799,77.647047,255.933280,511.318104,85,0.008500000,0.991571641,29
regtest,10,7572.862991367,75,1.000000,mainnet,2,110.091119,11.594688,75.625275,254.327957,505.679444,74,0.007400000,0.992654358,93
regtest,10,7572.862991367,75,1.000000,mainnet,3,111.013394,11.581610,78.024704,256.646511,479.132767,78,0.007800000,0.992260369,17
regtest,10,7572.862991367,75,1.000000,mainnet,4,110.142770,11.946961,77.821034,252.541309,484.078689,88,0.008800000,0.991276764,65
regtest,10,7572.862991367,75,1.000000,mainnet,5,113.223269,11.611581,78.450241,257.342424,518.170431,79,0.007900000,0.992161921,25
regtest,10,7572.862991367,75,1.000000,mainnet,6,110.320719,11.463629,75.920094,256.679167,494.624971,73,0.007300000,0.992752904,40
regtest,10,7572.862991367,75,1.000000,mainnet,7,111.288786,12.102949,77.458803,255.696168,510.363389,85,0.008500000,0.991571641,34
regtest,10,7572.862991367,75,1.000000,mainnet,8,110.223503,11.496932,77.432559,251.127386,505.432990,74,0.007400000,0.992654358,17
regtest,10,7572.862991367,75,1.000000,mainnet,9,110.703006,11.718688,74.288586,258.794562,518.152897,82,0.008200000,0.991866693,36
regtest,10,7572.862991367,75,1.000000,mainnet,10,110.647600,11.482976,76.559328,254.933500,508.991860,81,0.008100000,0.991965083,39
regtest,10,7572.862991367,75,1.000000,mainnet,11,110.732183,11.885983,76.114117,253.676273,516.960991,102,0.010200000,0.989902990,101
regtest,10,7572.862991367,75,1.000000,mainnet,12,112.033066,11.558112,77.010282,261.717896,509.605637,74,0.007400000,0.992654358,26
regtest,10,7572.862991367,75,1.000000,mainnet,13,109.428418,11.278076,76.330396,252.301631,501.696450,73,0.007300000,0.992752904,99
regtest,10,7572.862991367,75,1.000000,mainnet,14,111.562319,12.198654,79.011601,256.406452,512.666577,71,0.007100000,0.992950055,27
regtest,10,7572.862991367,75,1.000000,mainnet,15,110.875717,12.092117,76.564340,251.920961,515.406720,93,0.009300000,0.990785693,27
regtest,10,7572.862991367,75,1.000000,mainnet,16,110.602926,11.625032,77.870747,257.656273,509.340690,80,0.008000000,0.992063492,18
regtest,10,7572.862991367,75,1.000000,mainnet,17,110.803804,11.732459,77.611951,254.269148,513.132744,86,0.008600000,0.991473329,88
regtest,10,7572.862991367,75,1.000000,mainnet,18,111.503766,11.393097,77.577751,257.972419,512.109408,86,0.008600000,0.991473329,48
regtest,10,7572.862991367,75,1.000000,mainnet,19,112.354394,12.339291,77.549620,258.425524,515.019242,81,0.008100000,0.991965083,56
regtest,10,7572.862991367,75,1.000000,mainnet,20,110.919311,12.187721,78.005359,251.190914,498.481363,73,0.007300000,0.992752904,161
regtest,10,7572.862991367,75,1.000000,mainnet,21,110.039273,11.360689,76.913978,251.152593,494.276164,100,0.010000000,0.990099010,165
regtest,10,7572.862991367,75,1.000000,mainnet,22,110.748688,11.867108,76.118363,257.736031,508.940133,82,0.008200000,0.991866693,17
regtest,10,7572.862991367,75,1.000000,mainnet,23,111.193826,12.505067,77.556604,256.608759,514.112094,69,0.006900000,0.993147284,17
regtest,10,7572.862991367,75,1.000000,mainnet,24,111.665442,11.652925,76.944523,259.181708,510.140899,76,0.007600000,0.992457324,83
regtest,10,7572.862991367,75,1.000000,mainnet,25,110.339223,11.243451,76.987329,253.223740,494.412534,82,0.008200000,0.991866693,33
regtest,10,7572.862991367,75,1.000000,mainnet,26,111.689412,12.067789,76.806425,258.500976,498.719616,69,0.006900000,0.993147284,17
regtest,10,7572.862991367,75,1.000000,mainnet,27,111.843338,11.328210,77.919023,258.336963,511.614090,79,0.007900000,0.992161921,17
regtest,10,7572.862991367,75,1.000000,mainnet,28,111.475573,11.299277,76.943584,259.523029,505.069971,82,0.008200000,0.991866693,213
regtest,10,7572.862991367,75,1.000000,mainnet,29,111.371912,11.865124,77.520735,257.871748,505.505867,78,0.007800000,0.992260369,132
regtest,10,7572.862991367,75,1.000000,mainnet,30,113.921986,11.889428,79.174796,261.321607,521.439013,75,0.007500000,0.992555831,85
regtest,10,7572.862991367,75,1.000000,mainnet,31,110.653657,11.323065,76.288707,258.388567,519.742610,96,0.009600000,0.990491284,94
regtest,10,7572.862991367,75,1.000000,mainnet,32,109.418977,11.240238,76.137317,254.535883,491.570594,82,0.008200000,0.991866693,80
regtest,10,7572.862991367,75,1.000000,mainnet,33,110.760371,12.285983,76.159210,254.944951,502.608797,71,0.007100000,0.992950055,18
regtest,10,7572.862991367,75,1.000000,mainnet,34,109.736434,11.602169,76.159548,251.235871,507.694020,74,0.007400000,0.992654358,19
regtest,10,7572.862991367,75,1.000000,mainnet,35,111.654373,11.987042,78.245121,254.884579,519.219790,82,0.008200000,0.991866693,23
regtest,10,7572.862991367,75,1.000000,mainnet,36,108.769919,11.211217,74.974943,248.775625,508.950414,74,0.007400000,0.992654358,33
regtest,10,7572.862991367,75,1.000000,mainnet,37,111.524277,11.669020,75.728998,256.971177,505.978340,81,0.008100000,0.991965083,46
regtest,10,7572.862991367,75,1.000000,mainnet,38,111.189107,11.200896,76.484062,259.004757,512.687992,67,0.006700000,0.993344591,106
regtest,10,7572.862991367,75,1.000000,mainnet,39,112.004782,12.011178,77.631670,257.488420,510.490011,79,0.007900000,0.992161921,112
regtest,10,7572.862991367,75,1.000000,mainnet,40,112.700135,12.229414,78.711917,255.186443,520.676412,90,0.009000000,0.991080278,285
regtest,10,7572.862991367,75,1.000000,mainnet,41,110.585210,11.816983,76.933507,250.325292,535.159215,82,0.008200000,0.991866693,36
regtest,10,7572.862991367,75,1.000000,mainnet,42,112.303761,12.099568,77.117889,256.051164,521.633020,89,0.008900000,0.991178511,21
regtest,10,7572.862991367,75,1.000000,mainnet,43,110.101379,11.740297,76.848270,256.101850,490.253858,77,0.007700000,0.992358837,55
regtest,10,7572.862991367,75,1.000000,mainnet,44,111.706207,11.947465,77.818001,257.904031,515.084075,73,0.007300000,0.992752904,109
regtest,10,7572.862991367,75,1.000000,mainnet,45,110.933696,11.500846,76.184478,260.850231,517.890706,86,0.008600000,0.991473329,23
regtest,10,7572.862991367,75,1.000000,mainnet,46,111.752727,11.319720,76.963976,257.442760,529.374616,82,0.008200000,0.991866693,18
regtest,10,7572.862991367,75,1.000000,mainnet,47,111.006026,11.527566,75.697713,258.675574,517.002231,99,0.009900000,0.990197049,30
regtest,10,7572.862991367,75,1.000000,mainnet,48,112.018170,11.805695,77.372047,258.056778,518.758639,90,0.009000000,0.991080278,37
regtest,10,7572.862991367,75,1.000000,mainnet,49,114.132450,12.346889,79.688666,261.662529,523.041902,70,0.007000000,0.993048659,71
regtest,10,7572.862991367,75,1.000000,mainnet,50,111.642272,11.592016,76.226025,259.922398,516.613422,97,0.009700000,0.990393186,35
regtest,10,7572.862991367,75,1.000000,mainnet,51,112.599758,12.160877,76.942682,257.172259,541.476657,96,0.009600000,0.990491284,17
regtest,10,7572.862991367,75,1.000000,mainnet,52,110.615970,11.523662,75.798628,256.082681,514.987999,71,0.007100000,0.992950055,17
regtest,10,7572.862991367,75,1.000000,mainnet,53,111.648676,11.847965,76.955622,257.880486,504.343723,87,0.008700000,0.991375037,64
regtest,10,7572.862991367,75,1.000000,mainnet,54,112.285720,11.424486,78.223438,256.971124,526.576095,78,0.007800000,0.992260369,90
regtest,10,7572.862991367,75,1.000000,mainnet,55,111.558851,11.669686,78.204503,255.037848,522.748430,97,0.009700000,0.990393186,21
regtest,10,7572.862991367,75,1.000000,mainnet,56,111.201579,11.807877,77.660367,257.579818,501.744786,85,0.008500000,0.991571641,46
regtest,10,7572.862991367,75,1.000000,mainnet,57,112.031759,12.613745,77.635425,260.042276,517.883352,82,0.008200000,0.991866693,48
regtest,10,7572.862991367,75,1.000000,mainnet,58,111.003398,12.056276,77.251747,256.777917,510.418055,80,0.008000000,0.992063492,18
regtest,10,7572.862991367,75,1.000000,mainnet,59,110.386036,11.353362,76.712780,251.846099,512.731517,96,0.009600000,0.990491284,36
regtest,10,7572.862991367,75,1.000000,mainnet,60,112.140611,12.438480,77.027482,262.783704,500.452532,78,0.007800000,0.992260369,82
regtest,10,7572.862991367,75,1.000000,mainnet,61,111.475925,12.529740,77.396517,258.661849,497.795847,76,0.007600000,0.992457324,18
regtest,10,7572.862991367,75,1.000000,mainnet,62,110.847703,11.853838,78.534387,252.352945,509.093575,78,0.007800000,0.992260369,17
regtest,10,7572.862991367,75,1.000000,mainnet,63,111.277061,11.415782,77.966566,254.379274,505.509732,83,0.008300000,0.991768323,48
regtest,10,7572.862991367,75,1.000000,mainnet,64,112.031695,11.946551,77.840837,256.554818,511.049368,76,0.007600000,0.992457324,97
regtest,10,7572.862991367,75,1.000000,mainnet,65,110.068984,11.486409,75.721947,251.194890,519.490937,84,0.008400000,0.991669972,95
regtest,10,7572.862991367,75,1.000000,mainnet,66,112.086821,11.704316,77.341664,260.536863,510.935271,89,0.008900000,0.991178511,21
regtest,10,7572.862991367,75,1.000000,mainnet,67,112.467391,11.579094,77.746025,256.876550,522.108554,82,0.008200000,0.991866693,63
regtest,10,7572.862991367,75,1.000000,mainnet,68,112.270857,12.028790,78.502046,261.488976,509.247044,85,0.008500000,0.991571641,57
regtest,10,7572.862991367,75,1.000000,mainnet,69,111.561213,11.814851,78.041853,259.663321,511.484008,86,0.008600000,0.991473329,368
regtest,10,7572.862991367,75,1.000000,mainnet,70,112.013543,12.104200,75.454945,259.254889,533.800064,65,0.006500000,0.993541977,26
regtest,10,7572.862991367,75,1.000000,mainnet,71,111.089682,11.600055,75.886839,258.460405,515.004200,87,0.008700000,0.991375037,19
regtest,10,7572.862991367,75,1.000000,mainnet,72,110.057133,11.385635,76.117001,256.590263,498.595469,82,0.008200000,0.991866693,36
regtest,10,7572.862991367,75,1.000000,mainnet,73,111.711356,11.851881,76.747957,254.079322,519.683100,87,0.008700000,0.991375037,54
regtest,10,7572.862991367,75,1.000000,mainnet,74,112.605760,12.569744,77.424684,260.513764,521.252578,84,0.008400000,0.991669972,65
regtest,10,7572.862991367,75,1.000000,mainnet,75,112.176573,11.644634,76.459251,256.497923,542.043486,89,0.008900000,0.991178511,66
regtest,10,7572.862991367,75,1.000000,mainnet,76,110.977259,12.086028,75.865648,257.377015,505.519799,74,0.007400000,0.992654358,61
regtest,10,7572.862991367,75,1.000000,mainnet,77,111.272957,11.177273,77.995143,255.449394,504.710498,108,0.010800000,0.989315394,36
regtest,10,7572.862991367,75,1.000000,mainnet,78,110.274027,11.296991,76.806311,253.426299,503.547328,68,0.006800000,0.993245928,111
regtest,10,7572.862991367,75,1.000000,mainnet,79,112.557316,12.321720,78.888029,257.096018,520.105360,84,0.008400000,0.991669972,22
regtest,10,7572.862991367,75,1.000000,mainnet,80,111.925672,11.682222,76.420868,260.324841,533.410940,88,0.008800000,0.991276764,37
regtest,10,7572.862991367,75,1.000000,mainnet,81,112.999992,11.911598,79.441344,258.296153,535.149848,80,0.008000000,0.992063492,23
regtest,10,7572.862991367,75,1.000000,mainnet,82,111.374102,11.857979,77.148192,258.145865,511.081425,85,0.008500000,0.991571641,22
regtest,10,7572.862991367,75,1.000000,mainnet,83,112.530190,11.999901,78.127396,258.899410,507.725838,100,0.010000000,0.990099010,36
regtest,10,7572.862991367,75,1.000000,mainnet,84,111.786328,11.542842,77.200053,257.082508,516.572189,84,0.008400000,0.991669972,29
regtest,10,7572.862991367,75,1.000000,mainnet,85,112.019542,11.863645,77.073287,257.069698,507.449394,84,0.008400000,0.991669972,17
regtest,10,7572.862991367,75,1.000000,mainnet,86,111.502923,11.572998,76.752692,259.493287,503.036257,86,0.008600000,0.991473329,23
regtest,10,7572.862991367,75,1.000000,mainnet,87,111.333556,11.537294,77.323614,253.776561,509.891336,107,0.010700000,0.989413278,165
regtest,10,7572.862991367,75,1.000000,mainnet,88,109.126826,11.808262,77.156537,249.674789,495.217996,79,0.007900000,0.992161921,85
regtest,10,7572.862991367,75,1.000000,mainnet,89,111.250351,11.892231,76.709223,261.073485,511.465724,102,0.010200000,0.989902990,17
regtest,10,7572.862991367,75,1.000000,mainnet,90,111.375864,12.068865,77.514096,258.479156,503.366592,92,0.009200000,0.990883868,20
regtest,10,7572.862991367,75,1.000000,mainnet,91,110.821412,11.262303,76.824193,258.136835,509.909354,78,0.007800000,0.992260369,18
regtest,10,7572.862991367,75,1.000000,mainnet,92,111.029105,11.605134,75.420379,260.061447,511.596992,79,0.007900000,0.992161921,19
regtest,10,7572.862991367,75,1.000000,mainnet,93,108.510517,11.614378,74.040515,249.345698,512.600417,73,0.007300000,0.992752904,30
regtest,10,7572.862991367,75,1.000000,mainnet,94,112.508216,12.262402,78.410538,258.084510,503.543950,81,0.008100000,0.991965083,25
regtest,10,7572.862991367,75,1.000000,mainnet,95,111.370364,12.065992,78.413769,256.808939,511.896651,72,0.007200000,0.992851469,26
regtest,10,7572.862991367,75,1.000000,mainnet,96,111.749002,11.320983,76.127973,259.316738,516.022084,65,0.006500000,0.993541977,58
regtest,10,7572.862991367,75,1.000000,mainnet,97,110.718582,11.743678,78.341273,255.104014,507.304914,80,0.008000000,0.992063492,23
regtest,10,7572.862991367,75,1.000000,mainnet,98,111.055185,11.431331,76.876831,256.045849,505.528457,84,0.008400000,0.991669972,136
regtest,10,7572.862991367,75,1.000000,mainnet,99,111.289198,11.515749,75.487071,260.853267,528.938363,91,0.009100000,0.990982063,24
regtest,10,7572.862991367,75,1.000000,mainnet,100,111.213088,11.973992,76.194355,255.859525,527.522929,72,0.007200000,0.992851469,79
regtest,10,7572.862991367,75,2.000000,mainnet,1,110.742247,11.583638,77.192134,252.616888,508.818315,158,0.015800000,0.984445757,29
regtest,10,7572.862991367,75,2.000000,mainnet,2,110.501114,11.654548,76.312325,255.855925,503.727589,145,0.014500000,0.985707245,90
regtest,10,7572.862991367,75,2.000000,mainnet,3,110.903820,11.616762,77.698814,254.173611,484.194480,158,0.015800000,0.984445757,17
regtest,10,7572.862991367,75,2.000000,mainnet,4,111.776922,12.373743,76.961566,258.420127,499.518614,174,0.017400000,0.982897582,65
regtest,10,7572.862991367,75,2.000000,mainnet,5,113.106275,11.651668,79.262101,257.436066,517.996518,166,0.016600000,0.983671060,36
regtest,10,7572.862991367,75,2.000000,mainnet,6,110.657607,11.448780,75.105597,258.154895,500.377630,159,0.015900000,0.984348853,40
regtest,10,7572.862991367,75,2.000000,mainnet,7,111.470867,11.966767,77.528016,256.107338,511.626509,164,0.016400000,0.983864620,34
regtest,10,7572.862991367,75,2.000000,mainnet,8,110.197483,11.280504,77.840184,251.850350,507.227503,163,0.016300000,0.983961429,17
regtest,10,7572.862991367,75,2.000000,mainnet,9,109.978377,11.606494,74.330183,257.681212,500.131172,159,0.015900000,0.984348853,36
regtest,10,7572.862991367,75,2.000000,mainnet,10,111.559183,11.793381,78.090953,258.040525,506.556703,143,0.014300000,0.985901607,39
regtest,10,7572.862991367,75,2.000000,mainnet,11,110.383865,11.605661,75.656780,254.887594,510.796706,174,0.017400000,0.982897582,101
regtest,10,7572.862991367,75,2.000000,mainnet,12,111.484666,11.392608,76.928848,260.999379,501.895408,145,0.014500000,0.985707245,32
regtest,10,7572.862991367,75,2.000000,mainnet,13,109.873896,11.461237,76.820611,251.774416,507.085699,181,0.018100000,0.982221786,99
regtest,10,7572.862991367,75,2.000000,mainnet,14,112.210799,12.376871,79.729323,257.953468,512.828974,135,0.013500000,0.986679822,27
regtest,10,7572.862991367,75,2.000000,mainnet,15,110.438948,11.979020,75.934515,251.470448,508.977660,161,0.016100000,0.984155103,27
regtest,10,7572.862991367,75,2.000000,mainnet,16,110.182929,11.637334,77.675212,255.852686,510.146521,170,0.017000000,0.983284169,18
regtest,10,7572.862991367,75,2.000000,mainnet,17,111.516921,11.611365,77.729233,256.567113,512.749481,165,0.016500000,0.983767831,88
regtest,10,7572.862991367,75,2.000000,mainnet,18,112.217009,11.111620,77.569688,260.307508,516.768203,161,0.016100000,0.984155103,48
regtest,10,7572.862991367,75,2.000000,mainnet,19,112.262260,12.220174,78.079688,258.299742,499.025170,168,0.016800000,0.983477577,56
regtest,10,7572.862991367,75,2.000000,mainnet,20,110.969728,11.973994,77.235901,253.860571,502.208534,148,0.014800000,0.985415845,161
regtest,10,7572.862991367,75,2.000000,mainnet,21,110.188090,11.300917,77.607595,251.883775,500.512809,179,0.017900000,0.982414776,217
regtest,10,7572.862991367,75,2.000000,mainnet,22,109.779636,11.320455,75.237629,256.991768,505.942231,164,0.016400000,0.983864620,53
regtest,10,7572.862991367,75,2.000000,mainnet,23,111.011123,12.034808,76.657593,256.917068,523.409029,144,0.014400000,0.985804416,17
regtest,10,7572.862991367,75,2.000000,mainnet,24,112.202302,11.713258,78.409603,259.141894,510.140899,166,0.016600000,0.983671060,83
regtest,10,7572.862991367,75,2.000000,mainnet,25,109.760055,10.934816,76.019846,250.902207,491.825689,153,0.015300000,0.984930562,33
regtest,10,7572.862991367,75,2.000000,mainnet,26,112.155328,12.224521,77.426481,260.224580,498.935025,131,0.013100000,0.987069391,17
regtest,10,7572.862991367,75,2.000000,mainnet,27,111.651663,11.378186,78.105257,256.605950,511.757231,159,0.015900000,0.984348853,17
regtest,10,7572.862991367,75,2.000000,mainnet,28,111.486668,11.344685,76.249119,261.227029,505.069971,169,0.016900000,0.983380863,229
regtest,10,7572.862991367,75,2.000000,mainnet,29,111.968385,11.620659,77.724719,260.294972,509.229396,167,0.016700000,0.983574309,131
regtest,10,7572.862991367,75,2.000000,mainnet,30,112.176486,11.544342,77.992868,256.872829,509.006555,157,0.015700000,0.984542680,85
regtest,10,7572.862991367,75,2.000000,mainnet,31,110.762809,11.741488,76.680223,256.926051,523.026536,170,0.017000000,0.983284169,94
regtest,10,7572.862991367,75,2.000000,mainnet,32,110.331431,11.376745,77.189809,255.224281,501.590833,164,0.016400000,0.983864620,80
regtest,10,7572.862991367,75,2.000000,mainnet,33,110.713716,12.164366,76.870332,253.345584,498.790114,154,0.015400000,0.984833563,18
regtest,10,7572.862991367,75,2.000000,mainnet,34,109.532830,11.430794,76.081625,248.710027,511.479344,168,0.016800000,0.983477577,19
regtest,10,7572.862991367,75,2.000000,mainnet,35,110.216200,11.987042,78.388183,249.835992,507.136415,167,0.016700000,0.983574309,23
regtest,10,7572.862991367,75,2.000000,mainnet,36,109.239524,11.139408,75.400519,250.518786,507.348607,143,0.014300000,0.985901607,33
regtest,10,7572.862991367,75,2.000000,mainnet,37,112.519739,11.688380,75.843324,260.083104,511.618000,159,0.015900000,0.984348853,67
regtest,10,7572.862991367,75,2.000000,mainnet,38,110.665762,11.005525,75.204861,258.096056,514.525562,151,0.015100000,0.985124618,65
regtest,10,7572.862991367,75,2.000000,mainnet,39,111.656864,12.035712,77.807797,257.803875,507.474581,147,0.014700000,0.985512959,112
regtest,10,7572.862991367,75,2.000000,mainnet,40,112.959918,12.380911,78.904453,257.118762,520.676412,175,0.017500000,0.982800983,251
regtest,10,7572.862991367,75,2.000000,mainnet,41,110.091873,11.891310,76.534194,250.840675,530.896913,163,0.016300000,0.983961429,36
regtest,10,7572.862991367,75,2.000000,mainnet,42,112.892770,12.345553,78.851737,256.946759,521.633020,165,0.016500000,0.983767831,21
regtest,10,7572.862991367,75,2.000000,mainnet,43,109.676984,11.321206,75.600973,256.630131,489.468433,164,0.016400000,0.983864620,55
regtest,10,7572.862991367,75,2.000000,mainnet,44,111.004045,12.007888,77.773623,255.889121,507.703136,159,0.015900000,0.984348853,110
regtest,10,7572.862991367,75,2.000000,mainnet,45,110.534303,11.788894,76.209946,256.128216,517.527098,174,0.017400000,0.982897582,23
regtest,10,7572.862991367,75,2.000000,mainnet,46,110.523015,11.431973,76.743092,255.485457,511.442172,172,0.017200000,0.983090838,18
regtest,10,7572.862991367,75,2.000000,mainnet,47,110.866694,11.429053,75.551382,256.981811,513.931862,173,0.017300000,0.982994200,30
regtest,10,7572.862991367,75,2.000000,mainnet,48,111.450582,11.749367,77.530500,255.961684,513.899485,163,0.016300000,0.983961429,37
regtest,10,7572.862991367,75,2.000000,mainnet,49,113.507950,12.240540,79.106197,261.064259,514.943641,163,0.016300000,0.983961429,71
regtest,10,7572.862991367,75,2.000000,mainnet,50,111.456417,11.281833,75.418245,260.675984,518.682795,179,0.017900000,0.982414776,35
regtest,10,7572.862991367,75,2.000000,mainnet,51,112.829860,12.194356,77.186224,257.404909,538.700014,173,0.017300000,0.982994200,42
regtest,10,7572.862991367,75,2.000000,mainnet,52,110.256949,11.499285,75.897146,254.749365,516.316378,157,0.015700000,0.984542680,17
regtest,10,7572.862991367,75,2.000000,mainnet,53,112.295034,12.125715,78.615357,258.172041,501.857462,160,0.016000000,0.984251969,64
regtest,10,7572.862991367,75,2.000000,mainnet,54,112.250315,11.001923,76.889363,257.900403,538.231058,143,0.014300000,0.985901607,90
regtest,10,7572.862991367,75,2.000000,mainnet,55,111.943022,11.506156,78.407033,255.836512,520.029980,176,0.017600000,0.982704403,21
regtest,10,7572.862991367,75,2.000000,mainnet,56,110.406484,11.941922,76.973075,256.810618,491.320065,160,0.016000000,0.984251969,46
regtest,10,7572.862991367,75,2.000000,mainnet,57,110.768845,12.252203,76.640088,257.629163,513.343706,158,0.015800000,0.984445757,48
regtest,10,7572.862991367,75,2.000000,mainnet,58,111.038156,11.974537,76.901013,258.479991,507.140469,152,0.015200000,0.985027581,18
regtest,10,7572.862991367,75,2.000000,mainnet,59,111.076842,11.510372,77.380667,255.549056,518.379303,173,0.017300000,0.982994200,36
regtest,10,7572.862991367,75,2.000000,mainnet,60,111.581798,12.439927,77.144641,258.948427,501.670837,142,0.014200000,0.985998817,82
regtest,10,7572.862991367,75,2.000000,mainnet,61,110.698305,12.342111,76.502429,257.958370,505.190541,156,0.015600000,0.984639622,18
regtest,10,7572.862991367,75,2.000000,mainnet,62,110.418373,11.870977,78.016282,252.741329,508.604105,165,0.016500000,0.983767831,17
regtest,10,7572.862991367,75,2.000000,mainnet,63,110.831972,11.627565,76.570245,253.998601,501.233204,166,0.016600000,0.983671060,23
regtest,10,7572.862991367,75,2.000000,mainnet,64,111.863828,11.298995,77.775495,255.480542,508.143441,167,0.016700000,0.983574309,133
regtest,10,7572.862991367,75,2.000000,mainnet,65,110.870502,11.578549,76.194489,252.351151,516.991441,144,0.014400000,0.985804416,95
regtest,10,7572.862991367,75,2.000000,mainnet,66,110.958938,11.569606,76.768410,258.843646,498.861818,157,0.015700000,0.984542680,21
regtest,10,7572.862991367,75,2.000000,mainnet,67,112.653736,11.536284,77.349727,258.695108,538.536376,156,0.015600000,0.984639622,63
regtest,10,7572.862991367,75,2.000000,mainnet,68,111.916188,12.373940,78.641470,259.075689,509.247044,159,0.015900000,0.984348853,57
regtest,10,7572.862991367,75,2.000000,mainnet,69,111.814422,11.577403,77.578695,259.802881,525.130954,165,0.016500000,0.983767831,299
regtest,10,7572.862991367,75,2.000000,mainnet,70,110.685846,12.128559,74.848078,254.232512,537.814740,163,0.016300000,0.983961429,26
regtest,10,7572.862991367,75,2.000000,mainnet,71,111.658851,11.192884,76.771107,258.689922,526.699959,174,0.017400000,0.982897582,19
regtest,10,7572.862991367,75,2.000000,mainnet,72,110.706858,11.447997,76.601733,257.461433,506.470801,152,0.015200000,0.985027581,36
regtest,10,7572.862991367,75,2.000000,mainnet,73,112.329746,11.769845,77.050788,258.561234,529.744986,169,0.016900000,0.983380863,48
regtest,10,7572.862991367,75,2.000000,mainnet,74,113.057331,12.399680,78.180035,261.031388,520.392495,169,0.016900000,0.983380863,65
regtest,10,7572.862991367,75,2.000000,mainnet,75,112.451669,11.771090,77.705993,257.345162,541.878849,147,0.014700000,0.985512959,65
regtest,10,7572.862991367,75,2.000000,mainnet,76,111.219083,11.604377,76.081016,258.120472,519.132500,154,0.015400000,0.984833563,61
regtest,10,7572.862991367,75,2.000000,mainnet,77,111.343288,11.248343,77.526433,255.822560,518.168303,173,0.017300000,0.982994200,36
regtest,10,7572.862991367,75,2.000000,mainnet,78,110.508111,11.857852,77.074773,249.761047,511.109263,175,0.017500000,0.982800983,111
regtest,10,7572.862991367,75,2.000000,mainnet,79,113.497633,12.461048,78.877017,261.536304,516.410282,166,0.016600000,0.983671060,22
regtest,10,7572.862991367,75,2.000000,mainnet,80,110.979240,11.505568,76.183436,257.703582,518.710007,173,0.017300000,0.982994200,39
regtest,10,7572.862991367,75,2.000000,mainnet,81,111.915565,11.632105,78.193882,256.534904,511.419453,160,0.016000000,0.984251969,23
regtest,10,7572.862991367,75,2.000000,mainnet,82,110.958630,11.952452,76.652474,256.298738,514.375076,172,0.017200000,0.983090838,22
regtest,10,7572.862991367,75,2.000000,mainnet,83,113.065863,12.243652,78.998376,258.899410,507.354798,167,0.016700000,0.983574309,36
regtest,10,7572.862991367,75,2.000000,mainnet,84,111.855744,11.396669,77.722488,256.101781,535.303038,154,0.015400000,0.984833563,31
regtest,10,7572.862991367,75,2.000000,mainnet,85,110.823176,11.485579,76.080860,256.400641,482.233493,177,0.017700000,0.982607841,17
regtest,10,7572.862991367,75,2.000000,mainnet,86,111.029687,11.625114,76.209141,257.775913,503.036257,171,0.017100000,0.983187494,23
regtest,10,7572.862991367,75,2.000000,mainnet,87,112.041066,11.627302,77.358048,256.355869,509.988545,197,0.019700000,0.980680592,152
regtest,10,7572.862991367,75,2.000000,mainnet,88,109.370912,11.685448,76.838869,251.908257,496.433736,163,0.016300000,0.983961429,85
regtest,10,7572.862991367,75,2.000000,mainnet,89,111.759925,11.784995,77.057796,260.441207,522.502150,185,0.018500000,0.981836033,17
regtest,10,7572.862991367,75,2.000000,mainnet,90,111.545006,12.202210,77.236763,258.699376,517.393728,164,0.016400000,0.983864620,20
regtest,10,7572.862991367,75,2.000000,mainnet,91,110.739506,11.609868,76.979021,256.175401,507.570393,179,0.017900000,0.982414776,18
regtest,10,7572.862991367,75,2.000000,mainnet,92,111.381909,11.480366,76.526077,258.409897,515.170932,148,0.014800000,0.985415845,19
regtest,10,7572.862991367,75,2.000000,mainnet,93,108.818349,11.905880,74.985134,250.916156,506.185076,147,0.014700000,0.985512959,30
regtest,10,7572.862991367,75,2.000000,mainnet,94,112.815253,12.215869,78.651543,258.339593,513.657234,155,0.015500000,0.984736583,25
regtest,10,7572.862991367,75,2.000000,mainnet,95,111.309884,11.990934,78.592573,254.779556,508.408725,164,0.016400000,0.983864620,49
regtest,10,7572.862991367,75,2.000000,mainnet,96,111.450242,10.977375,76.133207,256.631113,519.385416,158,0.015800000,0.984445757,99
regtest,10,7572.862991367,75,2.000000,mainnet,97,112.130043,11.939358,79.650591,258.789265,510.608389,156,0.015600000,0.984639622,23
regtest,10,7572.862991367,75,2.000000,mainnet,98,110.858386,11.759858,76.579277,255.884813,502.575003,160,0.016000000,0.984251969,136
regtest,10,7572.862991367,75,2.000000,mainnet,99,111.019201,11.735783,75.868384,259.794746,515.861514,178,0.017800000,0.982511299,55
regtest,10,7572.862991367,75,2.000000,mainnet,100,111.454491,11.948439,76.311786,256.509736,528.199370,181,0.018100000,0.982221786,30
regtest,10,7572.862991367,75,5.000000,mainnet,1,112.738306,11.847314,77.389194,258.752490,529.827087,415,0.041500000,0.960153625,18
regtest,10,7572.862991367,75,5.000000,mainnet,2,111.297423,11.703011,77.123464,257.389481,506.379018,383,0.038300000,0.963112781,168
regtest,10,7572.862991367,75,5.000000,mainnet,3,109.349933,11.410300,76.313061,251.940414,481.106410,416,0.041600000,0.960061444,57
regtest,10,7572.862991367,75,5.000000,mainnet,4,112.561027,12.294304,78.719234,255.565483,516.380854,412,0.041200000,0.960430273,65
regtest,10,7572.862991367,75,5.000000,mainnet,5,112.350216,11.388539,78.707223,255.298060,513.911471,437,0.043700000,0.958129731,36
regtest,10,7572.862991367,75,5.000000,mainnet,6,110.696750,11.441699,76.397847,256.912626,500.525256,381,0.038100000,0.963298333,40
regtest,10,7572.862991367,75,5.000000,mainnet,7,111.887497,11.827698,78.141785,256.792092,509.776630,421,0.042100000,0.959600806,44
regtest,10,7572.862991367,75,5.000000,mainnet,8,111.157881,11.406631,77.963886,253.980245,527.121546,437,0.043700000,0.958129731,76
regtest,10,7572.862991367,75,5.000000,mainnet,9,110.807068,11.442063,75.249235,256.671956,497.086306,461,0.046100000,0.955931555,33
regtest,10,7572.862991367,75,5.000000,mainnet,10,110.522915,11.648654,77.073027,253.612015,499.984917,417,0.041700000,0.959969281,51
regtest,10,7572.862991367,75,5.000000,mainnet,11,109.985531,11.787119,75.651437,252.797601,509.425934,391,0.039100000,0.962371283,100
regtest,10,7572.862991367,75,5.000000,mainnet,12,111.198388,10.940320,76.932149,258.630688,497.233784,392,0.039200000,0.962278676,32
regtest,10,7572.862991367,75,5.000000,mainnet,13,110.096470,11.698602,77.620385,250.934257,505.028968,400,0.040000000,0.961538462,99
regtest,10,7572.862991367,75,5.000000,mainnet,14,111.818217,12.425523,78.477818,257.191278,509.812716,366,0.036600000,0.964692263,28
regtest,10,7572.862991367,75,5.000000,mainnet,15,111.160622,12.138429,76.126803,254.676327,524.047890,417,0.041700000,0.959969281,27
regtest,10,7572.862991367,75,5.000000,mainnet,16,110.352913,11.655536,76.704067,255.603454,505.498033,428,0.042800000,0.958956655,18
regtest,10,7572.862991367,75,5.000000,mainnet,17,111.459316,11.675376,77.585754,254.269148,515.140293,394,0.039400000,0.962093515,88
regtest,10,7572.862991367,75,5.000000,mainnet,18,113.406877,11.327157,78.793000,263.304995,527.304510,401,0.040100000,0.961446015,48
regtest,10,7572.862991367,75,5.000000,mainnet,19,112.242902,11.805773,78.805093,255.684280,514.802869,416,0.041600000,0.960061444,52
regtest,10,7572.862991367,75,5.000000,mainnet,20,111.030718,12.161213,77.149249,252.509483,508.266871,390,0.039000000,0.962463908,174
regtest,10,7572.862991367,75,5.000000,mainnet,21,110.020838,11.209826,77.696179,254.457336,489.745446,414,0.041400000,0.960245823,40
regtest,10,7572.862991367,75,5.000000,mainnet,22,111.021607,11.748924,77.730403,257.960276,508.940133,411,0.041100000,0.960522524,53
regtest,10,7572.862991367,75,5.000000,mainnet,23,110.883640,11.752613,76.396817,255.316414,526.425022,375,0.037500000,0.963855422,17
regtest,10,7572.862991367,75,5.000000,mainnet,24,110.392957,11.829143,77.156180,254.924482,500.386758,406,0.040600000,0.960984048,83
regtest,10,7572.862991367,75,5.000000,mainnet,25,111.615617,11.274176,76.667749,255.444357,527.043054,379,0.037900000,0.963483958,32
regtest,10,7572.862991367,75,5.000000,mainnet,26,112.069660,12.055614,77.242500,260.887613,500.535731,382,0.038200000,0.963205548,21
regtest,10,7572.862991367,75,5.000000,mainnet,27,110.984898,11.353355,75.772837,254.009577,518.320931,397,0.039700000,0.961815908,17
regtest,10,7572.862991367,75,5.000000,mainnet,28,112.259536,11.768340,78.450512,259.140568,514.549046,372,0.037200000,0.964134207,30
regtest,10,7572.862991367,75,5.000000,mainnet,29,111.769279,11.800902,78.435914,257.268159,514.506638,414,0.041400000,0.960245823,146
regtest,10,7572.862991367,75,5.000000,mainnet,30,112.755941,11.706016,79.268983,257.408221,497.686965,419,0.041900000,0.959785008,84
regtest,10,7572.862991367,75,5.000000,mainnet,31,112.691319,11.530300,78.670014,259.931426,535.018237,383,0.038300000,0.963112781,126
regtest,10,7572.862991367,75,5.000000,mainnet,32,108.911770,10.890169,75.698351,253.970266,497.897747,423,0.042300000,0.959416675,21
regtest,10,7572.862991367,75,5.000000,mainnet,33,111.353019,11.463864,76.183159,256.838962,509.608881,403,0.040300000,0.961261175,18
regtest,10,7572.862991367,75,5.000000,mainnet,34,110.352833,11.936983,76.948870,249.391755,501.896439,403,0.040300000,0.961261175,19
regtest,10,7572.862991367,75,5.000000,mainnet,35,110.520992,11.803112,77.987187,253.257829,512.195461,422,0.042200000,0.959508732,82
regtest,10,7572.862991367,75,5.000000,mainnet,36,109.461846,11.211217,76.288269,250.838937,508.950414,405,0.040500000,0.961076406,74
regtest,10,7572.862991367,75,5.000000,mainnet,37,110.428574,11.658041,75.735947,254.434872,506.318830,407,0.040700000,0.960891708,98
regtest,10,7572.862991367,75,5.000000,mainnet,38,110.541268,11.466200,76.014414,257.757619,506.740441,408,0.040800000,0.960799385,65
regtest,10,7572.862991367,75,5.000000,mainnet,39,111.653517,11.879737,77.349108,256.910449,515.815433,419,0.041900000,0.959785008,166
regtest,10,7572.862991367,75,5.000000,mainnet,40,111.651982,12.152359,78.339948,256.400040,517.073472,435,0.043500000,0.958313368,247
regtest,10,7572.862991367,75,5.000000,mainnet,41,111.083523,11.722872,77.229802,255.902035,513.811402,391,0.039100000,0.962371283,111
regtest,10,7572.862991367,75,5.000000,mainnet,42,111.576592,11.962325,76.450651,258.132953,521.468292,396,0.039600000,0.961908426,21
regtest,10,7572.862991367,75,5.000000,mainnet,43,109.629509,11.076454,75.769245,255.561734,489.990183,403,0.040300000,0.961261175,56
regtest,10,7572.862991367,75,5.000000,mainnet,44,111.797883,11.989879,77.801202,258.529634,515.084075,414,0.041400000,0.960245823,42
regtest,10,7572.862991367,75,5.000000,mainnet,45,109.634708,11.397255,75.805950,254.960174,512.012119,436,0.043600000,0.958221541,23
regtest,10,7572.862991367,75,5.000000,mainnet,46,110.958013,11.555241,77.519561,254.265283,513.166099,427,0.042700000,0.959048624,18
regtest,10,7572.862991367,75,5.000000,mainnet,47,110.884737,11.480617,75.962662,256.981811,512.076645,386,0.038600000,0.962834585,92
regtest,10,7572.862991367,75,5.000000,mainnet,48,112.254323,11.974068,77.214681,256.492685,529.270039,433,0.043300000,0.958497077,44
regtest,10,7572.862991367,75,5.000000,mainnet,49,113.867537,12.305729,78.621315,264.416554,524.722344,414,0.041400000,0.960245823,70
regtest,10,7572.862991367,75,5.000000,mainnet,50,111.025485,11.252647,76.352616,259.086863,505.364492,413,0.041300000,0.960338039,79
regtest,10,7572.862991367,75,5.000000,mainnet,51,114.205267,12.234952,78.055282,261.076674,538.563032,371,0.037100000,0.964227172,48
regtest,10,7572.862991367,75,5.000000,mainnet,52,110.843513,11.475514,76.602618,255.943407,520.982394,370,0.037000000,0.964320154,17
regtest,10,7572.862991367,75,5.000000,mainnet,53,110.944534,11.778676,77.828008,255.101670,501.840782,410,0.041000000,0.960614793,64
regtest,10,7572.862991367,75,5.000000,mainnet,54,111.808650,11.359767,77.975017,255.246666,504.349616,390,0.039000000,0.962463908,106
regtest,10,7572.862991367,75,5.000000,mainnet,55,110.381137,11.404733,76.685984,254.555541,517.563322,421,0.042100000,0.959600806,21
regtest,10,7572.862991367,75,5.000000,mainnet,56,109.686545,11.643866,76.026477,254.461467,492.944605,402,0.040200000,0.961353586,76
regtest,10,7572.862991367,75,5.000000,mainnet,57,111.048434,12.189015,77.104951,256.956356,513.136395,415,0.041500000,0.960153625,48
regtest,10,7572.862991367,75,5.000000,mainnet,58,110.486948,12.127173,76.780665,255.289760,510.219879,372,0.037200000,0.964134207,32
regtest,10,7572.862991367,75,5.000000,mainnet,59,111.208759,12.037051,77.329461,254.770380,511.937182,400,0.040000000,0.961538462,36
regtest,10,7572.862991367,75,5.000000,mainnet,60,111.493081,12.174774,77.303042,261.003211,497.157406,384,0.038400000,0.963020031,81
regtest,10,7572.862991367,75,5.000000,mainnet,61,110.016449,12.617544,75.423672,255.772023,500.548811,387,0.038700000,0.962741889,18
regtest,10,7572.862991367,75,5.000000,mainnet,62,110.686901,12.282812,78.332164,251.778725,516.210029,392,0.039200000,0.962278676,17
regtest,10,7572.862991367,75,5.000000,mainnet,63,111.754330,11.371988,76.304764,255.654725,511.872504,383,0.038300000,0.963112781,23
regtest,10,7572.862991367,75,5.000000,mainnet,64,111.775111,11.338559,77.795286,259.286582,513.111089,447,0.044700000,0.957212597,24
regtest,10,7572.862991367,75,5.000000,mainnet,65,109.632373,10.976195,75.447034,250.198542,512.875852,425,0.042500000,0.959232614,95
regtest,10,7572.862991367,75,5.000000,mainnet,66,112.388854,11.596446,76.838607,263.002042,496.825068,413,0.041300000,0.960338039,17
regtest,10,7572.862991367,75,5.000000,mainnet,67,112.039006,11.579094,76.677480,256.147765,535.564290,364,0.036400000,0.964878425,19
regtest,10,7572.862991367,75,5.000000,mainnet,68,112.343524,11.882225,78.659059,259.244037,511.611833,412,0.041200000,0.960430273,17
regtest,10,7572.862991367,75,5.000000,mainnet,69,113.743760,11.648954,78.961578,263.766987,534.586929,414,0.041400000,0.960245823,74
regtest,10,7572.862991367,75,5.000000,mainnet,70,111.225381,11.833104,75.405888,255.597027,537.878391,387,0.038700000,0.962741889,26
regtest,10,7572.862991367,75,5.000000,mainnet,71,110.948385,11.711311,76.332501,257.060200,514.010983,415,0.041500000,0.960153625,23
regtest,10,7572.862991367,75,5.000000,mainnet,72,111.726620,11.672094,78.596131,257.339236,510.523567,357,0.035700000,0.965530559,36
regtest,10,7572.862991367,75,5.000000,mainnet,73,112.053344,12.191298,77.015497,254.965303,517.586088,413,0.041300000,0.960338039,26
regtest,10,7572.862991367,75,5.000000,mainnet,74,113.416007,12.264984,78.540444,262.525045,521.311817,430,0.043000000,0.958772771,184
regtest,10,7572.862991367,75,5.000000,mainnet,75,111.373307,11.496009,76.497441,255.855733,515.067254,359,0.035900000,0.965344145,52
regtest,10,7572.862991367,75,5.000000,mainnet,76,111.241015,11.336645,77.172253,259.024640,505.519799,425,0.042500000,0.959232614,102
regtest,10,7572.862991367,75,5.000000,mainnet,77,110.143562,11.473139,76.396232,251.621091,506.493826,416,0.041600000,0.960061444,36
regtest,10,7572.862991367,75,5.000000,mainnet,78,111.157798,11.776514,76.947928,253.551856,511.109263,389,0.038900000,0.962556550,111
regtest,10,7572.862991367,75,5.000000,mainnet,79,112.909972,12.288174,78.027135,260.043092,516.099442,462,0.046200000,0.955840184,125
regtest,10,7572.862991367,75,5.000000,mainnet,80,110.901916,11.914680,76.805561,256.254620,516.562300,405,0.040500000,0.961076406,39
regtest,10,7572.862991367,75,5.000000,mainnet,81,111.262441,11.632105,77.222196,255.179566,505.052159,397,0.039700000,0.961815908,23
regtest,10,7572.862991367,75,5.000000,mainnet,82,111.843574,11.910166,76.893719,260.766266,514.375076,399,0.039900000,0.961630926,22
regtest,10,7572.862991367,75,5.000000,mainnet,83,112.973048,12.195720,77.784018,259.229710,518.835092,420,0.042000000,0.959692898,36
regtest,10,7572.862991367,75,5.000000,mainnet,84,111.653559,11.269186,76.592774,254.375042,543.018023,374,0.037400000,0.963948332,20
regtest,10,7572.862991367,75,5.000000,mainnet,85,109.414207,11.535820,75.614858,251.762319,481.590075,434,0.043400000,0.958405214,17
regtest,10,7572.862991367,75,5.000000,mainnet,86,110.334653,11.481991,75.826311,255.300739,501.706381,417,0.041700000,0.959969281,23
regtest,10,7572.862991367,75,5.000000,mainnet,87,111.235793,11.308961,76.775546,257.835016,512.891163,415,0.041500000,0.960153625,154
regtest,10,7572.862991367,75,5.000000,mainnet,88,110.155070,11.662993,77.258150,253.554629,505.684006,401,0.040100000,0.961446015,22
regtest,10,7572.862991367,75,5.000000,mainnet,89,111.328897,11.409593,75.612290,263.659117,536.064392,409,0.040900000,0.960707080,17
regtest,10,7572.862991367,75,5.000000,mainnet,90,111.935974,11.888959,78.008215,260.475994,507.031381,388,0.038800000,0.962649211,20
regtest,10,7572.862991367,75,5.000000,mainnet,91,110.807817,11.475078,76.354271,256.851062,525.208742,412,0.041200000,0.960430273,18
regtest,10,7572.862991367,75,5.000000,mainnet,92,110.334952,11.423320,75.285655,254.333564,515.881602,388,0.038800000,0.962649211,19
regtest,10,7572.862991367,75,5.000000,mainnet,93,108.114457,11.531719,74.108437,250.916156,499.971615,402,0.040200000,0.961353586,118
regtest,10,7572.862991367,75,5.000000,mainnet,94,112.680808,12.101703,79.182223,255.232804,513.657234,419,0.041900000,0.959785008,60
regtest,10,7572.862991367,75,5.000000,mainnet,95,110.684939,12.044578,77.772761,255.280929,503.953600,418,0.041800000,0.959877136,110
regtest,10,7572.862991367,75,5.000000,mainnet,96,111.047714,10.977375,75.866590,254.568924,515.063038,434,0.043400000,0.958405214,100
regtest,10,7572.862991367,75,5.000000,mainnet,97,111.547791,11.743678,78.936586,258.252417,492.672306,380,0.038000000,0.963391137,23
regtest,10,7572.862991367,75,5.000000,mainnet,98,110.319372,11.688320,76.408185,253.711186,507.880557,423,0.042300000,0.959416675,133
regtest,10,7572.862991367,75,5.000000,mainnet,99,111.942935,11.881315,76.540874,259.366774,520.769808,404,0.040400000,0.961168781,92
regtest,10,7572.862991367,75,5.000000,mainnet,100,109.780877,11.952335,76.956728,249.625115,499.729089,387,0.038700000,0.962741889,30
regtest,10,7572.862991367,75,10.000000,mainnet,1,111.905610,11.976355,77.191478,256.022099,506.806831,831,0.083100000,0.923275782,28
regtest,10,7572.862991367,75,10.000000,mainnet,2,111.794038,11.922589,76.632614,260.153674,509.019502,787,0.078700000,0.927041810,81
regtest,10,7572.862991367,75,10.000000,mainnet,3,109.355223,11.851544,76.479658,249.767974,481.106410,811,0.081100000,0.924983813,17
regtest,10,7572.862991367,75,10.000000,mainnet,4,111.300463,12.142630,78.649861,251.686169,497.283621,806,0.080600000,0.925411808,49
regtest,10,7572.862991367,75,10.000000,mainnet,5,111.308884,11.318790,77.518282,256.550003,508.334518,856,0.085600000,0.921149595,46
regtest,10,7572.862991367,75,10.000000,mainnet,6,110.521127,11.347154,76.384427,256.769011,497.755594,812,0.081200000,0.924898261,40
regtest,10,7572.862991367,75,10.000000,mainnet,7,112.228982,12.137627,78.789320,257.576686,504.105428,835,0.083500000,0.922934933,43
regtest,10,7572.862991367,75,10.000000,mainnet,8,111.620385,11.438149,78.391372,256.213108,527.121546,811,0.081100000,0.924983813,63
regtest,10,7572.862991367,75,10.000000,mainnet,9,110.082533,11.518515,74.604842,255.821517,497.483731,836,0.083600000,0.922849760,27
regtest,10,7572.862991367,75,10.000000,mainnet,10,110.797263,11.507988,77.771893,254.988775,503.314068,804,0.080400000,0.925583117,17
regtest,10,7572.862991367,75,10.000000,mainnet,11,108.640596,11.526904,74.718706,249.454938,498.519946,825,0.082500000,0.923787529,80
regtest,10,7572.862991367,75,10.000000,mainnet,12,111.952302,11.256325,77.552638,261.590613,506.070009,813,0.081300000,0.924812725,32
regtest,10,7572.862991367,75,10.000000,mainnet,13,110.311231,12.087942,77.747170,251.471387,499.825495,832,0.083200000,0.923190547,99
regtest,10,7572.862991367,75,10.000000,mainnet,14,110.964864,12.101485,77.181850,255.680415,511.697844,761,0.076100000,0.929281665,28
regtest,10,7572.862991367,75,10.000000,mainnet,15,110.598926,11.787252,75.432370,258.519581,526.375993,811,0.081100000,0.924983813,30
regtest,10,7572.862991367,75,10.000000,mainnet,16,110.699250,11.577096,75.589844,260.021380,516.120627,855,0.085500000,0.921234454,44
regtest,10,7572.862991367,75,10.000000,mainnet,17,111.962158,11.320615,78.196285,255.550620,513.132744,786,0.078600000,0.927127758,87
regtest,10,7572.862991367,75,10.000000,mainnet,18,113.600115,10.948566,78.308519,262.630265,532.546044,830,0.083000000,0.923361034,54
regtest,10,7572.862991367,75,10.000000,mainnet,19,111.936291,11.735315,79.351838,253.540033,505.109053,826,0.082600000,0.923702198,52
regtest,10,7572.862991367,75,10.000000,mainnet,20,110.344527,12.199921,76.302860,251.406206,506.348178,801,0.080100000,0.925840200,74
regtest,10,7572.862991367,75,10.000000,mainnet,21,110.459896,11.307115,77.633367,255.057189,507.648270,830,0.083000000,0.923361034,40
regtest,10,7572.862991367,75,10.000000,mainnet,22,110.589706,11.792021,76.158591,259.738201,510.381982,839,0.083900000,0.922594335,17
regtest,10,7572.862991367,75,10.000000,mainnet,23,111.018093,11.540367,75.762629,257.943718,526.112633,790,0.079000000,0.926784059,17
regtest,10,7572.862991367,75,10.000000,mainnet,24,111.045283,11.765799,77.717017,257.947023,504.519818,740,0.074000000,0.931098696,59
regtest,10,7572.862991367,75,10.000000,mainnet,25,111.226202,11.581403,76.783312,256.087153,522.194483,768,0.076800000,0.928677563,32
regtest,10,7572.862991367,75,10.000000,mainnet,26,110.800501,11.876274,76.315640,257.743611,498.132940,763,0.076300000,0.929108984,21
regtest,10,7572.862991367,75,10.000000,mainnet,27,111.742189,11.363673,77.061998,257.787906,512.303362,793,0.079300000,0.926526452,47
regtest,10,7572.862991367,75,10.000000,mainnet,28,110.807596,11.708681,77.289271,257.135892,500.013662,783,0.078300000,0.927385700,30
regtest,10,7572.862991367,75,10.000000,mainnet,29,110.645339,11.612261,77.126709,258.395687,505.505867,811,0.081100000,0.924983813,144
regtest,10,7572.862991367,75,10.000000,mainnet,30,113.028914,11.764095,78.762876,259.915459,504.446294,799,0.079900000,0.926011668,46
regtest,10,7572.862991367,75,10.000000,mainnet,31,113.691262,12.153190,78.520003,264.161965,538.670532,743,0.074300000,0.930838686,166
regtest,10,7572.862991367,75,10.000000,mainnet,32,110.395875,11.231517,76.634398,255.202503,497.828082,802,0.080200000,0.925754490,44
regtest,10,7572.862991367,75,10.000000,mainnet,33,111.728526,11.762070,76.320470,259.001394,512.761462,820,0.082000000,0.924214418,18
regtest,10,7572.862991367,75,10.000000,mainnet,34,110.467669,11.736175,76.828085,251.196589,501.515722,775,0.077500000,0.928074246,30
regtest,10,7572.862991367,75,10.000000,mainnet,35,110.727931,11.802078,77.985383,253.669990,510.588128,823,0.082300000,0.923958237,35
regtest,10,7572.862991367,75,10.000000,mainnet,36,109.766811,11.211217,76.348718,251.955284,503.283357,806,0.080600000,0.925411808,74
regtest,10,7572.862991367,75,10.000000,mainnet,37,110.331999,12.032876,75.858889,252.254751,512.101712,854,0.085400000,0.921319329,89
regtest,10,7572.862991367,75,10.000000,mainnet,38,111.188516,11.428562,76.117518,260.516628,515.060150,814,0.081400000,0.924727205,64
regtest,10,7572.862991367,75,10.000000,mainnet,39,111.088510,11.510850,76.732505,256.417997,501.323985,816,0.081600000,0.924556213,99
regtest,10,7572.862991367,75,10.000000,mainnet,40,110.308503,12.224896,78.328033,253.042278,500.000898,877,0.087700000,0.919371150,23
regtest,10,7572.862991367,75,10.000000,mainnet,41,110.212404,11.589900,76.313353,252.716841,513.811402,812,0.081200000,0.924898261,20
regtest,10,7572.862991367,75,10.000000,mainnet,42,111.786654,12.011923,77.885316,258.734873,516.503423,816,0.081600000,0.924556213,21
regtest,10,7572.862991367,75,10.000000,mainnet,43,109.557232,11.032670,75.523054,258.516410,487.162414,771,0.077100000,0.928418903,107
regtest,10,7572.862991367,75,10.000000,mainnet,44,112.859658,12.492089,78.956391,262.312852,515.084075,806,0.080600000,0.925411808,42
regtest,10,7572.862991367,75,10.000000,mainnet,45,110.936505,11.685246,76.383371,259.263183,518.823620,845,0.084500000,0.922083910,23
regtest,10,7572.862991367,75,10.000000,mainnet,46,110.852079,11.530930,76.964598,254.726245,517.638871,821,0.082100000,0.924129008,26
regtest,10,7572.862991367,75,10.000000,mainnet,47,111.525968,11.753617,76.564015,257.529517,506.829349,837,0.083700000,0.922764603,66
regtest,10,7572.862991367,75,10.000000,mainnet,48,111.216419,12.036835,76.775706,254.399515,514.290426,811,0.081100000,0.924983813,44
regtest,10,7572.862991367,75,10.000000,mainnet,49,113.327640,12.387289,78.374044,263.587084,514.468726,822,0.082200000,0.924043615,68
regtest,10,7572.862991367,75,10.000000,mainnet,50,111.986343,11.382506,77.523821,259.035381,525.135939,769,0.076900000,0.928591327,46
regtest,10,7572.862991367,75,10.000000,mainnet,51,112.845298,12.266129,77.923798,256.819841,528.079416,821,0.082100000,0.924129008,42
regtest,10,7572.862991367,75,10.000000,mainnet,52,111.729906,11.577777,78.265561,256.480547,527.840531,761,0.076100000,0.929281665,17
regtest,10,7572.862991367,75,10.000000,mainnet,53,112.609105,12.053776,78.941074,258.402134,512.097684,808,0.080800000,0.925240563,61
regtest,10,7572.862991367,75,10.000000,mainnet,54,112.755051,11.695009,78.139197,260.846610,518.050117,835,0.083500000,0.922934933,135
regtest,10,7572.862991367,75,10.000000,mainnet,55,110.641826,11.709442,77.569280,253.411231,518.253282,843,0.084300000,0.922253989,21
regtest,10,7572.862991367,75,10.000000,mainnet,56,109.517800,11.432296,75.958540,254.996538,499.903931,832,0.083200000,0.923190547,76
regtest,10,7572.862991367,75,10.000000,mainnet,57,110.765699,11.564500,76.779755,256.358693,517.255829,823,0.082300000,0.923958237,47
regtest,10,7572.862991367,75,10.000000,mainnet,58,111.213274,11.793062,76.596718,257.732088,512.975725,785,0.078500000,0.927213723,28
regtest,10,7572.862991367,75,10.000000,mainnet,59,111.681678,11.932295,76.589673,255.956465,532.129885,833,0.083300000,0.923105326,36
regtest,10,7572.862991367,75,10.000000,mainnet,60,112.657516,12.220168,77.860833,258.926045,517.309744,783,0.078300000,0.927385700,90
regtest,10,7572.862991367,75,10.000000,mainnet,61,111.186033,12.193635,77.178062,258.817957,496.871087,844,0.084400000,0.922168941,18
regtest,10,7572.862991367,75,10.000000,mainnet,62,110.938741,11.870977,78.507795,251.930243,506.927899,793,0.079300000,0.926526452,17
regtest,10,7572.862991367,75,10.000000,mainnet,63,111.373115,11.460455,76.432112,254.856602,507.507592,771,0.077100000,0.928418903,46
regtest,10,7572.862991367,75,10.000000,mainnet,64,113.912352,11.577410,79.189344,263.847897,517.033876,839,0.083900000,0.922594335,128
regtest,10,7572.862991367,75,10.000000,mainnet,65,110.552977,10.957974,75.771312,252.265469,528.277210,776,0.077600000,0.927988122,93
regtest,10,7572.862991367,75,10.000000,mainnet,66,111.508487,11.596446,76.630474,260.113674,494.908018,796,0.079600000,0.926268989,56
regtest,10,7572.862991367,75,10.000000,mainnet,67,111.350842,11.100751,76.411934,254.366305,525.832375,798,0.079800000,0.926097425,62
regtest,10,7572.862991367,75,10.000000,mainnet,68,112.899506,11.783260,79.150552,261.183784,514.446966,809,0.080900000,0.925154963,17
regtest,10,7572.862991367,75,10.000000,mainnet,69,112.845665,11.648954,78.041853,260.416334,530.689338,798,0.079800000,0.926097425,73
regtest,10,7572.862991367,75,10.000000,mainnet,70,110.335293,11.758408,75.039175,254.885605,534.570977,844,0.084400000,0.922168941,38
regtest,10,7572.862991367,75,10.000000,mainnet,71,110.849543,11.314516,76.556612,257.299798,511.286630,792,0.079200000,0.926612305,19
regtest,10,7572.862991367,75,10.000000,mainnet,72,112.973488,12.181043,79.487040,260.734985,517.141021,783,0.078300000,0.927385700,36
regtest,10,7572.862991367,75,10.000000,mainnet,73,110.823223,12.128645,77.084968,251.536003,521.250582,803,0.080300000,0.925668796,26
regtest,10,7572.862991367,75,10.000000,mainnet,74,113.564884,12.185271,78.460692,262.603525,530.501207,847,0.084700000,0.921913893,172
regtest,10,7572.862991367,75,10.000000,mainnet,75,112.496308,12.054232,77.977258,256.188577,510.193308,802,0.080200000,0.925754490,52
regtest,10,7572.862991367,75,10.000000,mainnet,76,111.667233,11.160255,77.558261,257.522067,504.483173,803,0.080300000,0.925668796,138
regtest,10,7572.862991367,75,10.000000,mainnet,77,110.707602,11.424963,77.398034,254.411544,505.627254,814,0.081400000,0.924727205,52
regtest,10,7572.862991367,75,10.000000,mainnet,78,109.794760,11.684401,76.940359,251.118088,495.790151,794,0.079400000,0.926440615,48
regtest,10,7572.862991367,75,10.000000,mainnet,79,112.403352,12.478832,78.300045,258.435277,509.932916,851,0.085100000,0.921574048,171
regtest,10,7572.862991367,75,10.000000,mainnet,80,110.606812,11.178811,76.385477,256.774884,518.223084,780,0.078000000,0.927643785,17
regtest,10,7572.862991367,75,10.000000,mainnet,81,109.681344,11.197716,76.229271,252.028038,502.363091,807,0.080700000,0.925326177,23
regtest,10,7572.862991367,75,10.000000,mainnet,82,111.346390,11.802258,75.968476,258.627192,507.469031,804,0.080400000,0.925583117,21
regtest,10,7572.862991367,75,10.000000,mainnet,83,111.950958,12.513728,77.651928,256.836675,496.032983,815,0.081500000,0.924641701,36
regtest,10,7572.862991367,75,10.000000,mainnet,84,112.046641,11.589546,76.365288,256.101781,531.574020,796,0.079600000,0.926268989,20
regtest,10,7572.862991367,75,10.000000,mainnet,85,110.118305,11.630514,75.791070,252.496585,496.983383,847,0.084700000,0.921913893,179
regtest,10,7572.862991367,75,10.000000,mainnet,86,111.109727,11.736529,76.752692,256.223511,504.952941,813,0.081300000,0.924812725,26
regtest,10,7572.862991367,75,10.000000,mainnet,87,109.888137,11.634546,76.249456,252.292914,499.595092,840,0.084000000,0.922509225,58
regtest,10,7572.862991367,75,10.000000,mainnet,88,109.541740,11.779682,76.503375,250.817994,498.062725,788,0.078800000,0.926955877,22
regtest,10,7572.862991367,75,10.000000,mainnet,89,110.917120,11.330144,75.176126,260.932252,522.502150,797,0.079700000,0.926183199,17
regtest,10,7572.862991367,75,10.000000,mainnet,90,111.996571,11.791841,77.843802,257.226102,519.238210,810,0.081000000,0.925069380,49
regtest,10,7572.862991367,75,10.000000,mainnet,91,110.664447,11.435406,75.708916,257.140946,524.104726,798,0.079800000,0.926097425,21
regtest,10,7572.862991367,75,10.000000,mainnet,92,108.619662,11.162958,74.577073,250.956158,508.700097,813,0.081300000,0.924812725,17
regtest,10,7572.862991367,75,10.000000,mainnet,93,109.518871,11.491685,74.985134,255.372662,497.152452,792,0.079200000,0.926612305,75
regtest,10,7572.862991367,75,10.000000,mainnet,94,112.245203,11.988949,78.209351,257.014888,509.936258,826,0.082600000,0.923702198,25
regtest,10,7572.862991367,75,10.000000,mainnet,95,112.391818,11.884157,79.102894,257.435907,509.040943,785,0.078500000,0.927213723,109
regtest,10,7572.862991367,75,10.000000,mainnet,96,112.755326,10.984179,77.948913,257.932716,510.676976,843,0.084300000,0.922253989,31
regtest,10,7572.862991367,75,10.000000,mainnet,97,111.402045,11.641226,77.786199,255.100584,499.658588,820,0.082000000,0.924214418,23
regtest,10,7572.862991367,75,10.000000,mainnet,98,111.085077,11.605424,77.312362,255.676212,499.961627,788,0.078800000,0.926955877,129
regtest,10,7572.862991367,75,10.000000,mainnet,99,111.072765,11.439902,76.805539,256.751590,517.502131,823,0.082300000,0.923958237,23
regtest,10,7572.862991367,75,10.000000,mainnet,100,109.640941,11.695488,76.817484,248.807859,489.909641,833,0.083300000,0.923105326,30
regtest,20,7572.862991367,75,0.500000,mainnet,1,111.339182,11.847248,76.537166,257.052955,505.279822,36,0.003600000,0.996412914,29
regtest,20,7572.862991367,75,0.500000,mainnet,2,110.917695,11.875819,75.593310,257.430434,511.231028,41,0.004100000,0.995916741,93
regtest,20,7572.862991367,75,0.500000,mainnet,3,111.128362,11.658022,77.830268,257.028840,480.710131,37,0.003700000,0.996313640,17
regtest,20,7572.862991367,75,0.500000,mainnet,4,111.050463,11.886564,78.054271,255.938509,495.200169,42,0.004200000,0.995817566,65
regtest,20,7572.862991367,75,0.500000,mainnet,5,112.390486,11.613988,78.001528,255.826061,505.356994,44,0.004400000,0.995619275,25
regtest,20,7572.862991367,75,0.500000,mainnet,6,110.594487,11.509286,76.225696,255.699321,499.116437,41,0.004100000,0.995916741,40
regtest,20,7572.862991367,75,0.500000,mainnet,7,111.895962,12.201761,77.971321,256.746832,511.169179,27,0.002700000,0.997307270,34
regtest,20,7572.862991367,75,0.500000,mainnet,8,110.202438,11.394298,77.143408,252.162697,504.503432,46,0.004600000,0.995421063,17
regtest,20,7572.862991367,75,0.500000,mainnet,9,111.259844,11.890235,74.594554,259.916196,506.383838,41,0.004100000,0.995916741,36
regtest,20,7572.862991367,75,0.500000,mainnet,10,111.176476,11.285782,77.272853,253.569413,513.100648,38,0.003800000,0.996214385,23
regtest,20,7572.862991367,75,0.500000,mainnet,11,110.152881,11.587648,75.618325,252.996971,522.414490,52,0.005200000,0.994826900,101
regtest,20,7572.862991367,75,0.500000,mainnet,12,112.201759,11.429360,77.223097,261.964141,506.133912,42,0.004200000,0.995817566,26
regtest,20,7572.862991367,75,0.500000,mainnet,13,109.467304,11.162026,76.072318,252.299426,504.229564,52,0.005200000,0.994826900,99
regtest,20,7572.862991367,75,0.500000,mainnet,14,111.158402,12.126873,78.383760,255.705810,511.697844,46,0.004600000,0.995421063,27
regtest,20,7572.862991367,75,0.500000,mainnet,15,111.104029,12.062107,76.316013,253.585741,506.587187,55,0.005500000,0.994530085,27
regtest,20,7572.862991367,75,0.500000,mainnet,16,112.584004,11.771561,79.644081,261.452181,509.287303,37,0.003700000,0.996313640,18
regtest,20,7572.862991367,75,0.500000,mainnet,17,109.973473,11.649762,76.919211,251.923494,502.468272,49,0.004900000,0.995123893,88
regtest,20,7572.862991367,75,0.500000,mainnet,18,111.612354,11.202928,77.248151,257.845115,517.020372,32,0.003200000,0.996810207,48
regtest,20,7572.862991367,75,0.500000,mainnet,19,111.529277,11.825964,77.180901,256.973314,514.614791,33,0.003300000,0.996710854,35
regtest,20,7572.862991367,75,0.500000,mainnet,20,111.454538,12.000067,78.323709,252.300866,498.481363,45,0.004500000,0.995520159,161
regtest,20,7572.862991367,75,0.500000,mainnet,21,110.234232,11.288690,76.600169,253.489776,496.619379,50,0.005000000,0.995024876,164
regtest,20,7572.862991367,75,0.500000,mainnet,22,110.217860,11.644136,75.377495,256.305296,508.255245,34,0.003400000,0.996611521,17
regtest,20,7572.862991367,75,0.500000,mainnet,23,111.942597,12.445196,78.125660,257.824779,525.649951,32,0.003200000,0.996810207,17
regtest,20,7572.862991367,75,0.500000,mainnet,24,110.925144,11.686096,76.546465,257.406820,506.567690,54,0.005400000,0.994629003,83
regtest,20,7572.862991367,75,0.500000,mainnet,25,110.647861,11.411915,76.545723,254.404978,507.692579,45,0.004500000,0.995520159,76
regtest,20,7572.862991367,75,0.500000,mainnet,26,111.784379,11.888549,77.426481,258.142837,497.251500,42,0.004200000,0.995817566,17
regtest,20,7572.862991367,75,0.500000,mainnet,27,111.436085,11.462471,77.212434,257.411697,509.579907,42,0.004200000,0.995817566,17
regtest,20,7572.862991367,75,0.500000,mainnet,28,110.864373,11.403289,76.403764,257.323468,505.069971,37,0.003700000,0.996313640,123
regtest,20,7572.862991367,75,0.500000,mainnet,29,110.922068,11.668353,77.083400,257.697045,505.505867,49,0.004900000,0.995123893,132
regtest,20,7572.862991367,75,0.500000,mainnet,30,113.977063,11.776281,79.414022,260.235967,516.829416,43,0.004300000,0.995718411,85
regtest,20,7572.862991367,75,0.500000,mainnet,31,111.676247,11.839593,77.265192,262.493193,523.026536,45,0.004500000,0.995520159,94
regtest,20,7572.862991367,75,0.500000,mainnet,32,109.604337,11.240238,76.137317,254.695360,494.340587,52,0.005200000,0.994826900,80
regtest,20,7572.862991367,75,0.500000,mainnet,33,111.363345,12.311784,76.272655,257.342632,506.683508,39,0.003900000,0.996115151,18
regtest,20,7572.862991367,75,0.500000,mainnet,34,108.960452,11.520646,75.467993,249.099185,504.566066,38,0.003800000,0.996214385,19
regtest,20,7572.862991367,75,0.500000,mainnet,35,112.049046,11.988886,78.966267,256.843247,514.734293,43,0.004300000,0.995718411,23
regtest,20,7572.862991367,75,0.500000,mainnet,36,108.915493,11.451082,75.539342,248.650078,508.950414,48,0.004800000,0.995222930,33
regtest,20,7572.862991367,75,0.500000,mainnet,37,111.665831,11.838776,76.318685,257.809739,516.467372,37,0.003700000,0.996313640,46
regtest,20,7572.862991367,75,0.500000,mainnet,38,111.391064,11.128434,77.024287,259.100668,507.630837,40,0.004000000,0.996015936,106
regtest,20,7572.862991367,75,0.500000,mainnet,39,112.571250,12.182205,78.220310,259.317988,507.474581,36,0.003600000,0.996412914,43
regtest,20,7572.862991367,75,0.500000,mainnet,40,112.538701,12.229414,78.191081,257.633174,513.189627,48,0.004800000,0.995222930,288
regtest,20,7572.862991367,75,0.500000,mainnet,41,110.164585,11.891310,76.788312,250.680681,524.151872,52,0.005200000,0.994826900,36
regtest,20,7572.862991367,75,0.500000,mainnet,42,112.602492,11.913559,77.491673,258.685221,523.484746,48,0.004800000,0.995222930,21
regtest,20,7572.862991367,75,0.500000,mainnet,43,110.385995,11.646389,76.984191,257.199699,491.337638,46,0.004600000,0.995421063,55
regtest,20,7572.862991367,75,0.500000,mainnet,44,111.591907,11.888719,77.542234,255.675642,526.046920,40,0.004000000,0.996015936,109
regtest,20,7572.862991367,75,0.500000,mainnet,45,110.690991,11.575598,76.264200,257.975559,517.529276,43,0.004300000,0.995718411,23
regtest,20,7572.862991367,75,0.500000,mainnet,46,111.661244,11.185616,76.824872,256.206969,535.909339,49,0.004900000,0.995123893,18
regtest,20,7572.862991367,75,0.500000,mainnet,47,110.769370,11.746411,75.682381,258.992641,508.633486,55,0.005500000,0.994530085,68
regtest,20,7572.862991367,75,0.500000,mainnet,48,111.619844,11.665050,77.197248,257.367779,513.899485,55,0.005500000,0.994530085,38
regtest,20,7572.862991367,75,0.500000,mainnet,49,113.625369,12.167847,79.063745,259.552552,524.722344,39,0.003900000,0.996115151,71
regtest,20,7572.862991367,75,0.500000,mainnet,50,110.638098,11.238564,76.136482,255.753913,512.748621,37,0.003700000,0.996313640,35
regtest,20,7572.862991367,75,0.500000,mainnet,51,112.030557,11.975365,76.772411,257.064925,537.102686,52,0.005200000,0.994826900,17
regtest,20,7572.862991367,75,0.500000,mainnet,52,110.537111,11.660747,76.381608,253.746853,512.606377,37,0.003700000,0.996313640,17
regtest,20,7572.862991367,75,0.500000,mainnet,53,111.786635,11.853406,76.602747,258.053144,511.693346,45,0.004500000,0.995520159,64
regtest,20,7572.862991367,75,0.500000,mainnet,54,111.404366,11.605285,77.900613,253.395352,520.441425,42,0.004200000,0.995817566,90
regtest,20,7572.862991367,75,0.500000,mainnet,55,110.437009,11.643581,77.659008,250.912687,520.029980,42,0.004200000,0.995817566,21
regtest,20,7572.862991367,75,0.500000,mainnet,56,111.973550,11.996085,77.952658,259.259097,505.821188,45,0.004500000,0.995520159,46
regtest,20,7572.862991367,75,0.500000,mainnet,57,110.564429,12.068544,77.016896,254.506429,513.175321,44,0.004400000,0.995619275,48
regtest,20,7572.862991367,75,0.500000,mainnet,58,111.065886,12.208486,77.473955,256.791282,509.140447,47,0.004700000,0.995321987,18
regtest,20,7572.862991367,75,0.500000,mainnet,59,109.975514,11.148630,77.006309,250.451129,516.465933,46,0.004600000,0.995421063,36
regtest,20,7572.862991367,75,0.500000,mainnet,60,111.723834,12.307685,77.227406,259.706719,491.646061,38,0.003800000,0.996214385,82
regtest,20,7572.862991367,75,0.500000,mainnet,61,111.768031,12.748185,78.015257,259.773990,497.795847,42,0.004200000,0.995817566,18
regtest,20,7572.862991367,75,0.500000,mainnet,62,111.283231,11.658438,78.471567,253.299609,516.210029,42,0.004200000,0.995817566,17
regtest,20,7572.862991367,75,0.500000,mainnet,63,110.098466,11.044709,76.248247,252.949072,500.847092,46,0.004600000,0.995421063,48
regtest,20,7572.862991367,75,0.500000,mainnet,64,112.542549,11.788016,78.436463,258.694952,517.780296,46,0.004600000,0.995421063,97
regtest,20,7572.862991367,75,0.500000,mainnet,65,109.140916,11.238273,75.477494,250.791704,514.825752,39,0.003900000,0.996115151,89
regtest,20,7572.862991367,75,0.500000,mainnet,66,111.150694,11.862346,76.838607,257.943139,499.588862,51,0.005100000,0.994925878,21
regtest,20,7572.862991367,75,0.500000,mainnet,67,113.013285,11.747234,78.292689,258.695108,520.018682,44,0.004400000,0.995619275,63
regtest,20,7572.862991367,75,0.500000,mainnet,68,112.884664,11.783260,78.473946,262.423040,513.188495,35,0.003500000,0.996512207,57
regtest,20,7572.862991367,75,0.500000,mainnet,69,111.220708,11.666374,77.609655,257.951681,516.283397,46,0.004600000,0.995421063,370
regtest,20,7572.862991367,75,0.500000,mainnet,70,111.822271,12.110843,75.680852,258.675578,529.539740,41,0.004100000,0.995916741,26
regtest,20,7572.862991367,75,0.500000,mainnet,71,111.039509,11.763540,75.833086,257.939660,510.429012,47,0.004700000,0.995321987,19
regtest,20,7572.862991367,75,0.500000,mainnet,72,110.273361,11.533326,76.514120,255.225974,500.452939,52,0.005200000,0.994826900,36
regtest,20,7572.862991367,75,0.500000,mainnet,73,112.028011,11.823402,77.116842,253.713891,527.228596,52,0.005200000,0.994826900,54
regtest,20,7572.862991367,75,0.500000,mainnet,74,113.116387,12.569439,77.422398,264.850487,509.702388,41,0.004100000,0.995916741,65
regtest,20,7572.862991367,75,0.500000,mainnet,75,112.627846,11.499843,77.156058,257.381439,535.909898,40,0.004000000,0.996015936,65
regtest,20,7572.862991367,75,0.500000,mainnet,76,111.254472,11.897087,76.056217,257.438568,504.038151,42,0.004200000,0.995817566,61
regtest,20,7572.862991367,75,0.500000,mainnet,77,111.481540,11.365361,78.048587,257.304584,502.010260,55,0.005500000,0.994530085,36
regtest,20,7572.862991367,75,0.500000,mainnet,78,110.102596,11.208442,76.732728,254.889768,500.637907,35,0.003500000,0.996512207,111
regtest,20,7572.862991367,75,0.500000,mainnet,79,112.879691,12.497033,79.421681,257.503610,522.077061,55,0.005500000,0.994530085,22
regtest,20,7572.862991367,75,0.500000,mainnet,80,110.599940,11.462020,75.994190,257.026839,529.280353,41,0.004100000,0.995916741,37
regtest,20,7572.862991367,75,0.500000,mainnet,81,112.481479,11.768037,79.224181,255.613973,525.720986,49,0.004900000,0.995123893,23
regtest,20,7572.862991367,75,0.500000,mainnet,82,111.226147,12.059651,77.140212,258.310969,510.270516,44,0.004400000,0.995619275,22
regtest,20,7572.862991367,75,0.500000,mainnet,83,112.347350,12.051192,77.912657,259.594025,512.326093,51,0.005100000,0.994925878,36
regtest,20,7572.862991367,75,0.500000,mainnet,84,112.465176,11.396669,78.278025,258.434931,516.688736,42,0.004200000,0.995817566,29
regtest,20,7572.862991367,75,0.500000,mainnet,85,111.447122,11.868803,76.234544,255.797111,503.156724,42,0.004200000,0.995817566,17
regtest,20,7572.862991367,75,0.500000,mainnet,86,111.861956,11.805599,77.271412,258.921315,507.486206,45,0.004500000,0.995520159,23
regtest,20,7572.862991367,75,0.500000,mainnet,87,110.689359,11.517637,77.198773,252.639693,494.954550,66,0.006600000,0.993443274,165
regtest,20,7572.862991367,75,0.500000,mainnet,88,109.098726,12.010747,77.642682,249.149344,495.691862,37,0.003700000,0.996313640,17
regtest,20,7572.862991367,75,0.500000,mainnet,89,111.630485,11.925139,77.118612,261.073485,516.184472,51,0.005100000,0.994925878,17
regtest,20,7572.862991367,75,0.500000,mainnet,90,111.810108,12.067493,77.294102,261.070594,519.238210,36,0.003600000,0.996412914,18
regtest,20,7572.862991367,75,0.500000,mainnet,91,110.495505,11.284357,76.342848,259.075205,513.066612,32,0.003200000,0.996810207,18
regtest,20,7572.862991367,75,0.500000,mainnet,92,109.908433,11.480366,74.259450,256.126309,512.785062,37,0.003700000,0.996313640,19
regtest,20,7572.862991367,75,0.500000,mainnet,93,108.951395,11.447110,74.464662,251.149093,523.153460,41,0.004100000,0.995916741,30
regtest,20,7572.862991367,75,0.500000,mainnet,94,112.706307,12.314123,77.979212,259.038511,503.543950,49,0.004900000,0.995123893,25
regtest,20,7572.862991367,75,0.500000,mainnet,95,111.478524,11.902813,78.592573,256.056525,511.896651,31,0.003100000,0.996909580,26
regtest,20,7572.862991367,75,0.500000,mainnet,96,111.477061,11.164231,76.158159,258.384697,514.498541,32,0.003200000,0.996810207,58
regtest,20,7572.862991367,75,0.500000,mainnet,97,111.567058,11.609411,79.368413,257.826451,507.601484,38,0.003800000,0.996214385,23
regtest,20,7572.862991367,75,0.500000,mainnet,98,111.055834,11.505947,77.678469,254.440977,499.714078,47,0.004700000,0.995321987,136
regtest,20,7572.862991367,75,0.500000,mainnet,99,111.533791,11.356148,75.593939,261.876260,524.892295,50,0.005000000,0.995024876,24
regtest,20,7572.862991367,75,0.500000,mainnet,100,111.466264,12.037979,76.812455,254.998842,528.544303,30,0.003000000,0.997008973,79
regtest,20,7572.862991367,75,1.000000,mainnet,1,112.142425,12.039145,77.876092,255.555991,511.523421,90,0.009000000,0.991080278,29
regtest,20,7572.862991367,75,1.000000,mainnet,2,109.892042,11.528698,75.496874,253.929117,505.679444,79,0.007900000,0.992161921,93
regtest,20,7572.862991367,75,1.000000,mainnet,3,111.063817,11.558755,78.024704,255.919082,481.892093,86,0.008600000,0.991473329,17
regtest,20,7572.862991367,75,1.000000,mainnet,4,110.139882,11.917310,77.867087,251.640357,484.863454,91,0.009100000,0.990982063,65
regtest,20,7572.862991367,75,1.000000,mainnet,5,112.948207,11.582506,78.326159,256.906178,517.434959,81,0.008100000,0.991965083,25
regtest,20,7572.862991367,75,1.000000,mainnet,6,110.263106,11.463629,75.873766,256.769011,493.946798,77,0.007700000,0.992358837,40
regtest,20,7572.862991367,75,1.000000,mainnet,7,111.141492,12.103156,77.314622,254.859677,510.363389,90,0.009000000,0.991080278,34
regtest,20,7572.862991367,75,1.000000,mainnet,8,110.475950,11.412244,77.541887,251.684700,506.574914,79,0.007900000,0.992161921,17
regtest,20,7572.862991367,75,1.000000,mainnet,9,110.703006,11.718688,74.288586,258.794562,518.152897,82,0.008200000,0.991866693,36
regtest,20,7572.862991367,75,1.000000,mainnet,10,110.921188,11.507988,76.778748,256.376197,513.100648,90,0.009000000,0.991080278,39
regtest,20,7572.862991367,75,1.000000,mainnet,11,110.697183,11.885983,76.233736,253.932359,516.115011,104,0.010400000,0.989707047,101
regtest,20,7572.862991367,75,1.000000,mainnet,12,112.051978,11.566188,76.815595,262.077350,504.232725,78,0.007800000,0.992260369,26
regtest,20,7572.862991367,75,1.000000,mainnet,13,109.556625,11.385832,76.477874,252.208202,504.822896,81,0.008100000,0.991965083,99
regtest,20,7572.862991367,75,1.000000,mainnet,14,111.652532,12.208451,79.177816,256.456343,512.666577,73,0.007300000,0.992752904,27
regtest,20,7572.862991367,75,1.000000,mainnet,15,111.074449,12.083051,76.821413,252.212146,515.406720,101,0.010100000,0.990000990,27
regtest,20,7572.862991367,75,1.000000,mainnet,16,110.805602,11.703293,77.885312,258.189572,507.032231,86,0.008600000,0.991473329,18
regtest,20,7572.862991367,75,1.000000,mainnet,17,110.774885,11.732459,77.714493,254.232043,512.395790,90,0.009000000,0.991080278,88
regtest,20,7572.862991367,75,1.000000,mainnet,18,111.561508,11.275446,77.171058,259.419062,515.339551,92,0.009200000,0.990883868,48
regtest,20,7572.862991367,75,1.000000,mainnet,19,112.281053,12.293606,77.549973,258.347659,513.542405,82,0.008200000,0.991866693,56
regtest,20,7572.862991367,75,1.000000,mainnet,20,111.045015,12.097916,78.078265,251.411736,499.604553,77,0.007700000,0.992358837,161
regtest,20,7572.862991367,75,1.000000,mainnet,21,109.750888,11.367427,76.667290,250.447933,494.232298,107,0.010700000,0.989413278,165
regtest,20,7572.862991367,75,1.000000,mainnet,22,110.859774,11.971473,76.287259,257.582306,508.861868,86,0.008600000,0.991473329,17
regtest,20,7572.862991367,75,1.000000,mainnet,23,111.161012,12.494021,77.555786,256.687294,514.112094,70,0.007000000,0.993048659,17
regtest,20,7572.862991367,75,1.000000,mainnet,24,111.781254,11.662795,76.780865,260.225683,510.753216,78,0.007800000,0.992260369,83
regtest,20,7572.862991367,75,1.000000,mainnet,25,110.699461,11.246085,77.191266,253.924200,499.314410,87,0.008700000,0.991375037,33
regtest,20,7572.862991367,75,1.000000,mainnet,26,112.051971,12.096930,76.968040,259.325372,500.239251,74,0.007400000,0.992654358,17
regtest,20,7572.862991367,75,1.000000,mainnet,27,111.611097,11.321193,77.722191,257.939276,509.579907,82,0.008200000,0.991866693,17
regtest,20,7572.862991367,75,1.000000,mainnet,28,111.450829,11.273378,76.745059,259.523029,504.745652,85,0.008500000,0.991571641,213
regtest,20,7572.862991367,75,1.000000,mainnet,29,111.389550,11.866740,77.713250,257.586611,505.607446,85,0.008500000,0.991571641,132
regtest,20,7572.862991367,75,1.000000,mainnet,30,113.269362,11.718451,78.736642,259.944064,520.718511,82,0.008200000,0.991866693,85
regtest,20,7572.862991367,75,1.000000,mainnet,31,110.624022,11.286242,76.188057,258.751915,520.111461,102,0.010200000,0.989902990,94
regtest,20,7572.862991367,75,1.000000,mainnet,32,109.418977,11.240238,76.137317,254.535883,491.570594,82,0.008200000,0.991866693,80
regtest,20,7572.862991367,75,1.000000,mainnet,33,110.803607,12.308857,76.159210,255.426442,502.608797,73,0.007300000,0.992752904,18
regtest,20,7572.862991367,75,1.000000,mainnet,34,109.950931,11.553570,76.479377,251.086365,510.820995,79,0.007900000,0.992161921,19
regtest,20,7572.862991367,75,1.000000,mainnet,35,111.550193,11.891334,78.333235,254.274962,515.566273,85,0.008500000,0.991571641,23
regtest,20,7572.862991367,75,1.000000,mainnet,36,108.816482,11.206437,75.036266,249.093407,507.518881,75,0.007500000,0.992555831,33
regtest,20,7572.862991367,75,1.000000,mainnet,37,111.453360,11.626173,75.714138,256.268556,504.502217,86,0.008600000,0.991473329,46
regtest,20,7572.862991367,75,1.000000,mainnet,38,110.855581,11.143713,76.447517,258.151043,509.264761,72,0.007200000,0.992851469,106
regtest,20,7572.862991367,75,1.000000,mainnet,39,112.123181,12.024124,77.794411,257.851963,510.967087,81,0.008100000,0.991965083,112
regtest,20,7572.862991367,75,1.000000,mainnet,40,112.481431,12.275737,78.739369,254.059181,519.005095,90,0.009000000,0.991080278,285
regtest,20,7572.862991367,75,1.000000,mainnet,41,110.698495,11.767448,77.105337,250.405442,535.159215,84,0.008400000,0.991669972,36
regtest,20,7572.862991367,75,1.000000,mainnet,42,112.336477,12.099568,77.302160,255.914611,521.633020,92,0.009200000,0.990883868,21
regtest,20,7572.862991367,75,1.000000,mainnet,43,109.868055,11.646389,76.817181,256.067737,489.268932,84,0.008400000,0.991669972,55
regtest,20,7572.862991367,75,1.000000,mainnet,44,111.900280,11.989879,78.014070,258.421390,514.316806,73,0.007300000,0.992752904,109
regtest,20,7572.862991367,75,1.000000,mainnet,45,111.028815,11.581619,76.209946,260.905982,517.890706,91,0.009100000,0.990982063,23
regtest,20,7572.862991367,75,1.000000,mainnet,46,111.554462,11.302978,76.824872,257.025784,529.374616,84,0.008400000,0.991669972,18
regtest,20,7572.862991367,75,1.000000,mainnet,47,110.904359,11.604659,75.682381,258.675574,514.863086,106,0.010600000,0.989511181,30
regtest,20,7572.862991367,75,1.000000,mainnet,48,112.002899,11.806445,77.350753,257.438794,521.036896,94,0.009400000,0.990687537,37
regtest,20,7572.862991367,75,1.000000,mainnet,49,114.449603,12.516196,79.995946,261.803707,524.706360,78,0.007800000,0.992260369,71
regtest,20,7572.862991367,75,1.000000,mainnet,50,111.582850,11.618831,76.232430,259.586554,515.922683,102,0.010200000,0.989902990,35
regtest,20,7572.862991367,75,1.000000,mainnet,51,112.678674,12.212054,76.934709,257.594603,542.030752,99,0.009900000,0.990197049,17
regtest,20,7572.862991367,75,1.000000,mainnet,52,110.631875,11.523662,75.989227,256.082681,514.987999,77,0.007700000,0.992358837,17
regtest,20,7572.862991367,75,1.000000,mainnet,53,111.432063,11.853406,77.021169,257.063332,503.404809,90,0.009000000,0.991080278,64
regtest,20,7572.862991367,75,1.000000,mainnet,54,112.195447,11.441369,78.170930,256.499308,525.573113,81,0.008100000,0.991965083,90
regtest,20,7572.862991367,75,1.000000,mainnet,55,111.687373,11.763347,78.204503,255.462786,521.047476,102,0.010200000,0.989902990,21
regtest,20,7572.862991367,75,1.000000,mainnet,56,111.174294,11.787338,77.635202,257.361873,501.744786,88,0.008800000,0.991276764,46
regtest,20,7572.862991367,75,1.000000,mainnet,57,112.031759,12.613745,77.635425,260.042276,517.883352,82,0.008200000,0.991866693,48
regtest,20,7572.862991367,75,1.000000,mainnet,58,110.835048,12.027138,76.935627,256.511580,511.589881,83,0.008300000,0.991768323,18
regtest,20,7572.862991367,75,1.000000,mainnet,59,110.782893,11.426222,77.249069,252.284667,518.970473,110,0.011000000,0.989119683,36
regtest,20,7572.862991367,75,1.000000,mainnet,60,112.124718,12.479732,77.054240,262.527702,501.483934,82,0.008200000,0.991866693,82
regtest,20,7572.862991367,75,1.000000,mainnet,61,111.775998,12.548225,77.795716,258.824532,500.614706,81,0.008100000,0.991965083,18
regtest,20,7572.862991367,75,1.000000,mainnet,62,110.994734,11.895594,78.321341,252.829490,512.891473,84,0.008400000,0.991669972,17
regtest,20,7572.862991367,75,1.000000,mainnet,63,111.528114,11.498647,77.859880,254.762546,506.732495,91,0.009100000,0.990982063,48
regtest,20,7572.862991367,75,1.000000,mainnet,64,111.509996,11.623852,77.454757,256.554818,505.565297,82,0.008200000,0.991866693,97
regtest,20,7572.862991367,75,1.000000,mainnet,65,109.806976,11.486409,75.734463,250.360910,518.312122,85,0.008500000,0.991571641,95
regtest,20,7572.862991367,75,1.000000,mainnet,66,111.977542,11.639963,77.334977,259.605175,510.935271,90,0.009000000,0.991080278,21
regtest,20,7572.862991367,75,1.000000,mainnet,67,112.626704,11.559161,77.783496,257.164158,523.638207,84,0.008400000,0.991669972,63
regtest,20,7572.862991367,75,1.000000,mainnet,68,112.176010,12.028790,78.619262,260.967453,507.662316,88,0.008800000,0.991276764,57
regtest,20,7572.862991367,75,1.000000,mainnet,69,111.382934,11.626565,77.789641,259.663321,511.484008,90,0.009000000,0.991080278,128
regtest,20,7572.862991367,75,1.000000,mainnet,70,112.107750,12.109582,75.827009,258.681107,537.814740,74,0.007400000,0.992654358,26
regtest,20,7572.862991367,75,1.000000,mainnet,71,111.101265,11.600055,75.757475,258.460405,515.004200,95,0.009500000,0.990589401,19
regtest,20,7572.862991367,75,1.000000,mainnet,72,110.073302,11.266524,76.198776,256.351891,499.333693,87,0.008700000,0.991375037,36
regtest,20,7572.862991367,75,1.000000,mainnet,73,111.608851,11.789827,76.639190,254.079322,519.428337,90,0.009000000,0.991080278,54
regtest,20,7572.862991367,75,1.000000,mainnet,74,112.847214,12.502552,77.305454,261.010224,521.578021,86,0.008600000,0.991473329,65
regtest,20,7572.862991367,75,1.000000,mainnet,75,112.201191,11.644634,76.371753,257.011238,542.341993,90,0.009000000,0.991080278,66
regtest,20,7572.862991367,75,1.000000,mainnet,76,111.242398,12.068878,76.148925,257.377015,507.716980,80,0.008000000,0.992063492,61
regtest,20,7572.862991367,75,1.000000,mainnet,77,111.392271,11.121203,78.232609,255.227909,505.111135,112,0.011200000,0.988924051,36
regtest,20,7572.862991367,75,1.000000,mainnet,78,110.292828,11.296991,76.774726,253.539502,502.201315,71,0.007100000,0.992950055,111
regtest,20,7572.862991367,75,1.000000,mainnet,79,112.743978,12.456437,79.045192,257.361521,522.077061,88,0.008800000,0.991276764,22
regtest,20,7572.862991367,75,1.000000,mainnet,80,111.717244,11.764994,76.402401,259.868620,530.462481,86,0.008600000,0.991473329,37
regtest,20,7572.862991367,75,1.000000,mainnet,81,113.206244,11.821039,79.527749,259.818239,535.149848,91,0.009100000,0.990982063,23
regtest,20,7572.862991367,75,1.000000,mainnet,82,111.345851,11.862592,77.421720,256.970571,510.801331,95,0.009500000,0.990589401,22
regtest,20,7572.862991367,75,1.000000,mainnet,83,112.712561,12.056491,78.127396,259.594025,512.326093,101,0.010100000,0.990000990,36
regtest,20,7572.862991367,75,1.000000,mainnet,84,111.961959,11.542842,77.381877,257.314027,521.443116,85,0.008500000,0.991571641,29
regtest,20,7572.862991367,75,1.000000,mainnet,85,111.931180,11.876008,77.053686,256.348949,507.449394,89,0.008900000,0.991178511,17
regtest,20,7572.862991367,75,1.000000,mainnet,86,111.428649,11.554942,76.722960,259.901219,503.143447,92,0.009200000,0.990883868,23
regtest,20,7572.862991367,75,1.000000,mainnet,87,111.872978,11.654052,77.703538,255.186114,509.988545,112,0.011200000,0.988924051,165
regtest,20,7572.862991367,75,1.000000,mainnet,88,109.349543,11.691986,77.385983,251.086053,495.349254,83,0.008300000,0.991768323,85
regtest,20,7572.862991367,75,1.000000,mainnet,89,111.298766,11.985151,77.315070,260.828062,507.459649,109,0.010900000,0.989217529,17
regtest,20,7572.862991367,75,1.000000,mainnet,90,111.774838,12.179429,77.843802,259.698224,499.343217,96,0.009600000,0.990491284,20
regtest,20,7572.862991367,75,1.000000,mainnet,91,110.856970,11.177052,76.901466,258.136835,511.719975,88,0.008800000,0.991276764,18
regtest,20,7572.862991367,75,1.000000,mainnet,92,110.974866,11.683314,75.389552,260.853723,509.041768,83,0.008300000,0.991768323,19
regtest,20,7572.862991367,75,1.000000,mainnet,93,108.457480,11.614378,74.002300,249.595341,512.600417,76,0.007600000,0.992457324,30
regtest,20,7572.862991367,75,1.000000,mainnet,94,112.402644,12.354552,78.463036,257.937770,503.543950,87,0.008700000,0.991375037,25
regtest,20,7572.862991367,75,1.000000,mainnet,95,111.406836,12.066512,78.271402,256.336553,510.841974,81,0.008100000,0.991965083,26
regtest,20,7572.862991367,75,1.000000,mainnet,96,111.898666,11.226938,76.353081,259.316738,516.687655,78,0.007800000,0.992260369,99
regtest,20,7572.862991367,75,1.000000,mainnet,97,110.916510,11.733933,78.514962,255.631765,507.601484,86,0.008600000,0.991473329,23
regtest,20,7572.862991367,75,1.000000,mainnet,98,111.036537,11.431331,76.856826,256.045849,505.528457,85,0.008500000,0.991571641,136
regtest,20,7572.862991367,75,1.000000,mainnet,99,111.337720,11.523283,75.539607,261.155190,524.892295,92,0.009200000,0.990883868,55
regtest,20,7572.862991367,75,1.000000,mainnet,100,111.233403,12.051322,76.340115,254.987085,526.996242,84,0.008400000,0.991669972,79
regtest,20,7572.862991367,75,2.000000,mainnet,1,110.875346,11.607950,77.375680,252.617479,508.818315,168,0.016800000,0.983477577,29
regtest,20,7572.862991367,75,2.000000,mainnet,2,110.548099,11.729683,76.312325,256.066002,504.765032,150,0.015000000,0.985221675,90
regtest,20,7572.862991367,75,2.000000,mainnet,3,110.684918,11.567779,77.344150,253.291048,485.057997,169,0.016900000,0.983380863,17
regtest,20,7572.862991367,75,2.000000,mainnet,4,111.284527,12.365035,76.747164,256.614715,497.283621,180,0.018000000,0.982318271,65
regtest,20,7572.862991367,75,2.000000,mainnet,5,112.713913,11.828984,78.787276,256.442808,510.521147,175,0.017500000,0.982800983,36
regtest,20,7572.862991367,75,2.000000,mainnet,6,110.362180,11.360004,75.029994,257.494275,497.616462,163,0.016300000,0.983961429,40
regtest,20,7572.862991367,75,2.000000,mainnet,7,111.696698,11.999192,77.909302,256.592003,511.626509,169,0.016900000,0.983380863,34
regtest,20,7572.862991367,75,2.000000,mainnet,8,110.059904,11.286800,77.696673,251.985771,505.432990,175,0.017500000,0.982800983,17
regtest,20,7572.862991367,75,2.000000,mainnet,9,110.468659,11.534805,74.869761,256.713097,501.764409,174,0.017400000,0.982897582,36
regtest,20,7572.862991367,75,2.000000,mainnet,10,111.528309,11.715947,77.948733,258.399861,505.691517,156,0.015600000,0.984639622,39
regtest,20,7572.862991367,75,2.000000,mainnet,11,110.408947,11.570670,75.656780,254.790009,510.796706,188,0.018800000,0.981546918,101
regtest,20,7572.862991367,75,2.000000,mainnet,12,111.298776,11.330691,76.621643,260.985556,503.150681,155,0.015500000,0.984736583,32
regtest,20,7572.862991367,75,2.000000,mainnet,13,109.860250,11.536621,76.866947,251.513710,507.139053,188,0.018800000,0.981546918,99
regtest,20,7572.862991367,75,2.000000,mainnet,14,112.419777,12.305167,79.801174,257.953468,514.424289,143,0.014300000,0.985901607,27
regtest,20,7572.862991367,75,2.000000,mainnet,15,110.214388,12.083051,75.718449,251.238277,504.432517,170,0.017000000,0.983284169,27
regtest,20,7572.862991367,75,2.000000,mainnet,16,110.285530,11.731314,77.944035,255.585259,510.146521,178,0.017800000,0.982511299,18
regtest,20,7572.862991367,75,2.000000,mainnet,17,111.364794,11.621111,77.625104,255.788875,512.749481,173,0.017300000,0.982994200,88
regtest,20,7572.862991367,75,2.000000,mainnet,18,112.211778,11.036348,77.624104,260.307508,513.356301,180,0.018000000,0.982318271,48
regtest,20,7572.862991367,75,2.000000,mainnet,19,111.860401,12.053112,78.106377,257.024888,494.772759,181,0.018100000,0.982221786,56
regtest,20,7572.862991367,75,2.000000,mainnet,20,110.790181,11.997114,77.143108,253.036247,501.054844,159,0.015900000,0.984348853,161
regtest,20,7572.862991367,75,2.000000,mainnet,21,110.243163,11.451268,77.831970,252.344957,498.706159,189,0.018900000,0.981450584,217
regtest,20,7572.862991367,75,2.000000,mainnet,22,109.825090,11.387139,75.293166,256.808693,506.229536,174,0.017400000,0.982897582,53
regtest,20,7572.862991367,75,2.000000,mainnet,23,111.090902,11.987075,76.709695,257.048894,522.919808,152,0.015200000,0.985027581,17
regtest,20,7572.862991367,75,2.000000,mainnet,24,112.407354,11.834405,78.756430,259.786255,509.788369,179,0.017900000,0.982414776,83
regtest,20,7572.862991367,75,2.000000,mainnet,25,110.153692,10.938608,76.403183,251.766128,506.086199,164,0.016400000,0.983864620,32
regtest,20,7572.862991367,75,2.000000,mainnet,26,111.870099,12.113627,77.310269,260.161484,497.251500,137,0.013700000,0.986485153,17
regtest,20,7572.862991367,75,2.000000,mainnet,27,111.731503,11.358993,78.105257,257.582048,511.614090,165,0.016500000,0.983767831,17
regtest,20,7572.862991367,75,2.000000,mainnet,28,111.433963,11.349228,76.586631,261.075127,504.714197,180,0.018000000,0.982318271,229
regtest,20,7572.862991367,75,2.000000,mainnet,29,111.988451,11.620659,77.845888,259.832482,509.114099,180,0.018000000,0.982318271,131
regtest,20,7572.862991367,75,2.000000,mainnet,30,112.263844,11.544342,78.528570,256.927462,504.202760,172,0.017200000,0.983090838,85
regtest,20,7572.862991367,75,2.000000,mainnet,31,110.814498,11.720021,76.868605,256.709023,519.742610,180,0.018000000,0.982318271,94
regtest,20,7572.862991367,75,2.000000,mainnet,32,110.173586,11.331486,77.189809,254.695360,501.590833,167,0.016700000,0.983574309,80
regtest,20,7572.862991367,75,2.000000,mainnet,33,110.686022,12.146019,76.785855,253.653522,497.628570,164,0.016400000,0.983864620,18
regtest,20,7572.862991367,75,2.000000,mainnet,34,109.901402,11.461573,76.141055,249.626083,516.724053,171,0.017100000,0.983187494,19
regtest,20,7572.862991367,75,2.000000,mainnet,35,110.569776,12.059537,78.220905,250.487550,510.588128,175,0.017500000,0.982800983,23
regtest,20,7572.862991367,75,2.000000,mainnet,36,109.283434,11.167857,75.788138,250.743736,505.556290,153,0.015300000,0.984930562,33
regtest,20,7572.862991367,75,2.000000,mainnet,37,112.192181,11.612798,75.779335,259.257064,511.618000,168,0.016800000,0.983477577,67
regtest,20,7572.862991367,75,2.000000,mainnet,38,110.578291,10.987284,75.027806,258.335147,515.442697,156,0.015600000,0.984639622,65
regtest,20,7572.862991367,75,2.000000,mainnet,39,111.783744,12.055591,78.071408,258.268204,505.381402,154,0.015400000,0.984833563,112
regtest,20,7572.862991367,75,2.000000,mainnet,40,113.045397,12.386754,79.026228,257.261758,520.676412,184,0.018400000,0.981932443,251
regtest,20,7572.862991367,75,2.000000,mainnet,41,109.901810,11.879824,76.686369,249.612244,528.121040,166,0.016600000,0.983671060,36
regtest,20,7572.862991367,75,2.000000,mainnet,42,112.898612,12.345553,78.744241,257.423954,521.633020,179,0.017900000,0.982414776,21
regtest,20,7572.862991367,75,2.000000,mainnet,43,109.991734,11.367375,75.777976,257.583839,490.615753,170,0.017000000,0.983284169,55
regtest,20,7572.862991367,75,2.000000,mainnet,44,110.989454,12.060539,77.775224,256.253257,507.829780,160,0.016000000,0.984251969,110
regtest,20,7572.862991367,75,2.000000,mainnet,45,110.545389,11.795883,76.225163,256.184038,517.890706,184,0.018400000,0.981932443,23
regtest,20,7572.862991367,75,2.000000,mainnet,46,110.853148,11.388414,76.981810,255.710963,511.442172,185,0.018500000,0.981836033,18
regtest,20,7572.862991367,75,2.000000,mainnet,47,110.857090,11.426373,75.660901,256.863884,514.863086,178,0.017800000,0.982511299,30
regtest,20,7572.862991367,75,2.000000,mainnet,48,111.330116,11.764879,77.719309,255.462111,510.282597,172,0.017200000,0.983090838,37
regtest,20,7572.862991367,75,2.000000,mainnet,49,113.534925,12.177544,79.081750,261.151056,514.468726,175,0.017500000,0.982800983,71
regtest,20,7572.862991367,75,2.000000,mainnet,50,111.395902,11.291508,75.530227,259.922398,519.070968,184,0.018400000,0.981932443,35
regtest,20,7572.862991367,75,2.000000,mainnet,51,112.921028,12.159512,77.156893,257.253207,539.229397,180,0.018000000,0.982318271,42
regtest,20,7572.862991367,75,2.000000,mainnet,52,110.087932,11.497755,75.798628,254.584255,517.311930,166,0.016600000,0.983671060,17
regtest,20,7572.862991367,75,2.000000,mainnet,53,112.084954,12.054529,78.328036,257.498854,508.721340,165,0.016500000,0.983767831,64
regtest,20,7572.862991367,75,2.000000,mainnet,54,112.640765,11.121116,77.148778,260.134115,538.231058,160,0.016000000,0.984251969,90
regtest,20,7572.862991367,75,2.000000,mainnet,55,111.633540,11.488331,78.172685,255.130895,520.519064,189,0.018900000,0.981450584,21
regtest,20,7572.862991367,75,2.000000,mainnet,56,110.391961,11.944248,76.885796,256.085672,493.098131,176,0.017600000,0.982704403,46
regtest,20,7572.862991367,75,2.000000,mainnet,57,110.743620,12.216417,76.600714,257.794842,511.058889,164,0.016400000,0.983864620,48
regtest,20,7572.862991367,75,2.000000,mainnet,58,110.772244,11.935488,76.804715,257.864161,506.276946,162,0.016200000,0.984058256,18
regtest,20,7572.862991367,75,2.000000,mainnet,59,111.411737,11.529619,77.500812,255.805530,524.663386,181,0.018100000,0.982221786,36
regtest,20,7572.862991367,75,2.000000,mainnet,60,111.642242,12.468721,77.144641,259.735674,503.865875,155,0.015500000,0.984736583,82
regtest,20,7572.862991367,75,2.000000,mainnet,61,110.781791,12.409308,76.596013,258.198868,504.497690,164,0.016400000,0.983864620,18
regtest,20,7572.862991367,75,2.000000,mainnet,62,110.340578,11.873520,77.867775,252.352945,509.093575,170,0.017000000,0.983284169,17
regtest,20,7572.862991367,75,2.000000,mainnet,63,111.258378,11.448016,76.368094,255.302424,505.509732,176,0.017600000,0.982704403,23
regtest,20,7572.862991367,75,2.000000,mainnet,64,112.062661,11.338544,77.798878,254.328875,513.111089,177,0.017700000,0.982607841,133
regtest,20,7572.862991367,75,2.000000,mainnet,65,110.488987,11.449219,76.032889,251.950417,516.441929,150,0.015000000,0.985221675,95
regtest,20,7572.862991367,75,2.000000,mainnet,66,111.151587,11.508117,76.808454,260.272645,498.861818,171,0.017100000,0.983187494,21
regtest,20,7572.862991367,75,2.000000,mainnet,67,112.679968,11.454857,77.361712,258.608495,540.813288,165,0.016500000,0.983767831,63
regtest,20,7572.862991367,75,2.000000,mainnet,68,112.173153,12.372584,79.028875,260.227800,506.331753,173,0.017300000,0.982994200,57
regtest,20,7572.862991367,75,2.000000,mainnet,69,111.887630,11.581085,77.478579,259.855450,525.281890,179,0.017900000,0.982414776,299
regtest,20,7572.862991367,75,2.000000,mainnet,70,110.757919,12.137522,74.848078,254.042992,537.878391,176,0.017600000,0.982704403,26
regtest,20,7572.862991367,75,2.000000,mainnet,71,111.360261,11.261543,76.771107,257.943254,517.020464,186,0.018600000,0.981739643,19
regtest,20,7572.862991367,75,2.000000,mainnet,72,110.625362,11.412032,76.574689,257.339236,502.542636,158,0.015800000,0.984445757,36
regtest,20,7572.862991367,75,2.000000,mainnet,73,112.418858,11.851881,77.259693,258.821791,528.928861,184,0.018400000,0.981932443,48
regtest,20,7572.862991367,75,2.000000,mainnet,74,113.251540,12.395537,78.429664,261.438451,521.533111,175,0.017500000,0.982800983,65
regtest,20,7572.862991367,75,2.000000,mainnet,75,112.134783,11.756733,77.429117,257.130342,537.666176,161,0.016100000,0.984155103,65
regtest,20,7572.862991367,75,2.000000,mainnet,76,110.888136,11.581401,75.865648,257.428131,516.686364,159,0.015900000,0.984348853,61
regtest,20,7572.862991367,75,2.000000,mainnet,77,111.405723,11.200326,77.550002,255.989655,514.215033,183,0.018300000,0.982028872,36
regtest,20,7572.862991367,75,2.000000,mainnet,78,110.474348,11.902163,76.999077,249.831548,511.109263,179,0.017900000,0.982414776,111
regtest,20,7572.862991367,75,2.000000,mainnet,79,113.326605,12.467989,78.865213,261.536304,515.890234,184,0.018400000,0.981932443,22
regtest,20,7572.862991367,75,2.000000,mainnet,80,110.929316,11.544304,76.373626,256.892669,518.710007,188,0.018800000,0.981546918,39
regtest,20,7572.862991367,75,2.000000,mainnet,81,111.902878,11.611804,77.867657,258.011830,511.337670,176,0.017600000,0.982704403,23
regtest,20,7572.862991367,75,2.000000,mainnet,82,111.088358,12.079923,76.987495,255.885617,511.081425,178,0.017800000,0.982511299,22
regtest,20,7572.862991367,75,2.000000,mainnet,83,112.991312,12.255017,78.953706,258.840197,507.354798,177,0.017700000,0.982607841,36
regtest,20,7572.862991367,75,2.000000,mainnet,84,111.690363,11.301687,77.550404,256.283141,531.594994,160,0.016000000,0.984251969,31
regtest,20,7572.862991367,75,2.000000,mainnet,85,110.589233,11.350703,75.689393,256.155558,482.794645,185,0.018500000,0.981836033,17
regtest,20,7572.862991367,75,2.000000,mainnet,86,110.970524,11.588943,76.069595,257.614329,505.367491,185,0.018500000,0.981836033,23
regtest,20,7572.862991367,75,2.000000,mainnet,87,112.046578,11.654052,77.427523,256.887943,509.891336,205,0.020500000,0.979911808,152
regtest,20,7572.862991367,75,2.000000,mainnet,88,109.456136,11.808262,76.982653,252.058185,495.691862,170,0.017000000,0.983284169,32
regtest,20,7572.862991367,75,2.000000,mainnet,89,111.456967,11.573624,76.600698,260.973832,519.145657,193,0.019300000,0.981065437,17
regtest,20,7572.862991367,75,2.000000,mainnet,90,111.931640,12.301651,77.307970,259.345212,520.503596,172,0.017200000,0.983090838,20
regtest,20,7572.862991367,75,2.000000,mainnet,91,110.564396,11.663074,76.796235,255.944408,512.125324,182,0.018200000,0.982125319,18
regtest,20,7572.862991367,75,2.000000,mainnet,92,111.238414,11.425799,76.471838,258.350865,515.170932,152,0.015200000,0.985027581,19
regtest,20,7572.862991367,75,2.000000,mainnet,93,108.879096,11.901550,74.723842,250.492373,507.769255,151,0.015100000,0.985124618,30
regtest,20,7572.862991367,75,2.000000,mainnet,94,112.858726,12.215869,78.830303,258.318072,515.189341,165,0.016500000,0.983767831,25
regtest,20,7572.862991367,75,2.000000,mainnet,95,111.609167,12.071473,78.431410,254.882600,510.841974,167,0.016700000,0.983574309,49
regtest,20,7572.862991367,75,2.000000,mainnet,96,111.618248,11.033269,76.228881,256.776683,519.385416,164,0.016400000,0.983864620,99
regtest,20,7572.862991367,75,2.000000,mainnet,97,112.082165,11.818295,79.326945,258.345866,512.529981,160,0.016000000,0.984251969,23
regtest,20,7572.862991367,75,2.000000,mainnet,98,110.904971,11.759858,76.579277,256.045849,504.618578,161,0.016100000,0.984155103,136
regtest,20,7572.862991367,75,2.000000,mainnet,99,110.923935,11.927124,75.873213,259.669508,515.861514,185,0.018500000,0.981836033,55
regtest,20,7572.862991367,75,2.000000,mainnet,100,111.256372,11.952335,76.192946,255.586682,528.199370,185,0.018500000,0.981836033,30
regtest,20,7572.862991367,75,5.000000,mainnet,1,112.635022,11.726313,77.160480,258.752490,526.871250,438,0.043800000,0.958037938,18
regtest,20,7572.862991367,75,5.000000,mainnet,2,111.272950,11.767779,77.135146,258.377513,506.164253,395,0.039500000,0.962000962,167
regtest,20,7572.862991367,75,5.000000,mainnet,3,109.400406,11.477407,76.382217,251.416543,481.845004,435,0.043500000,0.958313368,53
regtest,20,7572.862991367,75,5.000000,mainnet,4,112.361967,12.315655,78.922612,255.066079,506.807648,442,0.044200000,0.957670944,65
regtest,20,7572.862991367,75,5.000000,mainnet,5,111.860869,11.429232,78.355954,254.521614,510.994597,464,0.046400000,0.955657492,36
regtest,20,7572.862991367,75,5.000000,mainnet,6,110.760367,11.463629,76.439786,256.926431,499.451293,420,0.042000000,0.959692898,40
regtest,20,7572.862991367,75,5.000000,mainnet,7,111.682597,11.918095,77.709976,256.431500,509.776630,439,0.043900000,0.957946163,44
regtest,20,7572.862991367,75,5.000000,mainnet,8,111.241688,11.344456,77.945451,253.809417,528.557399,446,0.044600000,0.957304231,76
regtest,20,7572.862991367,75,5.000000,mainnet,9,110.836274,11.522626,75.442411,256.337644,499.067149,488,0.048800000,0.953470633,33
regtest,20,7572.862991367,75,5.000000,mainnet,10,110.275734,11.439500,76.989715,252.987864,499.847375,444,0.044400000,0.957487553,51
regtest,20,7572.862991367,75,5.000000,mainnet,11,109.802766,11.691778,75.465997,252.526477,509.425934,419,0.041900000,0.959785008,100
regtest,20,7572.862991367,75,5.000000,mainnet,12,111.085533,10.929032,76.317019,258.488053,501.477527,405,0.040500000,0.961076406,32
regtest,20,7572.862991367,75,5.000000,mainnet,13,110.072129,11.588253,77.600616,251.123664,503.197076,416,0.041600000,0.960061444,99
regtest,20,7572.862991367,75,5.000000,mainnet,14,111.956860,12.225109,78.164634,257.909967,511.697844,389,0.038900000,0.962556550,28
regtest,20,7572.862991367,75,5.000000,mainnet,15,110.536973,12.223597,75.659110,253.791180,507.131781,437,0.043700000,0.958129731,27
regtest,20,7572.862991367,75,5.000000,mainnet,16,109.916537,11.655536,76.164519,254.344445,501.037909,459,0.045900000,0.956114351,18
regtest,20,7572.862991367,75,5.000000,mainnet,17,111.546794,11.487775,77.625104,254.364952,510.202274,407,0.040700000,0.960891708,88
regtest,20,7572.862991367,75,5.000000,mainnet,18,113.518553,11.327157,78.741247,263.947727,528.623635,424,0.042400000,0.959324635,48
regtest,20,7572.862991367,75,5.000000,mainnet,19,112.108790,11.705222,78.618819,255.886753,516.062460,441,0.044100000,0.957762666,52
regtest,20,7572.862991367,75,5.000000,mainnet,20,110.961052,12.283894,77.496646,251.617325,507.532407,414,0.041400000,0.960245823,174
regtest,20,7572.862991367,75,5.000000,mainnet,21,110.059260,11.290912,77.388417,254.737678,494.232298,429,0.042900000,0.958864704,40
regtest,20,7572.862991367,75,5.000000,mainnet,22,110.630690,11.796844,77.578687,257.582306,506.229536,449,0.044900000,0.957029381,53
regtest,20,7572.862991367,75,5.000000,mainnet,23,111.376027,11.721095,76.547070,257.475268,524.818170,390,0.039000000,0.962463908,17
regtest,20,7572.862991367,75,5.000000,mainnet,24,110.420667,11.837894,77.179742,254.948800,501.828431,421,0.042100000,0.959600806,83
regtest,20,7572.862991367,75,5.000000,mainnet,25,112.218785,11.274176,77.166138,257.165780,525.149511,405,0.040500000,0.961076406,32
regtest,20,7572.862991367,75,5.000000,mainnet,26,111.767659,12.022092,76.968040,260.404863,500.239251,393,0.039300000,0.962186087,21
regtest,20,7572.862991367,75,5.000000,mainnet,27,111.371946,11.353355,76.171093,254.870092,517.186212,408,0.040800000,0.960799385,17
regtest,20,7572.862991367,75,5.000000,mainnet,28,112.018242,11.630704,77.868788,258.584749,514.549046,405,0.040500000,0.961076406,30
regtest,20,7572.862991367,75,5.000000,mainnet,29,111.814786,11.820612,78.588239,256.900134,514.240983,430,0.043000000,0.958772771,146
regtest,20,7572.862991367,75,5.000000,mainnet,30,112.594852,11.678745,79.051534,257.150281,501.680530,445,0.044500000,0.957395883,223
regtest,20,7572.862991367,75,5.000000,mainnet,31,112.332487,11.516665,78.312792,259.931426,533.961939,409,0.040900000,0.960707080,126
regtest,20,7572.862991367,75,5.000000,mainnet,32,109.239930,10.865221,75.591297,254.535883,501.847299,444,0.044400000,0.957487553,21
regtest,20,7572.862991367,75,5.000000,mainnet,33,110.879173,11.463864,75.849439,255.930121,507.318317,434,0.043400000,0.958405214,18
regtest,20,7572.862991367,75,5.000000,mainnet,34,110.494897,12.151706,76.948870,249.395411,501.896439,412,0.041200000,0.960430273,19
regtest,20,7572.862991367,75,5.000000,mainnet,35,110.642420,11.798249,77.999104,254.116684,511.766982,444,0.044400000,0.957487553,82
regtest,20,7572.862991367,75,5.000000,mainnet,36,109.625352,11.199176,76.279923,251.192697,513.264165,436,0.043600000,0.958221541,74
regtest,20,7572.862991367,75,5.000000,mainnet,37,110.407156,11.616372,75.520193,254.984774,506.318830,422,0.042200000,0.959508732,98
regtest,20,7572.862991367,75,5.000000,mainnet,38,110.243418,11.430284,75.953735,257.031654,503.789392,426,0.042600000,0.959140610,65
regtest,20,7572.862991367,75,5.000000,mainnet,39,111.563867,11.838615,77.303034,256.811238,516.101708,444,0.044400000,0.957487553,166
regtest,20,7572.862991367,75,5.000000,mainnet,40,111.750399,12.173368,78.466842,257.148444,515.013360,460,0.046000000,0.956022945,247
regtest,20,7572.862991367,75,5.000000,mainnet,41,111.084066,11.743605,77.175537,255.840643,515.597330,400,0.040000000,0.961538462,111
regtest,20,7572.862991367,75,5.000000,mainnet,42,112.022498,11.962325,77.060244,256.206452,523.484746,426,0.042600000,0.959140610,21
regtest,20,7572.862991367,75,5.000000,mainnet,43,109.391523,11.037446,75.597633,255.591410,491.337638,426,0.042600000,0.959140610,56
regtest,20,7572.862991367,75,5.000000,mainnet,44,111.752404,12.061017,77.908768,258.421390,515.084075,440,0.044000000,0.957854406,42
regtest,20,7572.862991367,75,5.000000,mainnet,45,109.604815,11.397255,75.621491,254.746200,512.012119,458,0.045800000,0.956205775,23
regtest,20,7572.862991367,75,5.000000,mainnet,46,110.764462,11.606897,77.576024,252.637031,502.788209,442,0.044200000,0.957670944,18
regtest,20,7572.862991367,75,5.000000,mainnet,47,111.028570,11.689484,76.053469,257.306746,512.497353,416,0.041600000,0.960061444,68
regtest,20,7572.862991367,75,5.000000,mainnet,48,112.583666,12.036835,77.614287,256.581363,531.101451,454,0.045400000,0.956571647,44
regtest,20,7572.862991367,75,5.000000,mainnet,49,114.123113,12.389604,79.028023,264.352226,522.294041,435,0.043500000,0.958313368,70
regtest,20,7572.862991367,75,5.000000,mainnet,50,111.108991,11.239703,76.604407,258.891011,514.203686,426,0.042600000,0.959140610,79
regtest,20,7572.862991367,75,5.000000,mainnet,51,114.282587,12.131655,78.279894,262.048767,537.778219,410,0.041000000,0.960614793,48
regtest,20,7572.862991367,75,5.000000,mainnet,52,110.597289,11.466364,76.610512,255.009168,517.115634,388,0.038800000,0.962649211,17
regtest,20,7572.862991367,75,5.000000,mainnet,53,110.951214,11.818746,77.961413,254.474674,503.404809,428,0.042800000,0.958956655,44
regtest,20,7572.862991367,75,5.000000,mainnet,54,112.029819,11.300760,78.268291,257.313085,499.891797,405,0.040500000,0.961076406,106
regtest,20,7572.862991367,75,5.000000,mainnet,55,110.588352,11.502694,76.921049,254.527783,520.519064,442,0.044200000,0.957670944,21
regtest,20,7572.862991367,75,5.000000,mainnet,56,109.795736,11.643866,76.331505,254.307440,498.564587,445,0.044500000,0.957395883,76
regtest,20,7572.862991367,75,5.000000,mainnet,57,110.922724,12.075321,76.734987,256.550253,515.540024,427,0.042700000,0.959048624,48
regtest,20,7572.862991367,75,5.000000,mainnet,58,110.365212,12.199764,76.579601,255.247378,512.870540,393,0.039300000,0.962186087,32
regtest,20,7572.862991367,75,5.000000,mainnet,59,111.570201,12.127639,77.644341,254.770380,511.937182,423,0.042300000,0.959416675,36
regtest,20,7572.862991367,75,5.000000,mainnet,60,111.223035,12.039101,77.041239,259.706719,501.670837,411,0.041100000,0.960522524,81
regtest,20,7572.862991367,75,5.000000,mainnet,61,109.850920,12.485904,75.192730,255.577224,500.548811,411,0.041100000,0.960522524,18
regtest,20,7572.862991367,75,5.000000,mainnet,62,110.960077,12.204967,78.666378,252.480451,514.834584,402,0.040200000,0.961353586,17
regtest,20,7572.862991367,75,5.000000,mainnet,63,111.650517,11.273756,76.294329,255.326252,511.872504,395,0.039500000,0.962000962,23
regtest,20,7572.862991367,75,5.000000,mainnet,64,112.238242,11.566548,78.206009,259.311498,513.273711,471,0.047100000,0.955018623,24
regtest,20,7572.862991367,75,5.000000,mainnet,65,109.914014,11.166272,76.221444,250.125977,512.210901,442,0.044200000,0.957670944,95
regtest,20,7572.862991367,75,5.000000,mainnet,66,112.299572,11.500024,77.023879,262.443596,496.027471,426,0.042600000,0.959140610,17
regtest,20,7572.862991367,75,5.000000,mainnet,67,111.981575,11.454857,76.678287,256.464473,533.409279,386,0.038600000,0.962834585,19
regtest,20,7572.862991367,75,5.000000,mainnet,68,112.596558,11.882225,78.672525,259.899626,511.611833,428,0.042800000,0.958956655,17
regtest,20,7572.862991367,75,5.000000,mainnet,69,113.981859,11.609167,79.167956,265.250411,534.952897,427,0.042700000,0.959048624,74
regtest,20,7572.862991367,75,5.000000,mainnet,70,110.884670,11.662566,74.988460,255.330510,537.878391,413,0.041300000,0.960338039,26
regtest,20,7572.862991367,75,5.000000,mainnet,71,110.780171,11.627229,76.047310,257.060200,514.010983,437,0.043700000,0.958129731,23
regtest,20,7572.862991367,75,5.000000,mainnet,72,111.652656,11.730031,78.177878,257.237286,512.173696,387,0.038700000,0.962741889,36
regtest,20,7572.862991367,75,5.000000,mainnet,73,112.114641,12.381201,77.259693,254.079322,519.683100,440,0.044000000,0.957854406,26
regtest,20,7572.862991367,75,5.000000,mainnet,74,113.546895,12.347957,79.114957,262.388063,521.533111,457,0.045700000,0.956297217,184
regtest,20,7572.862991367,75,5.000000,mainnet,75,111.440994,11.564072,76.489823,256.340566,508.127325,381,0.038100000,0.963298333,52
regtest,20,7572.862991367,75,5.000000,mainnet,76,110.599652,11.173563,76.926427,257.649402,504.038151,449,0.044900000,0.957029381,102
regtest,20,7572.862991367,75,5.000000,mainnet,77,110.238539,11.358773,76.681303,251.687999,506.493826,431,0.043100000,0.958680855,36
regtest,20,7572.862991367,75,5.000000,mainnet,78,111.594959,11.764103,77.510102,254.929791,510.321830,429,0.042900000,0.958864704,111
regtest,20,7572.862991367,75,5.000000,mainnet,79,112.752286,12.393446,77.984522,259.639026,511.957507,477,0.047700000,0.954471700,125
regtest,20,7572.862991367,75,5.000000,mainnet,80,111.040219,11.613505,76.914329,256.075823,521.831739,421,0.042100000,0.959600806,39
regtest,20,7572.862991367,75,5.000000,mainnet,81,111.261318,11.672213,77.611250,254.732700,506.637946,421,0.042100000,0.959600806,23
regtest,20,7572.862991367,75,5.000000,mainnet,82,111.933752,12.014765,77.301607,260.700919,518.024042,414,0.041400000,0.960245823,22
regtest,20,7572.862991367,75,5.000000,mainnet,83,113.025836,12.286646,77.881141,259.238731,518.835092,439,0.043900000,0.957946163,36
regtest,20,7572.862991367,75,5.000000,mainnet,84,111.973618,11.529056,76.520541,254.850235,547.224337,400,0.040000000,0.961538462,20
regtest,20,7572.862991367,75,5.000000,mainnet,85,109.308293,11.547805,75.472931,251.843861,482.233493,465,0.046500000,0.955566173,17
regtest,20,7572.862991367,75,5.000000,mainnet,86,110.273646,11.333352,75.765084,255.300739,503.361990,446,0.044600000,0.957304231,23
regtest,20,7572.862991367,75,5.000000,mainnet,87,111.043023,11.237589,76.650807,258.254921,517.510296,431,0.043100000,0.958680855,154
regtest,20,7572.862991367,75,5.000000,mainnet,88,110.026977,11.550817,76.750551,253.576339,507.386981,424,0.042400000,0.959324635,22
regtest,20,7572.862991367,75,5.000000,mainnet,89,111.547232,11.340879,75.671267,263.725608,523.422488,431,0.043100000,0.958680855,17
regtest,20,7572.862991367,75,5.000000,mainnet,90,112.029577,11.970344,78.083183,259.671617,507.096499,409,0.040900000,0.960707080,20
regtest,20,7572.862991367,75,5.000000,mainnet,91,111.204917,11.475078,76.465849,257.708237,528.728944,437,0.043700000,0.958129731,18
regtest,20,7572.862991367,75,5.000000,mainnet,92,110.152791,11.522501,75.199100,253.987800,517.985352,403,0.040300000,0.961261175,19
regtest,20,7572.862991367,75,5.000000,mainnet,93,107.847994,11.558192,74.017814,250.760291,497.152452,422,0.042200000,0.959508732,118
regtest,20,7572.862991367,75,5.000000,mainnet,94,112.757898,12.106048,79.425523,255.702660,511.619400,432,0.043200000,0.958588957,60
regtest,20,7572.862991367,75,5.000000,mainnet,95,110.844679,11.936230,77.686517,255.598204,504.109557,434,0.043400000,0.958405214,110
regtest,20,7572.862991367,75,5.000000,mainnet,96,111.649114,10.852154,76.138550,256.669496,520.080405,458,0.045800000,0.956205775,99
regtest,20,7572.862991367,75,5.000000,mainnet,97,111.780846,11.771142,78.975553,259.883594,493.016103,391,0.039100000,0.962371283,23
regtest,20,7572.862991367,75,5.000000,mainnet,98,110.612489,11.703720,76.659962,253.817460,506.165868,447,0.044700000,0.957212597,133
regtest,20,7572.862991367,75,5.000000,mainnet,99,111.778903,11.798882,76.235215,258.701149,522.234509,420,0.042000000,0.959692898,91
regtest,20,7572.862991367,75,5.000000,mainnet,100,109.603720,11.955232,76.819208,248.807859,499.044706,398,0.039800000,0.961723408,30
regtest,20,7572.862991367,75,10.000000,mainnet,1,111.757016,11.873809,76.978308,256.128547,503.000436,872,0.087200000,0.919793966,28
regtest,20,7572.862991367,75,10.000000,mainnet,2,112.548990,11.922589,77.096487,262.137208,512.725268,824,0.082400000,0.923872875,81
regtest,20,7572.862991367,75,10.000000,mainnet,3,109.279881,11.833109,76.693043,249.502217,480.711801,853,0.085300000,0.921404220,17
regtest,20,7572.862991367,75,10.000000,mainnet,4,111.791045,12.342572,78.661946,252.937765,503.811689,843,0.084300000,0.922253989,49
regtest,20,7572.862991367,75,10.000000,mainnet,5,111.280120,11.350554,77.620865,256.299564,507.896750,898,0.089800000,0.917599560,46
regtest,20,7572.862991367,75,10.000000,mainnet,6,110.859958,11.341155,76.384427,257.499462,499.293011,841,0.084100000,0.922424131,40
regtest,20,7572.862991367,75,10.000000,mainnet,7,112.042209,12.005907,78.614959,256.984782,507.494737,884,0.088400000,0.918779860,44
regtest,20,7572.862991367,75,10.000000,mainnet,8,111.465389,11.412244,78.198844,255.964085,520.799832,850,0.085000000,0.921658986,63
regtest,20,7572.862991367,75,10.000000,mainnet,9,109.853980,11.421741,74.355588,255.253312,492.766361,876,0.087600000,0.919455682,27
regtest,20,7572.862991367,75,10.000000,mainnet,10,110.815680,11.400420,77.481494,254.503079,503.448896,858,0.085800000,0.920979923,17
regtest,20,7572.862991367,75,10.000000,mainnet,11,108.634496,11.526904,74.841605,249.454938,498.941085,870,0.087000000,0.919963201,80
regtest,20,7572.862991367,75,10.000000,mainnet,12,112.153621,11.323165,77.547700,262.148308,506.133912,839,0.083900000,0.922594335,32
regtest,20,7572.862991367,75,10.000000,mainnet,13,110.361617,11.949893,77.724182,251.471387,493.744139,871,0.087100000,0.919878576,99
regtest,20,7572.862991367,75,10.000000,mainnet,14,111.125133,12.114101,77.154021,256.464093,510.653418,807,0.080700000,0.925326177,28
regtest,20,7572.862991367,75,10.000000,mainnet,15,110.124593,11.713556,74.901561,257.114190,523.925822,852,0.085200000,0.921489126,30
regtest,20,7572.862991367,75,10.000000,mainnet,16,110.618745,11.656091,75.829949,259.700476,516.041186,896,0.089600000,0.917767988,44
regtest,20,7572.862991367,75,10.000000,mainnet,17,112.140314,11.190070,78.349061,256.798027,512.251761,833,0.083300000,0.923105326,68
regtest,20,7572.862991367,75,10.000000,mainnet,18,113.603328,10.941276,78.377182,263.022977,533.103569,879,0.087900000,0.919202133,54
regtest,20,7572.862991367,75,10.000000,mainnet,19,111.472761,11.432392,79.117864,253.172543,499.025170,849,0.084900000,0.921743940,52
regtest,20,7572.862991367,75,10.000000,mainnet,20,110.095310,12.283894,76.248548,251.148181,506.348178,850,0.085000000,0.921658986,74
regtest,20,7572.862991367,75,10.000000,mainnet,21,110.329327,11.291657,77.478443,254.194441,504.897419,875,0.087500000,0.919540230,21
regtest,20,7572.862991367,75,10.000000,mainnet,22,110.852467,11.871247,76.444934,261.891209,510.381982,876,0.087600000,0.919455682,17
regtest,20,7572.862991367,75,10.000000,mainnet,23,111.464367,11.721095,76.275210,258.104997,533.368718,833,0.083300000,0.923105326,17
regtest,20,7572.862991367,75,10.000000,mainnet,24,110.937561,11.834405,77.824274,255.457105,504.118293,770,0.077000000,0.928505107,59
regtest,20,7572.862991367,75,10.000000,mainnet,25,111.133056,11.581403,76.527631,254.875318,521.821439,812,0.081200000,0.924898261,32
regtest,20,7572.862991367,75,10.000000,mainnet,26,110.781123,12.052984,76.671728,257.633904,495.559452,799,0.079900000,0.926011668,21
regtest,20,7572.862991367,75,10.000000,mainnet,27,112.054644,11.196629,77.003797,258.359703,522.282747,840,0.084000000,0.922509225,47
regtest,20,7572.862991367,75,10.000000,mainnet,28,110.872798,11.462285,77.628212,258.375955,502.651215,831,0.083100000,0.923275782,30
regtest,20,7572.862991367,75,10.000000,mainnet,29,110.612201,11.642498,77.117761,258.187889,505.080876,847,0.084700000,0.921913893,128
regtest,20,7572.862991367,75,10.000000,mainnet,30,113.010293,11.825590,78.630090,259.464586,504.446294,849,0.084900000,0.921743940,46
regtest,20,7572.862991367,75,10.000000,mainnet,31,113.436638,12.090785,78.354420,263.756554,538.442149,777,0.077700000,0.927902014,75
regtest,20,7572.862991367,75,10.000000,mainnet,32,110.867305,11.148255,76.848348,257.182914,501.183430,861,0.086100000,0.920725532,47
regtest,20,7572.862991367,75,10.000000,mainnet,33,111.747210,11.764680,76.387065,256.897644,512.761462,864,0.086400000,0.920471281,181
regtest,20,7572.862991367,75,10.000000,mainnet,34,110.376141,11.866131,76.688441,251.278854,506.658098,821,0.082100000,0.924129008,30
regtest,20,7572.862991367,75,10.000000,mainnet,35,110.591525,11.777906,77.732403,253.707230,514.734293,872,0.087200000,0.919793966,35
regtest,20,7572.862991367,75,10.000000,mainnet,36,109.720997,11.221179,76.387529,251.778894,505.556290,871,0.087100000,0.919878576,74
regtest,20,7572.862991367,75,10.000000,mainnet,37,110.386644,12.017374,75.735947,252.969690,512.101712,894,0.089400000,0.917936479,88
regtest,20,7572.862991367,75,10.000000,mainnet,38,110.445217,11.470125,75.680717,257.857765,507.482712,877,0.087700000,0.919371150,64
regtest,20,7572.862991367,75,10.000000,mainnet,39,111.305567,11.614753,76.949841,256.178184,502.957540,855,0.085500000,0.921234454,99
regtest,20,7572.862991367,75,10.000000,mainnet,40,110.297298,12.213358,78.242671,252.843399,503.167401,926,0.092600000,0.915248032,23
regtest,20,7572.862991367,75,10.000000,mainnet,41,110.325886,11.460915,76.453188,252.358674,515.474284,869,0.086900000,0.920047842,20
regtest,20,7572.862991367,75,10.000000,mainnet,42,111.922196,12.052735,78.088218,258.141177,519.134911,867,0.086700000,0.920217171,21
regtest,20,7572.862991367,75,10.000000,mainnet,43,109.657482,11.059870,75.532590,257.644936,487.162414,805,0.080500000,0.925497455,107
regtest,20,7572.862991367,75,10.000000,mainnet,44,112.963085,12.540468,79.501526,261.674300,513.058361,840,0.084000000,0.922509225,42
regtest,20,7572.862991367,75,10.000000,mainnet,45,110.725945,11.820789,76.401020,257.783635,516.675818,895,0.089500000,0.917852226,23
regtest,20,7572.862991367,75,10.000000,mainnet,46,110.516419,11.606897,76.744087,254.265283,516.590653,869,0.086900000,0.920047842,26
regtest,20,7572.862991367,75,10.000000,mainnet,47,111.374358,11.604659,76.293503,257.306746,507.093029,895,0.089500000,0.917852226,66
regtest,20,7572.862991367,75,10.000000,mainnet,48,111.167275,12.036835,76.798603,254.123753,514.373520,849,0.084900000,0.921743940,44
regtest,20,7572.862991367,75,10.000000,mainnet,49,113.026232,12.305729,77.965984,261.776702,514.453060,890,0.089000000,0.918273646,68
regtest,20,7572.862991367,75,10.000000,mainnet,50,112.130631,11.401479,77.443334,259.492430,520.997148,814,0.081400000,0.924727205,46
regtest,20,7572.862991367,75,10.000000,mainnet,51,112.278723,12.140535,77.431957,256.595883,521.289277,859,0.085900000,0.920895110,42
regtest,20,7572.862991367,75,10.000000,mainnet,52,111.589289,11.683307,78.047465,256.526165,527.840531,814,0.081400000,0.924727205,17
regtest,20,7572.862991367,75,10.000000,mainnet,53,112.292617,12.053773,78.751171,258.226558,501.857462,844,0.084400000,0.922168941,55
regtest,20,7572.862991367,75,10.000000,mainnet,54,112.508073,11.805902,77.923818,260.238522,517.820461,887,0.088700000,0.918526683,135
regtest,20,7572.862991367,75,10.000000,mainnet,55,110.182821,11.763347,77.167337,251.687438,525.335602,897,0.089700000,0.917683766,21
regtest,20,7572.862991367,75,10.000000,mainnet,56,109.747265,11.370722,75.806227,256.369232,500.946252,879,0.087900000,0.919202133,76
regtest,20,7572.862991367,75,10.000000,mainnet,57,111.068833,11.564500,76.569247,256.956356,523.332515,861,0.086100000,0.920725532,47
regtest,20,7572.862991367,75,10.000000,mainnet,58,110.939918,11.604457,76.120322,257.104928,510.911024,834,0.083400000,0.923020122,28
regtest,20,7572.862991367,75,10.000000,mainnet,59,111.665747,11.843070,76.364191,257.419562,522.844216,878,0.087800000,0.919286634,17
regtest,20,7572.862991367,75,10.000000,mainnet,60,112.574635,12.220168,77.992619,258.730158,515.126394,824,0.082400000,0.923872875,90
regtest,20,7572.862991367,75,10.000000,mainnet,61,110.852644,12.193635,76.500957,257.958370,497.768243,883,0.088300000,0.918864284,18
regtest,20,7572.862991367,75,10.000000,mainnet,62,110.994157,11.895798,78.332164,251.961423,507.481541,844,0.084400000,0.922168941,17
regtest,20,7572.862991367,75,10.000000,mainnet,63,111.320196,11.460455,76.325349,254.791357,509.499896,805,0.080500000,0.925497455,46
regtest,20,7572.862991367,75,10.000000,mainnet,64,113.616751,11.967531,79.054855,260.587758,521.683820,891,0.089100000,0.918189331,128
regtest,20,7572.862991367,75,10.000000,mainnet,65,110.343674,10.873469,75.647003,252.251908,528.277210,822,0.082200000,0.924043615,93
regtest,20,7572.862991367,75,10.000000,mainnet,66,111.493938,11.479368,76.579601,260.113674,495.579506,835,0.083500000,0.922934933,57
regtest,20,7572.862991367,75,10.000000,mainnet,67,111.568809,10.998742,76.711854,254.804741,523.064387,856,0.085600000,0.921149595,52
regtest,20,7572.862991367,75,10.000000,mainnet,68,112.669667,11.838684,79.052486,260.512558,511.611833,851,0.085100000,0.921574048,17
regtest,20,7572.862991367,75,10.000000,mainnet,69,112.621358,11.750849,77.977093,261.156304,522.886509,842,0.084200000,0.922339052,73
regtest,20,7572.862991367,75,10.000000,mainnet,70,110.376908,11.842538,75.299842,253.718375,534.570977,898,0.089800000,0.917599560,37
regtest,20,7572.862991367,75,10.000000,mainnet,71,110.762093,11.194355,76.718083,257.060200,511.286630,841,0.084100000,0.922424131,19
regtest,20,7572.862991367,75,10.000000,mainnet,72,112.884875,12.188289,79.599977,260.256073,516.999540,831,0.083100000,0.923275782,36
regtest,20,7572.862991367,75,10.000000,mainnet,73,110.782695,12.015240,76.831878,252.081105,520.824102,856,0.085600000,0.921149595,26
regtest,20,7572.862991367,75,10.000000,mainnet,74,113.709382,12.205121,78.504705,263.475427,530.501207,890,0.089000000,0.918273646,172
regtest,20,7572.862991367,75,10.000000,mainnet,75,112.968179,12.105001,78.621677,256.557449,520.223682,834,0.083400000,0.923020122,52
regtest,20,7572.862991367,75,10.000000,mainnet,76,111.723598,11.272014,77.780574,256.891682,504.732891,839,0.083900000,0.922594335,138
regtest,20,7572.862991367,75,10.000000,mainnet,77,110.544497,11.356963,77.097704,254.296413,503.145659,853,0.085300000,0.921404220,52
regtest,20,7572.862991367,75,10.000000,mainnet,78,110.046124,11.683037,77.047614,251.118088,495.790151,838,0.083800000,0.922679461,48
regtest,20,7572.862991367,75,10.000000,mainnet,79,112.807082,12.625392,78.379532,259.639026,509.932916,895,0.089500000,0.917852226,171
regtest,20,7572.862991367,75,10.000000,mainnet,80,110.296191,11.231818,76.390506,256.254620,507.293561,851,0.085100000,0.921574048,17
regtest,20,7572.862991367,75,10.000000,mainnet,81,109.467355,11.188746,75.832857,251.485123,505.581330,837,0.083700000,0.922764603,23
regtest,20,7572.862991367,75,10.000000,mainnet,82,111.251143,11.740753,76.000249,258.627192,506.347217,832,0.083200000,0.923190547,21
regtest,20,7572.862991367,75,10.000000,mainnet,83,111.728911,12.551802,77.394080,256.340029,497.072262,866,0.086600000,0.920301859,136
regtest,20,7572.862991367,75,10.000000,mainnet,84,111.785866,11.326340,75.813496,256.731522,525.340384,840,0.084000000,0.922509225,20
regtest,20,7572.862991367,75,10.000000,mainnet,85,110.251654,11.744998,76.029348,252.931594,502.394702,899,0.089900000,0.917515368,179
regtest,20,7572.862991367,75,10.000000,mainnet,86,111.341552,11.615925,76.579486,257.192472,505.367491,870,0.087000000,0.919963201,26
regtest,20,7572.862991367,75,10.000000,mainnet,87,110.051373,11.559629,75.983599,252.870837,499.595092,891,0.089100000,0.918189331,58
regtest,20,7572.862991367,75,10.000000,mainnet,88,109.655292,11.827653,76.811844,251.102009,498.062725,849,0.084900000,0.921743940,22
regtest,20,7572.862991367,75,10.000000,mainnet,89,110.571278,11.333353,74.891816,260.369704,522.869781,837,0.083700000,0.922764603,17
regtest,20,7572.862991367,75,10.000000,mainnet,90,111.870712,11.835909,77.519822,256.994707,519.437719,852,0.085200000,0.921489126,49
regtest,20,7572.862991367,75,10.000000,mainnet,91,110.767333,11.535015,75.714320,256.747909,524.992962,845,0.084500000,0.922083910,21
regtest,20,7572.862991367,75,10.000000,mainnet,92,108.587649,11.247863,74.441045,250.695525,508.700097,850,0.085000000,0.921658986,17
regtest,20,7572.862991367,75,10.000000,mainnet,93,109.567483,11.511440,75.352161,254.252429,496.480949,830,0.083000000,0.923361034,73
regtest,20,7572.862991367,75,10.000000,mainnet,94,112.508712,11.945404,78.205033,257.439564,513.657234,856,0.085600000,0.921149595,25
regtest,20,7572.862991367,75,10.000000,mainnet,95,112.482475,11.936230,79.262996,257.309855,509.040943,826,0.082600000,0.923702198,109
regtest,20,7572.862991367,75,10.000000,mainnet,96,112.745337,10.984179,77.954930,258.475741,510.489441,881,0.088100000,0.919033177,31
regtest,20,7572.862991367,75,10.000000,mainnet,97,111.280578,11.566176,77.500490,255.229806,495.090301,868,0.086800000,0.920132499,23
regtest,20,7572.862991367,75,10.000000,mainnet,98,111.332566,11.685912,77.400520,256.425591,504.122786,829,0.082900000,0.923446302,128
regtest,20,7572.862991367,75,10.000000,mainnet,99,110.382971,11.337689,76.137732,256.183118,517.193469,892,0.089200000,0.918105031,23
regtest,20,7572.862991367,75,10.000000,mainnet,100,109.719386,11.946807,77.291745,248.489498,489.464993,902,0.090200000,0.917262888,30
regtest,40,7572.862991367,75,0.500000,mainnet,1,111.340126,11.855324,76.537166,257.052955,505.279822,37,0.003700000,0.996313640,29
regtest,40,7572.862991367,75,0.500000,mainnet,2,110.878591,11.833529,75.593310,257.389481,511.231028,42,0.004200000,0.995817566,93
regtest,40,7572.862991367,75,0.500000,mainnet,3,111.040034,11.658022,77.970791,256.699398,481.845004,38,0.003800000,0.996214385,17
regtest,40,7572.862991367,75,0.500000,mainnet,4,111.090951,11.886564,78.097307,255.938509,495.200169,43,0.004300000,0.995718411,65
regtest,40,7572.862991367,75,0.500000,mainnet,5,112.471546,11.613988,78.045714,256.000391,505.367796,45,0.004500000,0.995520159,25
regtest,40,7572.862991367,75,0.500000,mainnet,6,110.530642,11.494114,76.069131,255.566105,500.377630,44,0.004400000,0.995619275,40
regtest,40,7572.862991367,75,0.500000,mainnet,7,111.895962,12.201761,77.971321,256.746832,511.169179,27,0.002700000,0.997307270,34
regtest,40,7572.862991367,75,0.500000,mainnet,8,110.202438,11.394298,77.143408,252.162697,504.503432,46,0.004600000,0.995421063,17
regtest,40,7572.862991367,75,0.500000,mainnet,9,111.373834,11.980658,74.616567,260.169873,506.383838,42,0.004200000,0.995817566,36
regtest,40,7572.862991367,75,0.500000,mainnet,10,111.193277,11.285875,77.272853,253.612015,513.100648,39,0.003900000,0.996115151,23
regtest,40,7572.862991367,75,0.500000,mainnet,11,110.259782,11.687793,75.673273,253.089960,522.414490,53,0.005300000,0.994727942,101
regtest,40,7572.862991367,75,0.500000,mainnet,12,112.128933,11.403469,77.055477,262.005717,509.605637,43,0.004300000,0.995718411,26
regtest,40,7572.862991367,75,0.500000,mainnet,13,109.467304,11.162026,76.072318,252.299426,504.229564,52,0.005200000,0.994826900,99
regtest,40,7572.862991367,75,0.500000,mainnet,14,111.158402,12.126873,78.383760,255.705810,511.697844,46,0.004600000,0.995421063,27
regtest,40,7572.862991367,75,0.500000,mainnet,15,111.157052,12.074991,76.473031,253.633432,506.014386,57,0.005700000,0.994332306,27
regtest,40,7572.862991367,75,0.500000,mainnet,16,112.449176,11.771561,79.529963,261.011106,509.287303,38,0.003800000,0.996214385,18
regtest,40,7572.862991367,75,0.500000,mainnet,17,110.013224,11.647590,76.933950,252.044540,503.263523,50,0.005000000,0.995024876,88
regtest,40,7572.862991367,75,0.500000,mainnet,18,111.533191,11.188749,77.206340,257.156968,516.768203,33,0.003300000,0.996710854,48
regtest,40,7572.862991367,75,0.500000,mainnet,19,111.455723,11.825964,77.040428,256.823620,514.614791,35,0.003500000,0.996512207,35
regtest,40,7572.862991367,75,0.500000,mainnet,20,111.455490,12.000067,78.284515,252.300866,498.481363,46,0.004600000,0.995421063,161
regtest,40,7572.862991367,75,0.500000,mainnet,21,110.177512,11.293733,76.569408,253.489776,494.276164,53,0.005300000,0.994727942,165
regtest,40,7572.862991367,75,0.500000,mainnet,22,110.860720,11.971473,76.112553,257.605024,508.861868,34,0.003400000,0.996611521,17
regtest,40,7572.862991367,75,0.500000,mainnet,23,111.942597,12.445196,78.125660,257.824779,525.649951,32,0.003200000,0.996810207,17
regtest,40,7572.862991367,75,0.500000,mainnet,24,111.158862,11.681400,76.602336,257.828838,507.720083,55,0.005500000,0.994530085,83
regtest,40,7572.862991367,75,0.500000,mainnet,25,110.586830,11.394764,76.527631,254.257231,506.086199,46,0.004600000,0.995421063,76
regtest,40,7572.862991367,75,0.500000,mainnet,26,111.784379,11.888549,77.426481,258.142837,497.251500,42,0.004200000,0.995817566,17
regtest,40,7572.862991367,75,0.500000,mainnet,27,111.226594,11.451712,77.005524,256.702391,511.077219,44,0.004400000,0.995619275,17
regtest,40,7572.862991367,75,0.500000,mainnet,28,110.883360,11.449438,76.660244,257.189917,504.325279,39,0.003900000,0.996115151,123
regtest,40,7572.862991367,75,0.500000,mainnet,29,110.885971,11.677018,77.083400,257.586611,505.505867,50,0.005000000,0.995024876,132
regtest,40,7572.862991367,75,0.500000,mainnet,30,113.977063,11.776281,79.414022,260.235967,516.829416,43,0.004300000,0.995718411,85
regtest,40,7572.862991367,75,0.500000,mainnet,31,111.656493,11.837850,77.357568,262.493193,523.026536,46,0.004600000,0.995421063,94
regtest,40,7572.862991367,75,0.500000,mainnet,32,109.604337,11.240238,76.137317,254.695360,494.340587,52,0.005200000,0.994826900,80
regtest,40,7572.862991367,75,0.500000,mainnet,33,111.363345,12.311784,76.272655,257.342632,506.683508,39,0.003900000,0.996115151,18
regtest,40,7572.862991367,75,0.500000,mainnet,34,108.942276,11.485614,75.462265,249.099185,504.566066,40,0.004000000,0.996015936,19
regtest,40,7572.862991367,75,0.500000,mainnet,35,112.040496,11.988886,78.945318,256.843247,514.734293,44,0.004400000,0.995619275,23
regtest,40,7572.862991367,75,0.500000,mainnet,36,108.915493,11.451082,75.539342,248.650078,508.950414,48,0.004800000,0.995222930,33
regtest,40,7572.862991367,75,0.500000,mainnet,37,111.628229,11.798914,76.297596,257.890098,515.229434,39,0.003900000,0.996115151,46
regtest,40,7572.862991367,75,0.500000,mainnet,38,111.314934,11.081549,76.943579,259.004757,507.435136,40,0.004000000,0.996015936,106
regtest,40,7572.862991367,75,0.500000,mainnet,39,112.593506,12.185830,78.220310,259.427713,507.474581,39,0.003900000,0.996115151,43
regtest,40,7572.862991367,75,0.500000,mainnet,40,112.592106,12.229414,78.205271,257.695254,513.471774,49,0.004900000,0.995123893,288
regtest,40,7572.862991367,75,0.500000,mainnet,41,110.379832,11.938020,77.132325,251.005502,524.709672,52,0.005200000,0.994826900,36
regtest,40,7572.862991367,75,0.500000,mainnet,42,112.711798,11.954452,77.895298,258.422735,524.182724,51,0.005100000,0.994925878,21
regtest,40,7572.862991367,75,0.500000,mainnet,43,110.352601,11.642129,77.024469,256.758183,491.965369,46,0.004600000,0.995421063,55
regtest,40,7572.862991367,75,0.500000,mainnet,44,111.604262,11.947465,77.629521,255.675642,526.046920,44,0.004400000,0.995619275,109
regtest,40,7572.862991367,75,0.500000,mainnet,45,110.550079,11.537100,76.209946,257.377327,517.529276,44,0.004400000,0.995619275,23
regtest,40,7572.862991367,75,0.500000,mainnet,46,111.545151,11.075410,76.698206,256.091217,535.909339,49,0.004900000,0.995123893,18
regtest,40,7572.862991367,75,0.500000,mainnet,47,110.652719,11.741031,75.512381,258.734777,509.444686,59,0.005900000,0.994134606,68
regtest,40,7572.862991367,75,0.500000,mainnet,48,111.619844,11.665050,77.197248,257.367779,513.899485,55,0.005500000,0.994530085,38
regtest,40,7572.862991367,75,0.500000,mainnet,49,113.593363,12.143455,79.106197,259.382636,524.722344,42,0.004200000,0.995817566,71
regtest,40,7572.862991367,75,0.500000,mainnet,50,110.592700,11.159970,76.136482,256.041509,512.748621,38,0.003800000,0.996214385,35
regtest,40,7572.862991367,75,0.500000,mainnet,51,111.872554,11.975365,76.735547,257.058646,536.080288,53,0.005300000,0.994727942,17
regtest,40,7572.862991367,75,0.500000,mainnet,52,110.627696,11.660747,76.365382,254.495922,513.373190,38,0.003800000,0.996214385,17
regtest,40,7572.862991367,75,0.500000,mainnet,53,111.786635,11.853406,76.602747,258.053144,511.693346,45,0.004500000,0.995520159,64
regtest,40,7572.862991367,75,0.500000,mainnet,54,111.399279,11.593548,77.923818,253.180957,513.178869,44,0.004400000,0.995619275,90
regtest,40,7572.862991367,75,0.500000,mainnet,55,110.554164,11.652620,77.754891,251.206027,520.519064,43,0.004300000,0.995718411,21
regtest,40,7572.862991367,75,0.500000,mainnet,56,111.973550,11.996085,77.952658,259.259097,505.821188,45,0.004500000,0.995520159,46
regtest,40,7572.862991367,75,0.500000,mainnet,57,110.636288,12.169269,77.077747,254.520745,513.175321,44,0.004400000,0.995619275,48
regtest,40,7572.862991367,75,0.500000,mainnet,58,111.027744,12.199791,77.353429,256.859289,509.732167,48,0.004800000,0.995222930,18
regtest,40,7572.862991367,75,0.500000,mainnet,59,110.055755,11.193629,77.091011,250.119255,513.215604,48,0.004800000,0.995222930,36
regtest,40,7572.862991367,75,0.500000,mainnet,60,111.723834,12.307685,77.227406,259.706719,491.646061,38,0.003800000,0.996214385,82
regtest,40,7572.862991367,75,0.500000,mainnet,61,111.815062,12.709146,78.015257,260.168257,497.795847,43,0.004300000,0.995718411,18
regtest,40,7572.862991367,75,0.500000,mainnet,62,111.269456,11.655841,78.507795,253.299609,516.210029,43,0.004300000,0.995718411,17
regtest,40,7572.862991367,75,0.500000,mainnet,63,110.098466,11.044709,76.248247,252.949072,500.847092,46,0.004600000,0.995421063,48
regtest,40,7572.862991367,75,0.500000,mainnet,64,112.542549,11.788016,78.436463,258.694952,517.780296,46,0.004600000,0.995421063,97
regtest,40,7572.862991367,75,0.500000,mainnet,65,109.140916,11.238273,75.477494,250.791704,514.825752,39,0.003900000,0.996115151,89
regtest,40,7572.862991367,75,0.500000,mainnet,66,111.100519,11.873918,76.760652,257.943139,499.588862,52,0.005200000,0.994826900,21
regtest,40,7572.862991367,75,0.500000,mainnet,67,113.046023,11.747234,78.325622,258.713861,520.018682,45,0.004500000,0.995520159,63
regtest,40,7572.862991367,75,0.500000,mainnet,68,112.758120,11.773407,78.383808,263.193018,511.611833,36,0.003600000,0.996412914,57
regtest,40,7572.862991367,75,0.500000,mainnet,69,111.352840,11.795079,77.764712,258.289349,516.283397,47,0.004700000,0.995321987,370
regtest,40,7572.862991367,75,0.500000,mainnet,70,111.735223,12.109582,75.633694,258.531510,529.539740,41,0.004100000,0.995916741,26
regtest,40,7572.862991367,75,0.500000,mainnet,71,111.015613,11.750518,75.852804,257.531598,510.429012,49,0.004900000,0.995123893,19
regtest,40,7572.862991367,75,0.500000,mainnet,72,110.241826,11.540088,76.408150,255.089658,501.249869,53,0.005300000,0.994727942,36
regtest,40,7572.862991367,75,0.500000,mainnet,73,111.867889,11.823402,77.116842,253.518534,527.228596,54,0.005400000,0.994629003,54
regtest,40,7572.862991367,75,0.500000,mainnet,74,113.004057,12.448344,77.235148,264.744792,512.087667,42,0.004200000,0.995817566,65
regtest,40,7572.862991367,75,0.500000,mainnet,75,112.602670,11.499843,77.086239,257.381439,535.909898,40,0.004000000,0.996015936,65
regtest,40,7572.862991367,75,0.500000,mainnet,76,111.261788,11.961463,75.969484,257.438568,504.483173,43,0.004300000,0.995718411,61
regtest,40,7572.862991367,75,0.500000,mainnet,77,111.433832,11.356963,77.929653,257.892023,502.010260,56,0.005600000,0.994431185,36
regtest,40,7572.862991367,75,0.500000,mainnet,78,110.157981,11.208442,76.734960,255.066970,500.637907,36,0.003600000,0.996412914,111
regtest,40,7572.862991367,75,0.500000,mainnet,79,112.754273,12.493363,79.045192,257.208948,522.166246,56,0.005600000,0.994431185,22
regtest,40,7572.862991367,75,0.500000,mainnet,80,110.627234,11.469992,75.994190,257.026839,529.280353,43,0.004300000,0.995718411,37
regtest,40,7572.862991367,75,0.500000,mainnet,81,112.481479,11.768037,79.224181,255.613973,525.720986,49,0.004900000,0.995123893,23
regtest,40,7572.862991367,75,0.500000,mainnet,82,111.238709,12.045471,77.140212,258.310969,510.781061,46,0.004600000,0.995421063,22
regtest,40,7572.862991367,75,0.500000,mainnet,83,112.264630,11.997427,78.010993,258.924586,512.326093,59,0.005900000,0.994134606,36
regtest,40,7572.862991367,75,0.500000,mainnet,84,112.465176,11.396669,78.278025,258.434931,516.688736,42,0.004200000,0.995817566,29
regtest,40,7572.862991367,75,0.500000,mainnet,85,111.588348,11.863645,76.386921,256.071480,503.156724,44,0.004400000,0.995619275,17
regtest,40,7572.862991367,75,0.500000,mainnet,86,112.036760,11.779783,77.549933,258.921315,507.486206,46,0.004600000,0.995421063,23
regtest,40,7572.862991367,75,0.500000,mainnet,87,110.678851,11.515314,77.141777,252.661092,494.954550,68,0.006800000,0.993245928,165
regtest,40,7572.862991367,75,0.500000,mainnet,88,108.976315,12.010747,77.631891,248.755050,495.349254,38,0.003800000,0.996214385,17
regtest,40,7572.862991367,75,0.500000,mainnet,89,111.468167,11.932956,76.757795,261.073485,514.335763,52,0.005200000,0.994826900,17
regtest,40,7572.862991367,75,0.500000,mainnet,90,111.965167,12.068865,77.383924,261.654793,519.238210,41,0.004100000,0.995916741,18
regtest,40,7572.862991367,75,0.500000,mainnet,91,110.495505,11.284357,76.342848,259.075205,513.066612,32,0.003200000,0.996810207,18
regtest,40,7572.862991367,75,0.500000,mainnet,92,109.908433,11.480366,74.259450,256.126309,512.785062,37,0.003700000,0.996313640,19
regtest,40,7572.862991367,75,0.500000,mainnet,93,108.991768,11.421667,74.462157,251.241942,523.153460,42,0.004200000,0.995817566,30
regtest,40,7572.862991367,75,0.500000,mainnet,94,112.706307,12.314123,77.979212,259.038511,503.543950,49,0.004900000,0.995123893,25
regtest,40,7572.862991367,75,0.500000,mainnet,95,111.449368,11.902813,78.616173,255.860169,511.284588,31,0.003100000,0.996909580,26
regtest,40,7572.862991367,75,0.500000,mainnet,96,111.473869,11.164231,76.288765,258.052829,513.840098,34,0.003400000,0.996611521,58
regtest,40,7572.862991367,75,0.500000,mainnet,97,111.567058,11.609411,79.368413,257.826451,507.601484,38,0.003800000,0.996214385,23
regtest,40,7572.862991367,75,0.500000,mainnet,98,110.857097,11.449529,77.607048,254.221106,498.949032,49,0.004900000,0.995123893,136
regtest,40,7572.862991367,75,0.500000,mainnet,99,111.533791,11.356148,75.593939,261.876260,524.892295,50,0.005000000,0.995024876,24
regtest,40,7572.862991367,75,0.500000,mainnet,100,111.294635,12.037979,76.619790,254.756105,527.522929,32,0.003200000,0.996810207,79
regtest,40,7572.862991367,75,1.000000,mainnet,1,112.161403,12.039145,77.908333,255.555991,511.523421,91,0.009100000,0.990982063,29
regtest,40,7572.862991367,75,1.000000,mainnet,2,110.017457,11.714108,75.625275,253.920403,505.679444,80,0.008000000,0.992063492,92
regtest,40,7572.862991367,75,1.000000,mainnet,3,111.135893,11.655697,77.975503,256.183641,480.710131,86,0.008600000,0.991473329,17
regtest,40,7572.862991367,75,1.000000,mainnet,4,110.424196,11.971273,77.526207,254.011042,487.982777,94,0.009400000,0.990687537,65
regtest,40,7572.862991367,75,1.000000,mainnet,5,112.948207,11.582506,78.326159,256.906178,517.434959,81,0.008100000,0.991965083,25
regtest,40,7572.862991367,75,1.000000,mainnet,6,110.263106,11.463629,75.873766,256.769011,493.946798,77,0.007700000,0.992358837,40
regtest,40,7572.862991367,75,1.000000,mainnet,7,111.047857,11.986310,77.445184,254.568246,508.534611,94,0.009400000,0.990687537,34
regtest,40,7572.862991367,75,1.000000,mainnet,8,110.432347,11.413336,77.386850,252.136350,507.227503,85,0.008500000,0.991571641,17
regtest,40,7572.862991367,75,1.000000,mainnet,9,110.629658,11.711491,74.083918,258.794562,518.152897,83,0.008300000,0.991768323,36
regtest,40,7572.862991367,75,1.000000,mainnet,10,110.456720,11.270879,76.330115,254.933500,509.384090,90,0.009000000,0.991080278,39
regtest,40,7572.862991367,75,1.000000,mainnet,11,110.789556,11.894049,76.233736,254.419301,516.115011,105,0.010500000,0.989609104,101
regtest,40,7572.862991367,75,1.000000,mainnet,12,111.828670,11.566188,76.621643,261.831210,503.740217,80,0.008000000,0.992063492,26
regtest,40,7572.862991367,75,1.000000,mainnet,13,109.624768,11.376061,76.459779,252.467260,505.028968,82,0.008200000,0.991866693,99
regtest,40,7572.862991367,75,1.000000,mainnet,14,111.814925,12.278535,79.507166,256.552051,512.666577,72,0.007200000,0.992851469,27
regtest,40,7572.862991367,75,1.000000,mainnet,15,111.081961,12.083051,76.723866,252.319531,523.399529,106,0.010600000,0.989511181,27
regtest,40,7572.862991367,75,1.000000,mainnet,16,110.790855,11.697602,77.885312,258.189572,507.032231,87,0.008700000,0.991375037,18
regtest,40,7572.862991367,75,1.000000,mainnet,17,110.875300,11.664906,77.567786,254.414170,512.749481,90,0.009000000,0.991080278,88
regtest,40,7572.862991367,75,1.000000,mainnet,18,111.677996,11.263934,77.191105,260.032269,516.768203,95,0.009500000,0.990589401,48
regtest,40,7572.862991367,75,1.000000,mainnet,19,111.847655,12.276899,77.200026,257.185229,516.062460,85,0.008500000,0.991571641,56
regtest,40,7572.862991367,75,1.000000,mainnet,20,111.072715,12.097916,78.152438,251.411736,500.030914,81,0.008100000,0.991965083,161
regtest,40,7572.862991367,75,1.000000,mainnet,21,109.701565,11.297166,76.600169,250.447933,494.232298,109,0.010900000,0.989217529,165
regtest,40,7572.862991367,75,1.000000,mainnet,22,110.703532,11.955489,76.366651,256.639531,507.812361,90,0.009000000,0.991080278,17
regtest,40,7572.862991367,75,1.000000,mainnet,23,111.161012,12.494021,77.555786,256.687294,514.112094,70,0.007000000,0.993048659,17
regtest,40,7572.862991367,75,1.000000,mainnet,24,111.701420,11.676087,77.156475,259.181708,509.788369,78,0.007800000,0.992260369,83
regtest,40,7572.862991367,75,1.000000,mainnet,25,110.421256,11.160158,76.844991,253.666747,497.846056,89,0.008900000,0.991178511,33
regtest,40,7572.862991367,75,1.000000,mainnet,26,112.051971,12.096930,76.968040,259.325372,500.239251,74,0.007400000,0.992654358,17
regtest,40,7572.862991367,75,1.000000,mainnet,27,111.800470,11.356602,77.971448,258.772985,508.142065,85,0.008500000,0.991571641,17
regtest,40,7572.862991367,75,1.000000,mainnet,28,111.136474,11.227344,76.649612,257.970037,504.325279,88,0.008800000,0.991276764,213
regtest,40,7572.862991367,75,1.000000,mainnet,29,111.533575,11.888595,77.746613,257.871748,506.461089,85,0.008500000,0.991571641,132
regtest,40,7572.862991367,75,1.000000,mainnet,30,113.353883,11.714643,78.738588,260.235967,520.718511,82,0.008200000,0.991866693,85
regtest,40,7572.862991367,75,1.000000,mainnet,31,110.543600,11.170708,76.133779,259.038924,523.027285,105,0.010500000,0.989609104,94
regtest,40,7572.862991367,75,1.000000,mainnet,32,109.376754,11.287004,76.239023,253.476559,489.965347,87,0.008700000,0.991375037,80
regtest,40,7572.862991367,75,1.000000,mainnet,33,110.973900,12.269954,76.178052,255.144389,504.132959,74,0.007400000,0.992654358,18
regtest,40,7572.862991367,75,1.000000,mainnet,34,109.961491,11.461573,76.451269,250.515425,509.614170,80,0.008000000,0.992063492,19
regtest,40,7572.862991367,75,1.000000,mainnet,35,111.522233,11.909353,78.333235,254.274962,515.566273,86,0.008600000,0.991473329,23
regtest,40,7572.862991367,75,1.000000,mainnet,36,108.816482,11.206437,75.036266,249.093407,507.518881,75,0.007500000,0.992555831,33
regtest,40,7572.862991367,75,1.000000,mainnet,37,111.426497,11.655185,75.714138,256.268556,503.661601,89,0.008900000,0.991178511,46
regtest,40,7572.862991367,75,1.000000,mainnet,38,110.861444,11.143713,76.369569,258.721557,507.630837,75,0.007500000,0.992555831,106
regtest,40,7572.862991367,75,1.000000,mainnet,39,112.170028,12.024124,77.837257,257.885464,510.967087,83,0.008300000,0.991768323,112
regtest,40,7572.862991367,75,1.000000,mainnet,40,112.543648,12.300594,78.702551,254.686896,519.005095,91,0.009100000,0.990982063,285
regtest,40,7572.862991367,75,1.000000,mainnet,41,110.590960,11.706804,77.061541,250.405442,533.792294,90,0.009000000,0.991080278,36
regtest,40,7572.862991367,75,1.000000,mainnet,42,112.363590,12.111124,77.319350,255.657325,523.558429,98,0.009800000,0.990295108,21
regtest,40,7572.862991367,75,1.000000,mainnet,43,109.960362,11.632330,76.895084,256.072328,486.335234,87,0.008700000,0.991375037,55
regtest,40,7572.862991367,75,1.000000,mainnet,44,111.733285,11.961500,77.933563,258.031723,513.058361,75,0.007500000,0.992555831,109
regtest,40,7572.862991367,75,1.000000,mainnet,45,110.988101,11.623456,76.184478,260.539906,520.701757,97,0.009700000,0.990393186,23
regtest,40,7572.862991367,75,1.000000,mainnet,46,111.550331,11.321838,76.824872,257.025784,529.374616,85,0.008500000,0.991571641,18
regtest,40,7572.862991367,75,1.000000,mainnet,47,110.930225,11.585554,75.886724,258.337867,514.863086,108,0.010800000,0.989315394,30
regtest,40,7572.862991367,75,1.000000,mainnet,48,112.031985,11.817355,77.291995,257.438794,521.365818,94,0.009400000,0.990687537,37
regtest,40,7572.862991367,75,1.000000,mainnet,49,114.308380,12.511949,79.869197,261.692801,524.706360,79,0.007900000,0.992161921,71
regtest,40,7572.862991367,75,1.000000,mainnet,50,111.582850,11.618831,76.232430,259.586554,515.922683,102,0.010200000,0.989902990,35
regtest,40,7572.862991367,75,1.000000,mainnet,51,112.689503,12.240415,76.958970,257.404909,542.030752,99,0.009900000,0.990197049,17
regtest,40,7572.862991367,75,1.000000,mainnet,52,110.661059,11.479942,75.841489,256.747353,517.311930,81,0.008100000,0.991965083,17
regtest,40,7572.862991367,75,1.000000,mainnet,53,111.432063,11.853406,77.021169,257.063332,503.404809,90,0.009000000,0.991080278,64
regtest,40,7572.862991367,75,1.000000,mainnet,54,112.095869,11.498941,78.116252,256.927557,526.576095,85,0.008500000,0.991571641,90
regtest,40,7572.862991367,75,1.000000,mainnet,55,111.965901,11.831570,78.456405,255.943492,522.748430,105,0.010500000,0.989609104,21
regtest,40,7572.862991367,75,1.000000,mainnet,56,111.179781,11.833932,77.674155,257.361873,501.744786,91,0.009100000,0.990982063,46
regtest,40,7572.862991367,75,1.000000,mainnet,57,112.080794,12.489354,77.329926,260.555157,521.691217,87,0.008700000,0.991375037,48
regtest,40,7572.862991367,75,1.000000,mainnet,58,110.730391,12.056276,76.882564,256.470725,510.418055,86,0.008600000,0.991473329,18
regtest,40,7572.862991367,75,1.000000,mainnet,59,110.829363,11.510372,77.249069,253.032165,517.501551,114,0.011400000,0.988728495,36
regtest,40,7572.862991367,75,1.000000,mainnet,60,112.152801,12.497873,77.066418,262.643272,501.483934,83,0.008300000,0.991768323,82
regtest,40,7572.862991367,75,1.000000,mainnet,61,111.845212,12.582382,78.127276,258.723252,500.614706,84,0.008400000,0.991669972,18
regtest,40,7572.862991367,75,1.000000,mainnet,62,111.069535,11.910688,78.316663,252.901220,516.210029,86,0.008600000,0.991473329,17
regtest,40,7572.862991367,75,1.000000,mainnet,63,111.765526,11.580291,78.023702,254.585833,510.020624,92,0.009200000,0.990883868,48
regtest,40,7572.862991367,75,1.000000,mainnet,64,111.483515,11.771753,77.524761,256.925045,504.055421,86,0.008600000,0.991473329,97
regtest,40,7572.862991367,75,1.000000,mainnet,65,109.900514,11.456755,75.760585,250.429480,514.825752,90,0.009000000,0.991080278,95
regtest,40,7572.862991367,75,1.000000,mainnet,66,111.883757,11.630511,76.984267,259.478168,511.066713,93,0.009300000,0.990785693,21
regtest,40,7572.862991367,75,1.000000,mainnet,67,112.522610,11.482157,77.761439,257.027536,523.638207,85,0.008500000,0.991571641,63
regtest,40,7572.862991367,75,1.000000,mainnet,68,112.112761,11.973939,78.508285,260.897469,506.372647,92,0.009200000,0.990883868,57
regtest,40,7572.862991367,75,1.000000,mainnet,69,111.599911,11.623549,77.951334,259.802881,511.484008,93,0.009300000,0.990785693,128
regtest,40,7572.862991367,75,1.000000,mainnet,70,112.011635,12.091741,75.658905,258.681107,537.878391,75,0.007500000,0.992555831,26
regtest,40,7572.862991367,75,1.000000,mainnet,71,111.088865,11.579857,75.757475,258.460405,515.004200,96,0.009600000,0.990491284,19
regtest,40,7572.862991367,75,1.000000,mainnet,72,110.100400,11.266524,76.201041,256.590263,499.333693,88,0.008800000,0.991276764,36
regtest,40,7572.862991367,75,1.000000,mainnet,73,111.693004,11.749247,76.505167,255.502849,519.683100,91,0.009100000,0.990982063,54
regtest,40,7572.862991367,75,1.000000,mainnet,74,112.851225,12.539257,77.305454,261.010224,521.578021,87,0.008700000,0.991375037,65
regtest,40,7572.862991367,75,1.000000,mainnet,75,112.217704,11.655529,76.372504,256.826173,542.341993,91,0.009100000,0.990982063,66
regtest,40,7572.862991367,75,1.000000,mainnet,76,111.262702,12.066182,76.200249,257.377015,507.716980,80,0.008000000,0.992063492,61
regtest,40,7572.862991367,75,1.000000,mainnet,77,111.442064,11.121203,78.232609,255.227909,504.710498,115,0.011500000,0.988630746,36
regtest,40,7572.862991367,75,1.000000,mainnet,78,110.247100,11.372207,76.786558,253.535343,502.111723,73,0.007300000,0.992752904,111
regtest,40,7572.862991367,75,1.000000,mainnet,79,112.743978,12.456437,79.045192,257.361521,522.077061,88,0.008800000,0.991276764,22
regtest,40,7572.862991367,75,1.000000,mainnet,80,111.503000,11.768375,76.385477,259.784568,523.969533,89,0.008900000,0.991178511,37
regtest,40,7572.862991367,75,1.000000,mainnet,81,113.206244,11.821039,79.527749,259.818239,535.149848,91,0.009100000,0.990982063,23
regtest,40,7572.862991367,75,1.000000,mainnet,82,111.330619,11.857979,77.408583,256.945639,510.801331,98,0.009800000,0.990295108,22
regtest,40,7572.862991367,75,1.000000,mainnet,83,112.711621,12.087469,78.076124,260.332468,512.610181,105,0.010500000,0.989609104,36
regtest,40,7572.862991367,75,1.000000,mainnet,84,111.961959,11.542842,77.381877,257.314027,521.443116,85,0.008500000,0.991571641,29
regtest,40,7572.862991367,75,1.000000,mainnet,85,111.770885,11.843143,77.053686,256.025791,506.641222,94,0.009400000,0.990687537,17
regtest,40,7572.862991367,75,1.000000,mainnet,86,111.569361,11.546563,76.677396,259.901219,505.367491,95,0.009500000,0.990589401,23
regtest,40,7572.862991367,75,1.000000,mainnet,87,111.901351,11.654052,77.655836,255.062303,515.296791,113,0.011300000,0.988826263,165
regtest,40,7572.862991367,75,1.000000,mainnet,88,109.349219,11.687299,77.488236,251.086053,495.349254,89,0.008900000,0.991178511,85
regtest,40,7572.862991367,75,1.000000,mainnet,89,111.200626,11.913486,77.178686,260.560882,510.365486,113,0.011300000,0.988826263,17
regtest,40,7572.862991367,75,1.000000,mainnet,90,111.799884,12.184849,77.843802,259.698224,498.240718,103,0.010300000,0.989805008,20
regtest,40,7572.862991367,75,1.000000,mainnet,91,110.909078,11.199457,76.889701,258.572631,511.719975,93,0.009300000,0.990785693,18
regtest,40,7572.862991367,75,1.000000,mainnet,92,110.976301,11.683314,75.389552,260.061447,511.433602,84,0.008400000,0.991669972,19
regtest,40,7572.862991367,75,1.000000,mainnet,93,108.563718,11.644055,74.023175,250.840614,512.269139,80,0.008000000,0.992063492,30
regtest,40,7572.862991367,75,1.000000,mainnet,94,112.431889,12.371279,78.472980,258.006608,505.589600,89,0.008900000,0.991178511,25
regtest,40,7572.862991367,75,1.000000,mainnet,95,111.230464,12.029121,78.161948,256.020162,507.573732,85,0.008500000,0.991571641,26
regtest,40,7572.862991367,75,1.000000,mainnet,96,111.793453,11.164231,76.138550,259.316738,519.385416,80,0.008000000,0.992063492,99
regtest,40,7572.862991367,75,1.000000,mainnet,97,110.916510,11.733933,78.514962,255.631765,507.601484,86,0.008600000,0.991473329,23
regtest,40,7572.862991367,75,1.000000,mainnet,98,110.776577,11.436243,76.777331,255.450051,502.326878,91,0.009100000,0.990982063,136
regtest,40,7572.862991367,75,1.000000,mainnet,99,111.219110,11.523283,75.524482,261.524020,524.550354,97,0.009700000,0.990393186,55
regtest,40,7572.862991367,75,1.000000,mainnet,100,111.302006,12.058648,76.391138,255.015350,526.996242,85,0.008500000,0.991571641,79
regtest,40,7572.862991367,75,2.000000,mainnet,1,110.985810,11.712481,77.592325,252.487605,509.441402,174,0.017400000,0.982897582,29
regtest,40,7572.862991367,75,2.000000,mainnet,2,110.451550,11.664479,76.295271,256.046560,504.765032,154,0.015400000,0.984833563,90
regtest,40,7572.862991367,75,2.000000,mainnet,3,110.704118,11.581610,77.371219,253.291048,485.057997,169,0.016900000,0.983380863,17
regtest,40,7572.862991367,75,2.000000,mainnet,4,111.809133,12.308916,77.103235,258.549845,499.518614,187,0.018700000,0.981643271,65
regtest,40,7572.862991367,75,2.000000,mainnet,5,112.661488,11.819990,78.764796,255.826061,510.521147,178,0.017800000,0.982511299,36
regtest,40,7572.862991367,75,2.000000,mainnet,6,110.499101,11.366110,75.244744,256.939931,494.909444,164,0.016400000,0.983864620,40
regtest,40,7572.862991367,75,2.000000,mainnet,7,112.171120,12.042191,78.599569,256.811513,510.363389,174,0.017400000,0.982897582,34
regtest,40,7572.862991367,75,2.000000,mainnet,8,110.138758,11.280504,77.758484,251.850350,507.227503,176,0.017600000,0.982704403,17
regtest,40,7572.862991367,75,2.000000,mainnet,9,110.431718,11.567653,74.805696,256.713097,500.131172,177,0.017700000,0.982607841,36
regtest,40,7572.862991367,75,2.000000,mainnet,10,111.314443,11.712505,77.813182,257.959895,505.691517,159,0.015900000,0.984348853,39
regtest,40,7572.862991367,75,2.000000,mainnet,11,110.316832,11.603585,75.498593,254.448995,516.115011,198,0.019800000,0.980584428,101
regtest,40,7572.862991367,75,2.000000,mainnet,12,111.405531,11.330691,76.669402,261.340553,503.150681,155,0.015500000,0.984736583,32
regtest,40,7572.862991367,75,2.000000,mainnet,13,109.634273,11.590071,76.976234,251.482564,506.567237,192,0.019200000,0.981161695,99
regtest,40,7572.862991367,75,2.000000,mainnet,14,112.071213,12.276638,79.536328,257.393965,514.812360,152,0.015200000,0.985027581,27
regtest,40,7572.862991367,75,2.000000,mainnet,15,110.210768,11.923746,75.691245,251.310938,503.920569,176,0.017600000,0.982704403,27
regtest,40,7572.862991367,75,2.000000,mainnet,16,110.256086,11.655536,77.938977,255.603454,510.268774,183,0.018300000,0.982028872,18
regtest,40,7572.862991367,75,2.000000,mainnet,17,111.306169,11.621111,77.585940,255.911950,510.463290,177,0.017700000,0.982607841,88
regtest,40,7572.862991367,75,2.000000,mainnet,18,112.167436,11.024877,77.577751,260.307508,513.356301,182,0.018200000,0.982125319,48
regtest,40,7572.862991367,75,2.000000,mainnet,19,111.717925,12.050339,78.005092,257.449059,498.210780,182,0.018200000,0.982125319,56
regtest,40,7572.862991367,75,2.000000,mainnet,20,110.636384,12.022837,77.008542,252.831356,500.843891,163,0.016300000,0.983961429,161
regtest,40,7572.862991367,75,2.000000,mainnet,21,109.943339,11.375973,77.710428,251.902103,496.619379,200,0.020000000,0.980392157,217
regtest,40,7572.862991367,75,2.000000,mainnet,22,109.791143,11.356452,75.293166,256.777085,505.942231,178,0.017800000,0.982511299,53
regtest,40,7572.862991367,75,2.000000,mainnet,23,110.914475,11.860369,76.590305,256.687294,523.907929,156,0.015600000,0.984639622,17
regtest,40,7572.862991367,75,2.000000,mainnet,24,112.459750,11.820163,78.722491,259.999493,510.542932,186,0.018600000,0.981739643,83
regtest,40,7572.862991367,75,2.000000,mainnet,25,110.165074,10.934816,76.411890,251.766128,506.086199,164,0.016400000,0.983864620,32
regtest,40,7572.862991367,75,2.000000,mainnet,26,111.635070,12.067241,77.204309,260.161484,496.452037,142,0.014200000,0.985998817,17
regtest,40,7572.862991367,75,2.000000,mainnet,27,111.806066,11.358993,78.103231,257.633243,511.757231,175,0.017500000,0.982800983,17
regtest,40,7572.862991367,75,2.000000,mainnet,28,111.254593,11.367563,76.477568,260.483696,509.766052,182,0.018200000,0.982125319,229
regtest,40,7572.862991367,75,2.000000,mainnet,29,111.974181,11.614919,77.845888,259.749567,511.830356,181,0.018100000,0.982221786,131
regtest,40,7572.862991367,75,2.000000,mainnet,30,112.263844,11.544342,78.528570,256.927462,504.202760,172,0.017200000,0.983090838,85
regtest,40,7572.862991367,75,2.000000,mainnet,31,110.826966,11.645417,76.853615,257.029837,519.361464,184,0.018400000,0.981932443,94
regtest,40,7572.862991367,75,2.000000,mainnet,32,110.108594,11.378714,77.013293,254.535883,502.043783,172,0.017200000,0.983090838,80
regtest,40,7572.862991367,75,2.000000,mainnet,33,110.785105,12.164366,76.884866,253.919405,497.628570,171,0.017100000,0.983187494,18
regtest,40,7572.862991367,75,2.000000,mainnet,34,109.895836,11.682982,76.093420,249.626083,511.479344,175,0.017500000,0.982800983,19
regtest,40,7572.862991367,75,2.000000,mainnet,35,110.643032,12.129515,78.188276,251.751925,510.588128,177,0.017700000,0.982607841,23
regtest,40,7572.862991367,75,2.000000,mainnet,36,109.076971,11.078306,75.659656,250.638325,505.556290,156,0.015600000,0.984639622,33
regtest,40,7572.862991367,75,2.000000,mainnet,37,112.427343,11.652140,75.781707,259.650415,509.603286,170,0.017000000,0.983284169,67
regtest,40,7572.862991367,75,2.000000,mainnet,38,110.857685,11.042976,75.223761,259.393809,515.442697,161,0.016100000,0.984155103,65
regtest,40,7572.862991367,75,2.000000,mainnet,39,111.910869,12.127009,78.220310,258.268204,502.436320,155,0.015500000,0.984736583,112
regtest,40,7572.862991367,75,2.000000,mainnet,40,113.122786,12.342248,79.268547,257.578636,522.446342,193,0.019300000,0.981065437,251
regtest,40,7572.862991367,75,2.000000,mainnet,41,109.600041,11.730151,76.369727,248.956899,527.785590,171,0.017100000,0.983187494,36
regtest,40,7572.862991367,75,2.000000,mainnet,42,112.820634,12.336890,78.525015,257.216064,521.633020,182,0.018200000,0.982125319,21
regtest,40,7572.862991367,75,2.000000,mainnet,43,109.934074,11.404112,75.845700,257.199699,490.253858,173,0.017300000,0.982994200,55
regtest,40,7572.862991367,75,2.000000,mainnet,44,110.757631,12.011304,77.503934,255.701389,507.329478,166,0.016600000,0.983671060,110
regtest,40,7572.862991367,75,2.000000,mainnet,45,110.403883,11.737133,76.167215,256.184038,517.372262,199,0.019900000,0.980488283,23
regtest,40,7572.862991367,75,2.000000,mainnet,46,110.743223,11.437522,77.057273,255.189940,511.454900,189,0.018900000,0.981450584,18
regtest,40,7572.862991367,75,2.000000,mainnet,47,110.981784,11.502846,75.763616,257.306746,514.863086,182,0.018200000,0.982125319,30
regtest,40,7572.862991367,75,2.000000,mainnet,48,111.160049,11.791135,77.444056,254.414169,513.899485,180,0.018000000,0.982318271,37
regtest,40,7572.862991367,75,2.000000,mainnet,49,113.474028,12.142838,79.081750,261.064259,514.468726,176,0.017600000,0.982704403,71
regtest,40,7572.862991367,75,2.000000,mainnet,50,111.562837,11.466475,75.706760,260.522426,520.972675,196,0.019600000,0.980776775,35
regtest,40,7572.862991367,75,2.000000,mainnet,51,112.921028,12.159512,77.156893,257.253207,539.229397,180,0.018000000,0.982318271,42
regtest,40,7572.862991367,75,2.000000,mainnet,52,110.163440,11.453322,75.638206,254.593095,516.316378,173,0.017300000,0.982994200,17
regtest,40,7572.862991367,75,2.000000,mainnet,53,112.149791,12.020367,78.441000,257.724314,508.721340,169,0.016900000,0.983380863,64
regtest,40,7572.862991367,75,2.000000,mainnet,54,112.688978,11.143005,77.195275,260.268637,538.231058,163,0.016300000,0.983961429,90
regtest,40,7572.862991367,75,2.000000,mainnet,55,111.575298,11.480787,78.172488,255.508850,520.519064,194,0.019400000,0.980969198,21
regtest,40,7572.862991367,75,2.000000,mainnet,56,110.188220,11.942391,76.922443,255.655091,485.377801,179,0.017900000,0.982414776,46
regtest,40,7572.862991367,75,2.000000,mainnet,57,110.938439,12.198303,76.724412,258.185349,513.175321,170,0.017000000,0.983284169,48
regtest,40,7572.862991367,75,2.000000,mainnet,58,110.784961,11.907620,76.818342,258.050180,506.276946,164,0.016400000,0.983864620,18
regtest,40,7572.862991367,75,2.000000,mainnet,59,111.411737,11.529619,77.500812,255.805530,524.663386,181,0.018100000,0.982221786,36
regtest,40,7572.862991367,75,2.000000,mainnet,60,111.942552,12.600556,77.278087,260.039586,503.865875,165,0.016500000,0.983767831,82
regtest,40,7572.862991367,75,2.000000,mainnet,61,110.807408,12.410026,76.514433,257.958370,504.497690,168,0.016800000,0.983477577,18
regtest,40,7572.862991367,75,2.000000,mainnet,62,110.464847,11.908736,78.016282,252.770240,512.112304,175,0.017500000,0.982800983,17
regtest,40,7572.862991367,75,2.000000,mainnet,63,111.092070,11.469249,76.502814,255.080586,503.931704,182,0.018200000,0.982125319,23
regtest,40,7572.862991367,75,2.000000,mainnet,64,111.670491,11.320131,77.697329,253.960894,513.069338,182,0.018200000,0.982125319,133
regtest,40,7572.862991367,75,2.000000,mainnet,65,110.363509,11.403187,75.930042,251.591438,516.441929,156,0.015600000,0.984639622,95
regtest,40,7572.862991367,75,2.000000,mainnet,66,111.006370,11.460830,76.809901,260.259397,498.731044,177,0.017700000,0.982607841,21
regtest,40,7572.862991367,75,2.000000,mainnet,67,112.885317,11.482157,77.632105,258.695108,540.813288,168,0.016800000,0.983477577,63
regtest,40,7572.862991367,75,2.000000,mainnet,68,112.121092,12.358104,79.146806,259.198836,506.331753,177,0.017700000,0.982607841,57
regtest,40,7572.862991367,75,2.000000,mainnet,69,112.057755,11.665471,77.724789,260.173143,525.291320,187,0.018700000,0.981643271,299
regtest,40,7572.862991367,75,2.000000,mainnet,70,110.857465,12.137522,75.070697,254.042992,538.171212,180,0.018000000,0.982318271,26
regtest,40,7572.862991367,75,2.000000,mainnet,71,111.410175,11.314557,76.831121,257.939660,517.020464,191,0.019100000,0.981257973,19
regtest,40,7572.862991367,75,2.000000,mainnet,72,110.721892,11.416520,76.764805,257.461433,502.542636,163,0.016300000,0.983961429,36
regtest,40,7572.862991367,75,2.000000,mainnet,73,112.368841,11.854776,77.172956,258.746184,527.805514,186,0.018600000,0.981739643,48
regtest,40,7572.862991367,75,2.000000,mainnet,74,113.017489,12.419221,78.187487,261.010224,520.392495,175,0.017500000,0.982800983,65
regtest,40,7572.862991367,75,2.000000,mainnet,75,112.298860,11.733880,77.021541,258.331697,537.666176,164,0.016400000,0.983864620,65
regtest,40,7572.862991367,75,2.000000,mainnet,76,111.046400,11.568127,76.148925,257.688146,515.415769,167,0.016700000,0.983574309,73
regtest,40,7572.862991367,75,2.000000,mainnet,77,111.312898,11.143492,77.346058,255.871434,519.722620,192,0.019200000,0.981161695,36
regtest,40,7572.862991367,75,2.000000,mainnet,78,110.568683,11.969294,77.172863,250.279428,514.580354,187,0.018700000,0.981643271,111
regtest,40,7572.862991367,75,2.000000,mainnet,79,113.313169,12.467989,78.877017,261.249781,515.890234,187,0.018700000,0.981643271,22
regtest,40,7572.862991367,75,2.000000,mainnet,80,111.030775,11.460815,76.515649,256.898674,518.710007,188,0.018800000,0.981546918,39
regtest,40,7572.862991367,75,2.000000,mainnet,81,111.779911,11.578987,77.867657,257.444463,509.961361,184,0.018400000,0.981932443,23
regtest,40,7572.862991367,75,2.000000,mainnet,82,111.060902,12.055109,76.955553,256.298738,510.801331,182,0.018200000,0.982125319,22
regtest,40,7572.862991367,75,2.000000,mainnet,83,112.995893,12.255880,78.947384,258.924586,507.354798,184,0.018400000,0.981932443,36
regtest,40,7572.862991367,75,2.000000,mainnet,84,111.703274,11.519719,77.500305,256.101781,535.303038,160,0.016000000,0.984251969,31
regtest,40,7572.862991367,75,2.000000,mainnet,85,110.623121,11.330404,75.823698,256.048617,484.113357,188,0.018800000,0.981546918,17
regtest,40,7572.862991367,75,2.000000,mainnet,86,110.825731,11.555066,75.845769,257.614329,503.036257,187,0.018700000,0.981643271,23
regtest,40,7572.862991367,75,2.000000,mainnet,87,111.970680,11.654052,77.239305,256.546450,509.899606,207,0.020700000,0.979719800,152
regtest,40,7572.862991367,75,2.000000,mainnet,88,109.377052,11.817498,76.838869,251.723961,494.902405,173,0.017300000,0.982994200,32
regtest,40,7572.862991367,75,2.000000,mainnet,89,111.489966,11.551166,76.552087,261.365072,519.448871,201,0.020100000,0.980296049,17
regtest,40,7572.862991367,75,2.000000,mainnet,90,111.906666,12.301651,77.343442,259.345212,520.503596,177,0.017700000,0.982607841,20
regtest,40,7572.862991367,75,2.000000,mainnet,91,110.545557,11.575891,76.926471,255.785517,507.733744,185,0.018500000,0.981836033,18
regtest,40,7572.862991367,75,2.000000,mainnet,92,111.257413,11.543434,76.795748,257.614178,512.785062,160,0.016000000,0.984251969,19
regtest,40,7572.862991367,75,2.000000,mainnet,93,108.526593,11.753050,74.484889,250.047090,506.944621,157,0.015700000,0.984542680,30
regtest,40,7572.862991367,75,2.000000,mainnet,94,112.818419,12.208951,78.904866,258.006608,515.189341,169,0.016900000,0.983380863,25
regtest,40,7572.862991367,75,2.000000,mainnet,95,111.435492,11.974620,78.279346,255.245354,508.408725,176,0.017600000,0.982704403,49
regtest,40,7572.862991367,75,2.000000,mainnet,96,111.617952,11.022750,76.200945,256.776683,519.385416,164,0.016400000,0.983864620,99
regtest,40,7572.862991367,75,2.000000,mainnet,97,111.785220,11.733933,79.225849,257.695264,512.529981,165,0.016500000,0.983767831,23
regtest,40,7572.862991367,75,2.000000,mainnet,98,111.138770,11.685912,76.876831,256.181417,505.528457,171,0.017100000,0.983187494,136
regtest,40,7572.862991367,75,2.000000,mainnet,99,111.252812,11.881315,76.040508,260.997480,516.579704,191,0.019100000,0.981257973,55
regtest,40,7572.862991367,75,2.000000,mainnet,100,111.487392,11.948439,76.541992,255.586682,529.985985,192,0.019200000,0.981161695,30
regtest,40,7572.862991367,75,5.000000,mainnet,1,112.913210,11.913730,77.579770,260.268978,514.495740,454,0.045400000,0.956571647,18
regtest,40,7572.862991367,75,5.000000,mainnet,2,111.337547,11.729683,77.407764,258.050739,506.655095,403,0.040300000,0.961261175,167
regtest,40,7572.862991367,75,5.000000,mainnet,3,109.317386,11.527543,76.365652,251.091846,481.845004,442,0.044200000,0.957670944,53
regtest,40,7572.862991367,75,5.000000,mainnet,4,112.435755,12.306671,78.942704,255.032932,506.807648,450,0.045000000,0.956937799,65
regtest,40,7572.862991367,75,5.000000,mainnet,5,111.878738,11.384217,78.326159,254.909748,510.994597,475,0.047500000,0.954653938,36
regtest,40,7572.862991367,75,5.000000,mainnet,6,110.571308,11.462850,76.306862,256.769011,497.979799,431,0.043100000,0.958680855,40
regtest,40,7572.862991367,75,5.000000,mainnet,7,111.835774,11.831509,77.551198,256.984782,509.776630,455,0.045500000,0.956480153,44
regtest,40,7572.862991367,75,5.000000,mainnet,8,111.300155,11.366790,77.899860,254.969776,527.182589,459,0.045900000,0.956114351,76
regtest,40,7572.862991367,75,5.000000,mainnet,9,110.619340,11.604263,75.429787,255.299719,497.483731,500,0.050000000,0.952380952,33
regtest,40,7572.862991367,75,5.000000,mainnet,10,110.493211,11.564704,77.165370,253.327125,499.847375,446,0.044600000,0.957304231,51
regtest,40,7572.862991367,75,5.000000,mainnet,11,109.699145,11.683896,75.551028,251.727277,509.425934,426,0.042600000,0.959140610,100
regtest,40,7572.862991367,75,5.000000,mainnet,12,111.215051,10.984164,76.934532,258.295305,501.209201,416,0.041600000,0.960061444,32
regtest,40,7572.862991367,75,5.000000,mainnet,13,110.253514,11.686677,77.747170,251.774416,505.028968,432,0.043200000,0.958588957,99
regtest,40,7572.862991367,75,5.000000,mainnet,14,111.857144,12.253322,78.154327,257.909967,509.812716,398,0.039800000,0.961723408,28
regtest,40,7572.862991367,75,5.000000,mainnet,15,110.463674,12.150710,75.745483,253.791180,506.587187,446,0.044600000,0.957304231,27
regtest,40,7572.862991367,75,5.000000,mainnet,16,109.577940,11.723326,75.901578,253.818196,499.109845,469,0.046900000,0.955201070,18
regtest,40,7572.862991367,75,5.000000,mainnet,17,111.774359,11.574633,77.969322,254.414170,512.749481,417,0.041700000,0.959969281,88
regtest,40,7572.862991367,75,5.000000,mainnet,18,113.690023,11.297315,78.764961,264.056691,532.546044,428,0.042800000,0.958956655,48
regtest,40,7572.862991367,75,5.000000,mainnet,19,112.419768,11.735315,78.943526,255.886753,516.062460,458,0.045800000,0.956205775,52
regtest,40,7572.862991367,75,5.000000,mainnet,20,110.656863,12.299423,76.907352,250.789570,510.025875,435,0.043500000,0.958313368,74
regtest,40,7572.862991367,75,5.000000,mainnet,21,109.854745,11.307115,76.979999,254.502221,494.486323,438,0.043800000,0.958037938,40
regtest,40,7572.862991367,75,5.000000,mainnet,22,110.712393,11.971473,77.451536,257.958894,506.229536,475,0.047500000,0.954653938,53
regtest,40,7572.862991367,75,5.000000,mainnet,23,111.257001,11.648506,76.396817,257.824779,524.403264,402,0.040200000,0.961353586,17
regtest,40,7572.862991367,75,5.000000,mainnet,24,110.376860,11.900978,77.132435,254.948800,501.828431,435,0.043500000,0.958313368,83
regtest,40,7572.862991367,75,5.000000,mainnet,25,112.448194,11.366401,77.538783,257.450529,525.149511,417,0.041700000,0.959969281,32
regtest,40,7572.862991367,75,5.000000,mainnet,26,111.738264,12.025161,76.951593,260.329304,500.535731,402,0.040200000,0.961353586,21
regtest,40,7572.862991367,75,5.000000,mainnet,27,111.376742,11.388448,76.254220,255.088108,518.320931,417,0.041700000,0.959969281,17
regtest,40,7572.862991367,75,5.000000,mainnet,28,111.839897,11.671674,77.650717,258.375955,514.549046,413,0.041300000,0.960338039,30
regtest,40,7572.862991367,75,5.000000,mainnet,29,111.688374,11.782060,78.606547,256.628385,513.600052,439,0.043900000,0.957946163,146
regtest,40,7572.862991367,75,5.000000,mainnet,30,112.917504,11.705652,79.268983,257.785117,502.409409,463,0.046300000,0.955748829,223
regtest,40,7572.862991367,75,5.000000,mainnet,31,112.515609,11.610637,78.281288,260.588602,533.961939,416,0.041600000,0.960061444,126
regtest,40,7572.862991367,75,5.000000,mainnet,32,109.566229,10.915419,75.929198,255.224281,502.657218,448,0.044800000,0.957120980,21
regtest,40,7572.862991367,75,5.000000,mainnet,33,111.064993,11.527214,75.849439,256.011565,509.608881,443,0.044300000,0.957579240,18
regtest,40,7572.862991367,75,5.000000,mainnet,34,110.427274,12.002478,77.167223,249.395411,501.896439,426,0.042600000,0.959140610,19
regtest,40,7572.862991367,75,5.000000,mainnet,35,110.720844,11.850699,78.134485,254.427230,511.766982,453,0.045300000,0.956663159,82
regtest,40,7572.862991367,75,5.000000,mainnet,36,109.865031,11.274934,76.557374,251.656247,513.040188,450,0.045000000,0.956937799,74
regtest,40,7572.862991367,75,5.000000,mainnet,37,110.258741,11.658041,75.300759,254.653397,507.499467,442,0.044200000,0.957670944,97
regtest,40,7572.862991367,75,5.000000,mainnet,38,110.412790,11.444098,76.003802,258.096056,503.789392,436,0.043600000,0.958221541,65
regtest,40,7572.862991367,75,5.000000,mainnet,39,111.539951,11.842601,77.359920,256.292751,514.231202,450,0.045000000,0.956937799,166
regtest,40,7572.862991367,75,5.000000,mainnet,40,111.708663,12.176746,78.454802,257.148444,513.189627,478,0.047800000,0.954380607,239
regtest,40,7572.862991367,75,5.000000,mainnet,41,110.852061,11.670305,76.930093,255.492001,513.299642,409,0.040900000,0.960707080,111
regtest,40,7572.862991367,75,5.000000,mainnet,42,111.895771,11.928418,77.066216,256.206452,523.484746,439,0.043900000,0.957946163,21
regtest,40,7572.862991367,75,5.000000,mainnet,43,109.589096,11.075986,75.801880,255.592347,491.546687,435,0.043500000,0.958313368,56
regtest,40,7572.862991367,75,5.000000,mainnet,44,111.596204,12.097898,77.939757,258.252707,512.720220,452,0.045200000,0.956754688,42
regtest,40,7572.862991367,75,5.000000,mainnet,45,109.575537,11.321206,75.809679,255.138783,511.560190,465,0.046500000,0.955566173,23
regtest,40,7572.862991367,75,5.000000,mainnet,46,110.729817,11.583427,77.519561,252.637031,502.788209,449,0.044900000,0.957029381,18
regtest,40,7572.862991367,75,5.000000,mainnet,47,111.429554,11.752324,76.313758,258.020165,515.174352,421,0.042100000,0.959600806,68
regtest,40,7572.862991367,75,5.000000,mainnet,48,112.402998,12.021709,77.591406,256.399740,531.111976,460,0.046000000,0.956022945,44
regtest,40,7572.862991367,75,5.000000,mainnet,49,114.099253,12.408872,79.017151,264.352226,522.294041,439,0.043900000,0.957946163,70
regtest,40,7572.862991367,75,5.000000,mainnet,50,110.962926,11.239703,76.490597,258.891011,512.748621,439,0.043900000,0.957946163,79
regtest,40,7572.862991367,75,5.000000,mainnet,51,113.989435,12.114100,78.117872,261.071057,533.432676,423,0.042300000,0.959416675,48
regtest,40,7572.862991367,75,5.000000,mainnet,52,110.699160,11.475514,76.856706,255.236625,517.115634,396,0.039600000,0.961908426,17
regtest,40,7572.862991367,75,5.000000,mainnet,53,110.826379,11.694642,77.585173,255.140811,501.840782,439,0.043900000,0.957946163,44
regtest,40,7572.862991367,75,5.000000,mainnet,54,112.017045,11.300760,78.133700,257.566424,499.094165,418,0.041800000,0.959877136,106
regtest,40,7572.862991367,75,5.000000,mainnet,55,110.750906,11.548850,77.115513,254.527783,518.253282,457,0.045700000,0.956297217,21
regtest,40,7572.862991367,75,5.000000,mainnet,56,109.342761,11.652038,76.015123,253.770855,492.448535,458,0.045800000,0.956205775,76
regtest,40,7572.862991367,75,5.000000,mainnet,57,111.128312,12.023621,77.057053,257.113208,516.499219,434,0.043400000,0.958405214,48
regtest,40,7572.862991367,75,5.000000,mainnet,58,110.190877,12.065979,76.217623,255.183439,511.589881,408,0.040800000,0.960799385,32
regtest,40,7572.862991367,75,5.000000,mainnet,59,111.460433,12.156470,77.330268,254.787712,511.937182,437,0.043700000,0.958129731,36
regtest,40,7572.862991367,75,5.000000,mainnet,60,111.376102,12.245822,77.054240,259.706719,505.109569,421,0.042100000,0.959600806,81
regtest,40,7572.862991367,75,5.000000,mainnet,61,109.981511,12.460260,75.346840,256.497667,500.548811,419,0.041900000,0.959785008,18
regtest,40,7572.862991367,75,5.000000,mainnet,62,111.319352,12.217154,79.120940,253.612893,515.983518,412,0.041200000,0.960430273,17
regtest,40,7572.862991367,75,5.000000,mainnet,63,111.558385,11.266230,76.283327,255.302424,507.507592,400,0.040000000,0.961538462,23
regtest,40,7572.862991367,75,5.000000,mainnet,64,112.219894,11.412554,78.300157,258.237988,513.111089,483,0.048300000,0.953925403,24
regtest,40,7572.862991367,75,5.000000,mainnet,65,110.293390,11.159216,76.221444,251.245643,516.441929,449,0.044900000,0.957029381,95
regtest,40,7572.862991367,75,5.000000,mainnet,66,112.302886,11.586945,76.651455,262.365047,496.825068,441,0.044100000,0.957762666,17
regtest,40,7572.862991367,75,5.000000,mainnet,67,111.843040,11.386190,76.601758,256.375322,533.409279,400,0.040000000,0.961538462,19
regtest,40,7572.862991367,75,5.000000,mainnet,68,112.555733,11.870822,78.830030,259.343902,513.397204,437,0.043700000,0.958129731,17
regtest,40,7572.862991367,75,5.000000,mainnet,69,113.935143,11.518247,79.213426,264.524063,535.844439,443,0.044300000,0.957579240,74
regtest,40,7572.862991367,75,5.000000,mainnet,70,110.428316,11.599485,74.803816,254.813534,537.814740,435,0.043500000,0.958313368,26
regtest,40,7572.862991367,75,5.000000,mainnet,71,110.578293,11.718591,75.852804,256.940552,514.010983,444,0.044400000,0.957487553,23
regtest,40,7572.862991367,75,5.000000,mainnet,72,111.701262,11.763655,78.226880,257.461433,511.373633,406,0.040600000,0.960984048,36
regtest,40,7572.862991367,75,5.000000,mainnet,73,112.196523,12.370572,77.490769,253.734309,525.261808,448,0.044800000,0.957120980,26
regtest,40,7572.862991367,75,5.000000,mainnet,74,113.409775,12.254936,78.963992,262.388063,523.529009,468,0.046800000,0.955292319,184
regtest,40,7572.862991367,75,5.000000,mainnet,75,111.624938,11.622369,76.799971,256.340566,514.681616,398,0.039800000,0.961723408,52
regtest,40,7572.862991367,75,5.000000,mainnet,76,110.355026,11.068464,76.796163,255.992408,505.519799,460,0.046000000,0.956022945,102
regtest,40,7572.862991367,75,5.000000,mainnet,77,110.138138,11.358773,76.766671,251.316795,504.385161,444,0.044400000,0.957487553,36
regtest,40,7572.862991367,75,5.000000,mainnet,78,111.736896,11.737400,77.825996,255.841544,508.181124,449,0.044900000,0.957029381,111
regtest,40,7572.862991367,75,5.000000,mainnet,79,112.726387,12.245721,78.002233,259.680341,511.957507,486,0.048600000,0.953652489,125
regtest,40,7572.862991367,75,5.000000,mainnet,80,111.036858,11.610717,76.821396,256.121527,521.895418,431,0.043100000,0.958680855,39
regtest,40,7572.862991367,75,5.000000,mainnet,81,111.190662,11.672213,77.385230,254.878106,506.637946,432,0.043200000,0.958588957,23
regtest,40,7572.862991367,75,5.000000,mainnet,82,111.956054,11.929304,77.134523,260.700919,518.024042,426,0.042600000,0.959140610,22
regtest,40,7572.862991367,75,5.000000,mainnet,83,113.044413,12.303477,78.116358,259.097546,518.835092,444,0.044400000,0.957487553,36
regtest,40,7572.862991367,75,5.000000,mainnet,84,112.086263,11.346166,76.873152,255.011780,547.224337,407,0.040700000,0.960891708,20
regtest,40,7572.862991367,75,5.000000,mainnet,85,109.203084,11.497773,75.324503,251.815743,482.233493,471,0.047100000,0.955018623,17
regtest,40,7572.862991367,75,5.000000,mainnet,86,110.178240,11.344810,75.712463,254.599319,504.525947,457,0.045700000,0.956297217,23
regtest,40,7572.862991367,75,5.000000,mainnet,87,111.169853,11.219842,76.874982,258.730139,519.735007,442,0.044200000,0.957670944,153
regtest,40,7572.862991367,75,5.000000,mainnet,88,110.165034,11.640073,76.822561,254.696765,505.684006,435,0.043500000,0.958313368,22
regtest,40,7572.862991367,75,5.000000,mainnet,89,111.732006,11.340879,75.748869,264.378391,523.422488,446,0.044600000,0.957304231,17
regtest,40,7572.862991367,75,5.000000,mainnet,90,112.130695,11.894297,78.026739,259.872368,511.391580,418,0.041800000,0.959877136,20
regtest,40,7572.862991367,75,5.000000,mainnet,91,110.987647,11.456192,76.492914,257.031289,524.104726,450,0.045000000,0.956937799,18
regtest,40,7572.862991367,75,5.000000,mainnet,92,109.972855,11.447904,75.033454,254.011653,518.762654,418,0.041800000,0.959877136,19
regtest,40,7572.862991367,75,5.000000,mainnet,93,107.636906,11.558192,73.947304,250.227870,497.198708,437,0.043700000,0.958129731,118
regtest,40,7572.862991367,75,5.000000,mainnet,94,113.082068,12.101703,79.582060,256.381313,513.657234,440,0.044000000,0.957854406,60
regtest,40,7572.862991367,75,5.000000,mainnet,95,111.057731,11.920889,77.777236,256.039332,504.109557,458,0.045800000,0.956205775,110
regtest,40,7572.862991367,75,5.000000,mainnet,96,111.834274,10.848941,76.193224,257.577205,524.429752,471,0.047100000,0.955018623,99
regtest,40,7572.862991367,75,5.000000,mainnet,97,111.665611,11.818295,78.757468,259.737352,492.080842,397,0.039700000,0.961815908,23
regtest,40,7572.862991367,75,5.000000,mainnet,98,110.488793,11.734194,76.614108,253.683570,505.528457,461,0.046100000,0.955931555,133
regtest,40,7572.862991367,75,5.000000,mainnet,99,112.143583,11.948241,76.529864,259.229292,523.168100,432,0.043200000,0.958588957,91
regtest,40,7572.862991367,75,5.000000,mainnet,100,109.729996,11.952335,76.812455,248.638529,499.729089,402,0.040200000,0.961353586,30
regtest,40,7572.862991367,75,10.000000,mainnet,1,111.847920,11.946613,76.938330,257.043903,505.279822,898,0.089800000,0.917599560,28
regtest,40,7572.862991367,75,10.000000,mainnet,2,112.403480,11.943554,77.037312,261.594246,512.725268,846,0.084600000,0.921998894,81
regtest,40,7572.862991367,75,10.000000,mainnet,3,109.301643,11.799909,76.591527,249.539815,480.711801,874,0.087400000,0.919624793,17
regtest,40,7572.862991367,75,10.000000,mainnet,4,111.984561,12.315655,78.812915,254.011042,504.629980,859,0.085900000,0.920895110,49
regtest,40,7572.862991367,75,10.000000,mainnet,5,111.409975,11.298058,77.832027,257.112892,507.896750,929,0.092900000,0.914996798,46
regtest,40,7572.862991367,75,10.000000,mainnet,6,110.801413,11.341155,76.466015,257.261163,497.755594,864,0.086400000,0.920471281,40
regtest,40,7572.862991367,75,10.000000,mainnet,7,111.844818,11.967999,78.697116,256.695907,505.503753,907,0.090700000,0.916842395,44
regtest,40,7572.862991367,75,10.000000,mainnet,8,111.505534,11.459204,78.410884,256.213108,520.799832,869,0.086900000,0.920047842,63
regtest,40,7572.862991367,75,10.000000,mainnet,9,109.853661,11.420791,74.444609,255.643119,492.766361,899,0.089900000,0.917515368,27
regtest,40,7572.862991367,75,10.000000,mainnet,10,110.655959,11.411330,77.381304,254.362777,499.847375,872,0.087200000,0.919793966,17
regtest,40,7572.862991367,75,10.000000,mainnet,11,108.307611,11.521388,74.549688,248.495648,499.412055,881,0.088100000,0.919033177,80
regtest,40,7572.862991367,75,10.000000,mainnet,12,111.755567,11.209122,77.065213,261.609916,506.133912,860,0.086000000,0.920810313,32
regtest,40,7572.862991367,75,10.000000,mainnet,13,109.924311,11.904025,77.343042,250.690393,493.433735,896,0.089600000,0.917767988,99
regtest,40,7572.862991367,75,10.000000,mainnet,14,111.160836,12.138243,77.157240,256.456343,510.653418,834,0.083400000,0.923020122,28
regtest,40,7572.862991367,75,10.000000,mainnet,15,109.784700,11.696217,74.680108,256.217539,518.088933,872,0.087200000,0.919793966,30
regtest,40,7572.862991367,75,10.000000,mainnet,16,110.563903,11.780928,75.901578,258.444480,516.937706,915,0.091500000,0.916170408,44
regtest,40,7572.862991367,75,10.000000,mainnet,17,111.952227,11.236214,78.213005,255.731122,513.132744,858,0.085800000,0.920979923,68
regtest,40,7572.862991367,75,10.000000,mainnet,18,113.676280,10.894073,78.259822,263.882591,533.330591,899,0.089900000,0.917515368,54
regtest,40,7572.862991367,75,10.000000,mainnet,19,111.608268,11.572190,79.354371,253.154185,499.025170,873,0.087300000,0.919709372,52
regtest,40,7572.862991367,75,10.000000,mainnet,20,110.110963,12.330750,76.298647,251.004289,506.348178,862,0.086200000,0.920640766,74
regtest,40,7572.862991367,75,10.000000,mainnet,21,110.418034,11.375691,77.795863,253.879506,505.770934,888,0.088800000,0.918442322,21
regtest,40,7572.862991367,75,10.000000,mainnet,22,110.667745,11.805100,76.261144,260.740930,508.255245,910,0.091000000,0.916590284,17
regtest,40,7572.862991367,75,10.000000,mainnet,23,111.778698,11.839513,76.536312,258.547039,529.244513,857,0.085700000,0.921064751,17
regtest,40,7572.862991367,75,10.000000,mainnet,24,111.204910,11.837894,78.061599,255.717726,498.013746,807,0.080700000,0.925326177,59
regtest,40,7572.862991367,75,10.000000,mainnet,25,111.284580,11.751538,76.771984,256.091560,519.240430,838,0.083800000,0.922679461,74
regtest,40,7572.862991367,75,10.000000,mainnet,26,110.912665,12.052984,76.379927,257.849919,495.559452,817,0.081700000,0.924470741,21
regtest,40,7572.862991367,75,10.000000,mainnet,27,111.765078,11.221692,76.997496,257.194702,517.186212,870,0.087000000,0.919963201,47
regtest,40,7572.862991367,75,10.000000,mainnet,28,110.846335,11.433795,77.711611,257.156843,499.392825,847,0.084700000,0.921913893,30
regtest,40,7572.862991367,75,10.000000,mainnet,29,110.878427,11.637563,76.971262,259.328387,506.461089,883,0.088300000,0.918864284,128
regtest,40,7572.862991367,75,10.000000,mainnet,30,112.771624,11.852787,78.480385,258.780871,504.446294,883,0.088300000,0.918864284,46
regtest,40,7572.862991367,75,10.000000,mainnet,31,113.401582,12.074978,78.435488,263.135873,540.751179,792,0.079200000,0.926612305,75
regtest,40,7572.862991367,75,10.000000,mainnet,32,110.492406,11.080663,76.407377,256.225987,496.145164,885,0.088500000,0.918695452,47
regtest,40,7572.862991367,75,10.000000,mainnet,33,111.683060,11.792748,76.142120,256.605249,513.658240,890,0.089000000,0.918273646,181
regtest,40,7572.862991367,75,10.000000,mainnet,34,110.255272,11.897377,76.688441,251.001064,504.644408,837,0.083700000,0.922764603,30
regtest,40,7572.862991367,75,10.000000,mainnet,35,111.063550,11.801010,78.297499,254.764145,516.387332,884,0.088400000,0.918779860,35
regtest,40,7572.862991367,75,10.000000,mainnet,36,109.344485,11.054298,75.986370,250.897738,503.283357,892,0.089200000,0.918105031,74
regtest,40,7572.862991367,75,10.000000,mainnet,37,110.262290,12.068686,75.712831,252.390711,511.922820,901,0.090100000,0.917347032,88
regtest,40,7572.862991367,75,10.000000,mainnet,38,110.480612,11.455397,75.738467,258.117510,506.740441,889,0.088900000,0.918357976,64
regtest,40,7572.862991367,75,10.000000,mainnet,39,111.424677,11.699877,76.774244,256.292751,507.656130,891,0.089100000,0.918189331,99
regtest,40,7572.862991367,75,10.000000,mainnet,40,110.486017,12.176746,78.217519,253.445532,500.000898,947,0.094700000,0.913492281,23
regtest,40,7572.862991367,75,10.000000,mainnet,41,110.317757,11.531815,76.686369,252.159384,513.811402,893,0.089300000,0.918020747,20
regtest,40,7572.862991367,75,10.000000,mainnet,42,111.797334,11.962325,78.063680,257.605407,520.938732,884,0.088400000,0.918779860,21
regtest,40,7572.862991367,75,10.000000,mainnet,43,109.593814,11.037446,75.639987,257.288842,486.335234,832,0.083200000,0.923190547,107
regtest,40,7572.862991367,75,10.000000,mainnet,44,113.052686,12.575412,79.405095,262.138948,514.316806,854,0.085400000,0.921319329,42
regtest,40,7572.862991367,75,10.000000,mainnet,45,110.391725,11.738205,76.453276,256.461541,511.703459,933,0.093300000,0.914662032,23
regtest,40,7572.862991367,75,10.000000,mainnet,46,110.445264,11.555241,76.719769,254.265912,516.590653,883,0.088300000,0.918864284,26
regtest,40,7572.862991367,75,10.000000,mainnet,47,111.541880,11.621773,76.308542,257.369810,504.720809,913,0.091300000,0.916338312,66
regtest,40,7572.862991367,75,10.000000,mainnet,48,111.391480,12.083680,77.165166,253.997695,514.785011,864,0.086400000,0.920471281,44
regtest,40,7572.862991367,75,10.000000,mainnet,49,113.124285,12.128546,77.939273,263.703825,514.468726,933,0.093300000,0.914662032,68
regtest,40,7572.862991367,75,10.000000,mainnet,50,111.970026,11.381377,77.302183,259.492430,524.826970,833,0.083300000,0.923105326,46
regtest,40,7572.862991367,75,10.000000,mainnet,51,112.225668,12.092669,77.265331,257.172259,521.289277,885,0.088500000,0.918695452,42
regtest,40,7572.862991367,75,10.000000,mainnet,52,111.674033,11.733709,78.021840,256.917274,530.004609,836,0.083600000,0.922849760,17
regtest,40,7572.862991367,75,10.000000,mainnet,53,112.328528,11.853406,78.807000,258.262016,501.857462,875,0.087500000,0.919540230,55
regtest,40,7572.862991367,75,10.000000,mainnet,54,112.198029,11.805902,77.814422,260.228634,512.016513,917,0.091700000,0.916002565,135
regtest,40,7572.862991367,75,10.000000,mainnet,55,110.081482,11.788537,77.324270,250.844126,520.519064,938,0.093800000,0.914243920,21
regtest,40,7572.862991367,75,10.000000,mainnet,56,109.641388,11.397452,75.639768,256.502307,501.836630,893,0.089300000,0.918020747,76
regtest,40,7572.862991367,75,10.000000,mainnet,57,110.982109,11.596729,76.299037,256.654300,523.332515,889,0.088900000,0.918357976,47
regtest,40,7572.862991367,75,10.000000,mainnet,58,110.546545,11.447200,76.002572,256.505847,511.589881,858,0.085800000,0.920979923,28
regtest,40,7572.862991367,75,10.000000,mainnet,59,111.645376,11.861155,76.276084,257.796094,517.501551,903,0.090300000,0.917178758,17
regtest,40,7572.862991367,75,10.000000,mainnet,60,112.514528,12.016260,78.283699,258.673193,515.126394,852,0.085200000,0.921489126,90
regtest,40,7572.862991367,75,10.000000,mainnet,61,110.790223,12.168491,76.389342,257.958370,499.293862,900,0.090000000,0.917431193,18
regtest,40,7572.862991367,75,10.000000,mainnet,62,111.048105,11.924299,78.332164,252.326930,507.056623,857,0.085700000,0.921064751,17
regtest,40,7572.862991367,75,10.000000,mainnet,63,111.275420,11.482218,76.299668,254.574643,509.499896,833,0.083300000,0.923105326,46
regtest,40,7572.862991367,75,10.000000,mainnet,64,113.513808,11.959257,78.968584,260.290588,521.847965,915,0.091500000,0.916170408,128
regtest,40,7572.862991367,75,10.000000,mainnet,65,110.457542,10.927744,75.655426,253.113989,528.277210,847,0.084700000,0.921913893,93
regtest,40,7572.862991367,75,10.000000,mainnet,66,111.870665,11.484271,76.651455,260.550844,496.732177,844,0.084400000,0.922168941,57
regtest,40,7572.862991367,75,10.000000,mainnet,67,111.788511,10.998742,76.758816,255.709182,523.064387,865,0.086500000,0.920386562,52
regtest,40,7572.862991367,75,10.000000,mainnet,68,112.644397,11.882225,79.146806,260.483107,511.611833,869,0.086900000,0.920047842,17
regtest,40,7572.862991367,75,10.000000,mainnet,69,112.312359,11.750849,77.772035,260.206847,519.065527,866,0.086600000,0.920301859,73
regtest,40,7572.862991367,75,10.000000,mainnet,70,110.459943,11.842538,75.003965,254.364993,537.814740,912,0.091200000,0.916422287,37
regtest,40,7572.862991367,75,10.000000,mainnet,71,111.022391,11.154245,76.763385,257.069934,515.210812,874,0.087400000,0.919624793,19
regtest,40,7572.862991367,75,10.000000,mainnet,72,112.952526,12.204295,79.604708,260.182677,517.104092,859,0.085900000,0.920895110,36
regtest,40,7572.862991367,75,10.000000,mainnet,73,110.873339,12.013041,76.951242,252.081105,514.890000,872,0.087200000,0.919793966,26
regtest,40,7572.862991367,75,10.000000,mainnet,74,113.742870,12.221629,78.597324,263.475427,530.513380,904,0.090400000,0.917094644,172
regtest,40,7572.862991367,75,10.000000,mainnet,75,113.342941,12.054232,79.087750,257.193497,521.089521,860,0.086000000,0.920810313,52
regtest,40,7572.862991367,75,10.000000,mainnet,76,111.621298,11.274961,77.775384,256.670866,504.732891,859,0.085900000,0.920895110,138
regtest,40,7572.862991367,75,10.000000,mainnet,77,110.537168,11.284544,77.228040,253.317752,506.663269,871,0.087100000,0.919878576,52
regtest,40,7572.862991367,75,10.000000,mainnet,78,110.265606,11.659743,76.999077,252.248631,497.481629,867,0.086700000,0.920217171,48
regtest,40,7572.862991367,75,10.000000,mainnet,79,112.586313,12.562396,78.209951,259.299682,507.662944,911,0.091100000,0.916506278,124
regtest,40,7572.862991367,75,10.000000,mainnet,80,110.221525,11.231818,76.400612,255.823244,507.293561,875,0.087500000,0.919540230,17
regtest,40,7572.862991367,75,10.000000,mainnet,81,109.297747,11.216204,75.493081,251.279532,505.581330,874,0.087400000,0.919624793,23
regtest,40,7572.862991367,75,10.000000,mainnet,82,111.365224,11.797685,76.282222,258.627192,503.554747,852,0.085200000,0.921489126,21
regtest,40,7572.862991367,75,10.000000,mainnet,83,112.140557,12.552972,77.457243,256.780029,497.588619,903,0.090300000,0.917178758,136
regtest,40,7572.862991367,75,10.000000,mainnet,84,111.675648,11.326340,75.784050,256.190049,524.462836,858,0.085800000,0.920979923,20
regtest,40,7572.862991367,75,10.000000,mainnet,85,110.313008,11.949926,76.226934,252.995643,499.954760,932,0.093200000,0.914745701,179
regtest,40,7572.862991367,75,10.000000,mainnet,86,111.501277,11.774619,76.987712,256.980681,507.211942,888,0.088800000,0.918442322,26
regtest,40,7572.862991367,75,10.000000,mainnet,87,110.205124,11.583807,76.249456,252.715997,499.595092,919,0.091900000,0.915834783,58
regtest,40,7572.862991367,75,10.000000,mainnet,88,109.601956,11.827653,76.750551,250.890400,498.528039,871,0.087100000,0.919878576,22
regtest,40,7572.862991367,75,10.000000,mainnet,89,110.707497,11.348313,74.838968,261.363329,522.869781,861,0.086100000,0.920725532,17
regtest,40,7572.862991367,75,10.000000,mainnet,90,111.755978,11.876696,77.410063,256.994707,519.238210,880,0.088000000,0.919117647,49
regtest,40,7572.862991367,75,10.000000,mainnet,91,110.758001,11.549096,75.511505,256.851062,525.208742,862,0.086200000,0.920640766,21
regtest,40,7572.862991367,75,10.000000,mainnet,92,108.581213,11.162958,74.307744,250.342707,508.796158,873,0.087300000,0.919709372,17
regtest,40,7572.862991367,75,10.000000,mainnet,93,109.389884,11.467065,75.215775,253.084812,496.968712,853,0.085300000,0.921404220,73
regtest,40,7572.862991367,75,10.000000,mainnet,94,112.640721,11.948655,78.356084,258.006608,513.657234,878,0.087800000,0.919286634,25
regtest,40,7572.862991367,75,10.000000,mainnet,95,112.503718,12.065992,79.197705,257.435907,510.914429,842,0.084200000,0.922339052,109
regtest,40,7572.862991367,75,10.000000,mainnet,96,112.746910,10.848941,77.854062,258.520902,512.568589,900,0.090000000,0.917431193,31
regtest,40,7572.862991367,75,10.000000,mainnet,97,111.507517,11.609411,77.872470,255.483079,503.646059,895,0.089500000,0.917852226,23
regtest,40,7572.862991367,75,10.000000,mainnet,98,111.370593,11.619698,77.283576,256.383928,504.122786,856,0.085600000,0.921149595,128
regtest,40,7572.862991367,75,10.000000,mainnet,99,110.227097,11.326575,75.948321,256.049686,516.579704,902,0.090200000,0.917262888,23
regtest,40,7572.862991367,75,10.000000,mainnet,100,109.945175,12.034499,77.439901,249.748428,493.028972,920,0.092000000,0.915750916,30
regtest,60,7572.862991367,75,0.500000,mainnet,1,148.256810,15.770077,101.894507,341.867182,672.677053,33,0.003300000,0.996710854,149
regtest,60,7572.862991367,75,0.500000,mainnet,2,147.305015,15.829197,100.233325,341.935275,673.532211,34,0.003400000,0.996611521,102
regtest,60,7572.862991367,75,0.500000,mainnet,3,147.924116,15.540930,103.720786,340.724307,641.027123,30,0.003000000,0.997008973,510
regtest,60,7572.862991367,75,0.500000,mainnet,4,148.258778,15.861900,104.191867,340.954217,661.430762,33,0.003300000,0.996710854,106
regtest,60,7572.862991367,75,0.500000,mainnet,5,149.444258,15.490072,103.178636,339.879664,672.721793,34,0.003400000,0.996611521,157
regtest,60,7572.862991367,75,0.500000,mainnet,6,147.069769,15.473620,101.871974,340.557633,651.058854,33,0.003300000,0.996710854,788
regtest,60,7572.862991367,75,0.500000,mainnet,7,148.804895,16.180391,103.413242,341.811517,682.168679,20,0.002000000,0.998003992,54
regtest,60,7572.862991367,75,0.500000,mainnet,8,146.858982,15.135545,103.057070,335.238087,670.009880,37,0.003700000,0.996313640,223
regtest,60,7572.862991367,75,0.500000,mainnet,9,147.842051,16.082733,99.002287,345.006114,675.901292,29,0.002900000,0.997108386,40
regtest,60,7572.862991367,75,0.500000,mainnet,10,147.182128,15.200561,102.286033,337.116224,678.372782,28,0.002800000,0.997207818,55
regtest,60,7572.862991367,75,0.500000,mainnet,11,146.326407,15.349314,100.824434,337.063468,693.567732,42,0.004200000,0.995817566,104
regtest,60,7572.862991367,75,0.500000,mainnet,12,149.108005,15.313955,102.579377,347.271846,679.734514,36,0.003600000,0.996412914,169
regtest,60,7572.862991367,75,0.500000,mainnet,13,145.313973,15.051087,100.956224,334.579009,668.928601,34,0.003400000,0.996611521,108
regtest,60,7572.862991367,75,0.500000,mainnet,14,147.732763,16.196049,104.083827,339.620903,683.555436,32,0.003200000,0.996810207,112
regtest,60,7572.862991367,75,0.500000,mainnet,15,147.020458,15.972027,101.141688,336.426042,668.802599,45,0.004500000,0.995520159,34
regtest,60,7572.862991367,75,0.500000,mainnet,16,149.796795,15.541455,105.980965,348.476421,676.959073,30,0.003000000,0.997008973,147
regtest,60,7572.862991367,75,0.500000,mainnet,17,146.154953,15.553208,102.137724,334.937242,662.296676,37,0.003700000,0.996313640,258
regtest,60,7572.862991367,75,0.500000,mainnet,18,148.530525,15.064989,103.065577,343.299516,689.024271,24,0.002400000,0.997605746,297
regtest,60,7572.862991367,75,0.500000,mainnet,19,148.380823,15.811144,102.668718,341.690446,684.295998,24,0.002400000,0.997605746,160
regtest,60,7572.862991367,75,0.500000,mainnet,20,148.128254,15.981549,104.104354,334.981649,664.332008,35,0.003500000,0.996512207,166
regtest,60,7572.862991367,75,0.500000,mainnet,21,146.554729,14.854641,101.548680,337.502663,658.976398,32,0.003200000,0.996810207,167
regtest,60,7572.862991367,75,0.500000,mainnet,22,146.531904,15.478775,100.111859,340.776987,677.673660,25,0.002500000,0.997506234,191
regtest,60,7572.862991367,75,0.500000,mainnet,23,148.843831,16.570319,104.110381,341.841999,699.531044,29,0.002900000,0.997108386,83
regtest,60,7572.862991367,75,0.500000,mainnet,24,147.816912,15.516207,101.993379,343.209093,675.423587,42,0.004200000,0.995817566,145
regtest,60,7572.862991367,75,0.500000,mainnet,25,146.507143,15.115715,101.073922,336.497019,653.490750,28,0.002800000,0.997207818,1126
regtest,60,7572.862991367,75,0.500000,mainnet,26,148.462507,15.685510,102.470355,343.253190,662.344172,32,0.003200000,0.996810207,770
regtest,60,7572.862991367,75,0.500000,mainnet,27,148.527691,15.431185,103.684382,342.719257,663.725741,33,0.003300000,0.996710854,337
regtest,60,7572.862991367,75,0.500000,mainnet,28,146.837914,15.180542,101.665491,341.957415,665.857099,26,0.002600000,0.997406742,399
regtest,60,7572.862991367,75,0.500000,mainnet,29,147.719752,15.471801,102.625053,345.246805,664.895564,41,0.004100000,0.995916741,374
regtest,60,7572.862991367,75,0.500000,mainnet,30,151.818269,15.695278,105.652572,346.592086,688.925176,34,0.003400000,0.996611521,221
regtest,60,7572.862991367,75,0.500000,mainnet,31,148.337133,15.626695,102.660697,347.779769,692.481952,39,0.003900000,0.996115151,103
regtest,60,7572.862991367,75,0.500000,mainnet,32,145.615073,14.754936,101.330734,336.281457,648.629203,35,0.003500000,0.996512207,200
regtest,60,7572.862991367,75,0.500000,mainnet,33,148.266643,16.219155,101.294593,342.896228,675.578011,31,0.003100000,0.996909580,17
regtest,60,7572.862991367,75,0.500000,mainnet,34,145.109466,15.249015,100.319839,331.613369,674.558215,31,0.003100000,0.996909580,84
regtest,60,7572.862991367,75,0.500000,mainnet,35,149.510726,16.306236,105.031534,342.457663,689.141692,31,0.003100000,0.996909580,29
regtest,60,7572.862991367,75,0.500000,mainnet,36,144.522623,14.940059,100.586289,330.157809,678.705681,40,0.004000000,0.996015936,227
regtest,60,7572.862991367,75,0.500000,mainnet,37,149.459399,15.886165,102.810644,346.046435,686.972579,26,0.002600000,0.997406742,107
regtest,60,7572.862991367,75,0.500000,mainnet,38,147.816598,14.856707,101.905194,344.977156,676.987537,27,0.002700000,0.997307270,143
regtest,60,7572.862991367,75,0.500000,mainnet,39,149.212624,16.169345,104.010331,345.554784,668.942636,28,0.002800000,0.997207818,354
regtest,60,7572.862991367,75,0.500000,mainnet,40,148.826354,16.076741,103.157135,341.866720,684.252836,34,0.003400000,0.996611521,294
regtest,60,7572.862991367,75,0.500000,mainnet,41,146.445238,15.801070,102.330285,333.731103,694.001141,41,0.004100000,0.995916741,230
regtest,60,7572.862991367,75,0.500000,mainnet,42,149.425098,15.968199,103.181532,344.055808,694.595422,36,0.003600000,0.996412914,18
regtest,60,7572.862991367,75,0.500000,mainnet,43,146.913325,15.627187,102.917477,342.085689,654.730613,35,0.003500000,0.996512207,241
regtest,60,7572.862991367,75,0.500000,mainnet,44,148.329244,15.984840,103.350995,339.184996,701.395893,31,0.003100000,0.996909580,63
regtest,60,7572.862991367,75,0.500000,mainnet,45,146.416810,15.227665,101.155761,341.609338,688.901091,37,0.003700000,0.996313640,140
regtest,60,7572.862991367,75,0.500000,mainnet,46,148.386866,14.956115,101.888286,342.184644,699.899734,39,0.003900000,0.996115151,259
regtest,60,7572.862991367,75,0.500000,mainnet,47,147.270187,15.582051,100.590168,343.075661,678.177981,43,0.004300000,0.995718411,374
regtest,60,7572.862991367,75,0.500000,mainnet,48,148.234303,15.355815,102.616484,341.885226,682.176654,40,0.004000000,0.996015936,144
regtest,60,7572.862991367,75,0.500000,mainnet,49,151.094268,16.437992,104.981518,344.481104,690.169830,30,0.003000000,0.997008973,76
regtest,60,7572.862991367,75,0.500000,mainnet,50,146.772047,14.987363,101.143889,340.055274,683.664828,30,0.003000000,0.997008973,359
regtest,60,7572.862991367,75,0.500000,mainnet,51,148.567122,15.999594,100.849411,341.783274,714.773717,38,0.003800000,0.996214385,60
regtest,60,7572.862991367,75,0.500000,mainnet,52,147.021174,15.664463,101.318969,337.354158,689.383340,28,0.002800000,0.997207818,98
regtest,60,7572.862991367,75,0.500000,mainnet,53,148.588160,15.726579,102.023571,343.737885,674.766337,38,0.003800000,0.996214385,304
regtest,60,7572.862991367,75,0.500000,mainnet,54,148.167539,15.381829,103.667633,336.909503,685.537621,42,0.004200000,0.995817566,240
regtest,60,7572.862991367,75,0.500000,mainnet,55,146.835617,15.684462,103.275554,333.840391,690.624020,35,0.003500000,0.996512207,714
regtest,60,7572.862991367,75,0.500000,mainnet,56,148.341721,15.796285,103.650546,342.723326,670.177245,34,0.003400000,0.996611521,154
regtest,60,7572.862991367,75,0.500000,mainnet,57,147.008523,16.056888,102.689195,337.832887,677.520877,32,0.003200000,0.996810207,191
regtest,60,7572.862991367,75,0.500000,mainnet,58,148.376134,16.167383,104.037607,341.787928,680.755763,35,0.003500000,0.996512207,20
regtest,60,7572.862991367,75,0.500000,mainnet,59,145.933401,14.634588,101.510418,333.840988,683.073214,31,0.003100000,0.996909580,407
regtest,60,7572.862991367,75,0.500000,mainnet,60,148.019094,16.170715,102.556121,344.191684,655.366410,30,0.003000000,0.997008973,154
regtest,60,7572.862991367,75,0.500000,mainnet,61,148.932643,16.561976,103.957767,346.909337,666.109634,30,0.003000000,0.997008973,38
regtest,60,7572.862991367,75,0.500000,mainnet,62,147.074814,15.628514,104.191101,334.550006,678.855138,28,0.002800000,0.997207818,236
regtest,60,7572.862991367,75,0.500000,mainnet,63,146.541930,14.860411,101.579937,336.804941,662.425083,32,0.003200000,0.996810207,54
regtest,60,7572.862991367,75,0.500000,mainnet,64,149.432670,15.541196,103.585858,344.208010,690.373728,35,0.003500000,0.996512207,212
regtest,60,7572.862991367,75,0.500000,mainnet,65,144.835335,15.019274,99.968939,333.598056,681.759696,33,0.003300000,0.996710854,96
regtest,60,7572.862991367,75,0.500000,mainnet,66,148.304893,15.730800,102.623094,344.228134,672.695015,41,0.004100000,0.995916741,59
regtest,60,7572.862991367,75,0.500000,mainnet,67,150.329929,15.616229,104.075963,344.246701,682.914128,35,0.003500000,0.996512207,19
regtest,60,7572.862991367,75,0.500000,mainnet,68,149.816726,15.613515,104.401834,349.092689,680.309162,23,0.002300000,0.997705278,1281
regtest,60,7572.862991367,75,0.500000,mainnet,69,147.855720,15.555166,102.994994,342.672901,686.343480,40,0.004000000,0.996015936,462
regtest,60,7572.862991367,75,0.500000,mainnet,70,148.722296,16.099506,100.257044,343.296809,708.076453,31,0.003100000,0.996909580,199
regtest,60,7572.862991367,75,0.500000,mainnet,71,147.673002,15.395335,100.538679,342.890263,681.872307,33,0.003300000,0.996710854,53
regtest,60,7572.862991367,75,0.500000,mainnet,72,146.395201,15.268130,101.490982,339.527557,664.054672,41,0.004100000,0.995916741,262
regtest,60,7572.862991367,75,0.500000,mainnet,73,148.685670,15.833995,102.771901,336.985933,691.481847,40,0.004000000,0.996015936,285
regtest,60,7572.862991367,75,0.500000,mainnet,74,150.280328,16.759252,103.027778,352.215586,679.603184,26,0.002600000,0.997406742,188
regtest,60,7572.862991367,75,0.500000,mainnet,75,149.303758,15.329501,102.529948,341.958909,701.225282,31,0.003100000,0.996909580,285
regtest,60,7572.862991367,75,0.500000,mainnet,76,148.362711,15.948618,101.772498,340.555563,671.898411,31,0.003100000,0.996909580,156
regtest,60,7572.862991367,75,0.500000,mainnet,77,148.346980,15.169283,103.719034,341.720554,669.347013,48,0.004800000,0.995222930,81
regtest,60,7572.862991367,75,0.500000,mainnet,78,146.536485,14.780553,102.065656,339.183935,665.562513,27,0.002700000,0.997307270,221
regtest,60,7572.862991367,75,0.500000,mainnet,79,149.780897,16.588543,105.434613,341.875709,681.250480,41,0.004100000,0.995916741,23
regtest,60,7572.862991367,75,0.500000,mainnet,80,146.498519,15.155051,100.694927,339.589733,688.749733,27,0.002700000,0.997307270,41
regtest,60,7572.862991367,75,0.500000,mainnet,81,148.973052,15.509473,104.947400,339.331606,680.919027,40,0.004000000,0.996015936,256
regtest,60,7572.862991367,75,0.500000,mainnet,82,148.051345,15.980383,102.587505,344.194486,679.824578,36,0.003600000,0.996412914,94
regtest,60,7572.862991367,75,0.500000,mainnet,83,149.214918,15.888986,103.570107,343.874331,671.674520,42,0.004200000,0.995817566,1271
regtest,60,7572.862991367,75,0.500000,mainnet,84,148.838053,14.767564,103.305136,342.969718,679.384553,37,0.003700000,0.996313640,40
regtest,60,7572.862991367,75,0.500000,mainnet,85,147.810678,15.567448,100.678732,341.269923,669.859603,32,0.003200000,0.996810207,584
regtest,60,7572.862991367,75,0.500000,mainnet,86,148.330286,15.740799,102.297279,343.615156,681.482909,34,0.003400000,0.996611521,17
regtest,60,7572.862991367,75,0.500000,mainnet,87,146.884196,15.356849,102.201076,334.556406,653.279131,55,0.005500000,0.994530085,422
regtest,60,7572.862991367,75,0.500000,mainnet,88,145.078035,16.160654,103.471738,331.178619,655.313844,29,0.002900000,0.997108386,139
regtest,60,7572.862991367,75,0.500000,mainnet,89,148.105597,15.682765,101.952407,346.241984,692.823610,41,0.004100000,0.995916741,395
regtest,60,7572.862991367,75,0.500000,mainnet,90,148.852884,15.912990,102.554744,348.843301,692.317614,29,0.002900000,0.997108386,20
regtest,60,7572.862991367,75,0.500000,mainnet,91,146.562716,15.043602,100.764359,343.596401,682.293299,26,0.002600000,0.997406742,412
regtest,60,7572.862991367,75,0.500000,mainnet,92,146.260640,15.307155,98.942353,340.899761,682.129322,29,0.002900000,0.997108386,23
regtest,60,7572.862991367,75,0.500000,mainnet,93,144.126297,15.085379,98.598900,330.249914,692.091075,34,0.003400000,0.996611521,285
regtest,60,7572.862991367,75,0.500000,mainnet,94,149.224028,16.204260,103.418304,342.686518,668.866112,37,0.003700000,0.996313640,770
regtest,60,7572.862991367,75,0.500000,mainnet,95,148.106069,15.743979,104.499432,340.374572,677.878300,28,0.002800000,0.997207818,1227
regtest,60,7572.862991367,75,0.500000,mainnet,96,148.490892,14.926358,101.601260,343.690143,685.998054,29,0.002900000,0.997108386,52
regtest,60,7572.862991367,75,0.500000,mainnet,97,147.634253,15.173165,104.717614,341.011996,669.543994,33,0.003300000,0.996710854,102
regtest,60,7572.862991367,75,0.500000,mainnet,98,147.613665,15.194966,103.445684,338.346982,662.243293,33,0.003300000,0.996710854,400
regtest,60,7572.862991367,75,0.500000,mainnet,99,148.691569,15.119736,100.983335,349.627283,699.856394,37,0.003700000,0.996313640,342
regtest,60,7572.862991367,75,0.500000,mainnet,100,148.345800,15.958791,102.254347,339.892820,704.173012,23,0.002300000,0.997705278,334
regtest,60,7572.862991367,75,1.000000,mainnet,1,148.550073,15.641093,101.961897,339.580521,680.231583,63,0.006300000,0.993739442,149
regtest,60,7572.862991367,75,1.000000,mainnet,2,146.514938,15.422626,100.331823,339.605416,674.239258,66,0.006600000,0.993443274,102
regtest,60,7572.862991367,75,1.000000,mainnet,3,147.219378,15.540930,103.636810,338.695302,638.492294,58,0.005800000,0.994233446,511
regtest,60,7572.862991367,75,1.000000,mainnet,4,146.628416,16.000158,103.368276,336.261229,646.484605,78,0.007800000,0.992260369,106
regtest,60,7572.862991367,75,1.000000,mainnet,5,150.144212,15.345452,103.766401,341.447367,689.025450,67,0.006700000,0.993344591,157
regtest,60,7572.862991367,75,1.000000,mainnet,6,146.872573,15.330423,101.132039,340.515549,659.879259,60,0.006000000,0.994035785,787
regtest,60,7572.862991367,75,1.000000,mainnet,7,148.050971,16.177839,102.915660,340.928224,682.168679,57,0.005700000,0.994332306,54
regtest,60,7572.862991367,75,1.000000,mainnet,8,146.494331,15.329243,102.679717,333.547762,670.009880,59,0.005900000,0.994134606,223
regtest,60,7572.862991367,75,1.000000,mainnet,9,147.408340,15.859703,98.661299,343.754525,688.459390,70,0.007000000,0.993048659,40
regtest,60,7572.862991367,75,1.000000,mainnet,10,147.138722,14.896187,101.626115,338.629579,684.140206,61,0.006100000,0.993936984,55
regtest,60,7572.862991367,75,1.000000,mainnet,11,147.126955,15.833810,101.088744,337.945609,690.304436,75,0.007500000,0.992555831,104
regtest,60,7572.862991367,75,1.000000,mainnet,12,149.074537,15.317660,102.609054,347.779186,672.310300,61,0.006100000,0.993936984,169
regtest,60,7572.862991367,75,1.000000,mainnet,13,145.013385,15.037434,100.842070,334.352473,661.946566,67,0.006700000,0.993344591,108
regtest,60,7572.862991367,75,1.000000,mainnet,14,147.788853,16.004827,104.487563,339.332286,682.263792,56,0.005600000,0.994431185,111
regtest,60,7572.862991367,75,1.000000,mainnet,15,147.235933,16.152172,101.526966,335.875420,678.636879,82,0.008200000,0.991866693,34
regtest,60,7572.862991367,75,1.000000,mainnet,16,146.990298,15.273962,103.659266,340.629456,669.109291,70,0.007000000,0.993048659,146
regtest,60,7572.862991367,75,1.000000,mainnet,17,147.020926,15.427984,102.778979,335.897992,679.765269,76,0.007600000,0.992457324,258
regtest,60,7572.862991367,75,1.000000,mainnet,18,149.113781,15.337110,103.752324,345.425916,693.830773,56,0.005600000,0.994431185,298
regtest,60,7572.862991367,75,1.000000,mainnet,19,149.090985,16.129137,103.525824,344.463546,682.396726,62,0.006200000,0.993838203,161
regtest,60,7572.862991367,75,1.000000,mainnet,20,148.399402,16.130358,103.745893,335.217412,667.791855,59,0.005900000,0.994134606,166
regtest,60,7572.862991367,75,1.000000,mainnet,21,145.785733,14.890714,101.715528,332.213197,657.536177,80,0.008000000,0.992063492,167
regtest,60,7572.862991367,75,1.000000,mainnet,22,146.201010,15.974306,100.600042,338.960453,670.701073,66,0.006600000,0.993443274,191
regtest,60,7572.862991367,75,1.000000,mainnet,23,149.026996,16.766021,104.086648,341.878143,699.414080,51,0.005100000,0.994925878,275
regtest,60,7572.862991367,75,1.000000,mainnet,24,148.225203,15.575201,102.736039,342.170152,676.960110,67,0.006700000,0.993344591,175
regtest,60,7572.862991367,75,1.000000,mainnet,25,146.429666,15.152441,101.595207,335.834519,657.009739,61,0.006100000,0.993936984,1127
regtest,60,7572.862991367,75,1.000000,mainnet,26,148.299941,16.014492,102.464112,342.897909,662.148934,51,0.005100000,0.994925878,768
regtest,60,7572.862991367,75,1.000000,mainnet,27,147.774328,15.145324,102.605036,340.280538,675.020871,64,0.006400000,0.993640700,337
regtest,60,7572.862991367,75,1.000000,mainnet,28,148.501532,15.283046,102.221624,346.498433,673.426628,65,0.006500000,0.993541977,398
regtest,60,7572.862991367,75,1.000000,mainnet,29,147.768818,15.711367,102.891712,343.448814,667.732865,63,0.006300000,0.993739442,374
regtest,60,7572.862991367,75,1.000000,mainnet,30,151.353215,15.852571,105.573164,345.859095,686.530463,58,0.005800000,0.994233446,221
regtest,60,7572.862991367,75,1.000000,mainnet,31,148.001081,15.482130,101.508405,348.333674,697.369713,76,0.007600000,0.992457324,103
regtest,60,7572.862991367,75,1.000000,mainnet,32,145.288183,14.902337,100.314667,337.603443,649.005152,68,0.006800000,0.993245928,200
regtest,60,7572.862991367,75,1.000000,mainnet,33,147.104907,16.194692,100.927930,338.559206,672.177279,58,0.005800000,0.994233446,17
regtest,60,7572.862991367,75,1.000000,mainnet,34,145.319962,15.490893,101.127203,331.852946,672.754754,63,0.006300000,0.993739442,84
regtest,60,7572.862991367,75,1.000000,mainnet,35,148.723123,15.922408,104.517577,338.599585,688.516442,69,0.006900000,0.993147284,29
regtest,60,7572.862991367,75,1.000000,mainnet,36,144.241883,15.203712,99.417786,330.394945,674.761160,61,0.006100000,0.993936984,225
regtest,60,7572.862991367,75,1.000000,mainnet,37,147.830949,15.716808,101.145017,339.036552,674.637787,60,0.006000000,0.994035785,107
regtest,60,7572.862991367,75,1.000000,mainnet,38,147.891111,14.775399,101.910544,345.950205,676.580181,54,0.005400000,0.994629003,143
regtest,60,7572.862991367,75,1.000000,mainnet,39,148.661163,16.113137,103.228385,343.802617,671.720345,63,0.006300000,0.993739442,354
regtest,60,7572.862991367,75,1.000000,mainnet,40,150.217169,16.091218,104.940261,341.685168,694.235216,73,0.007300000,0.992752904,294
regtest,60,7572.862991367,75,1.000000,mainnet,41,147.014963,15.850082,102.677781,333.591850,707.862550,68,0.006800000,0.993245928,159
regtest,60,7572.862991367,75,1.000000,mainnet,42,149.390930,16.236868,103.213021,341.219482,691.207363,74,0.007400000,0.992654358,18
regtest,60,7572.862991367,75,1.000000,mainnet,43,146.693102,15.543575,102.699293,339.531520,654.730613,64,0.006400000,0.993640700,241
regtest,60,7572.862991367,75,1.000000,mainnet,44,148.626280,15.986506,103.878357,341.720641,684.077815,56,0.005600000,0.994431185,511
regtest,60,7572.862991367,75,1.000000,mainnet,45,147.613331,15.284388,101.505432,347.386541,694.269009,77,0.007700000,0.992358837,140
regtest,60,7572.862991367,75,1.000000,mainnet,46,147.951151,15.004692,101.927319,340.947951,699.248218,76,0.007600000,0.992457324,259
regtest,60,7572.862991367,75,1.000000,mainnet,47,147.534854,15.639377,100.608140,344.111671,685.205816,80,0.008000000,0.992063492,373
regtest,60,7572.862991367,75,1.000000,mainnet,48,148.403892,15.679916,102.427291,341.442158,680.340034,80,0.008000000,0.992063492,141
regtest,60,7572.862991367,75,1.000000,mainnet,49,151.386647,16.150652,105.682055,347.129759,697.048941,63,0.006300000,0.993739442,76
regtest,60,7572.862991367,75,1.000000,mainnet,50,147.904919,15.176674,100.706969,344.842278,679.276779,78,0.007800000,0.992260369,356
regtest,60,7572.862991367,75,1.000000,mainnet,51,147.905391,15.857304,101.528254,338.925073,706.988197,80,0.008000000,0.992063492,60
regtest,60,7572.862991367,75,1.000000,mainnet,52,146.040517,15.477216,100.129895,336.475051,681.873573,62,0.006200000,0.993838203,98
regtest,60,7572.862991367,75,1.000000,mainnet,53,148.629386,15.592856,102.123009,343.840648,689.947738,70,0.007000000,0.993048659,302
regtest,60,7572.862991367,75,1.000000,mainnet,54,148.707338,15.473713,103.785874,338.264796,695.297822,68,0.006800000,0.993245928,240
regtest,60,7572.862991367,75,1.000000,mainnet,55,148.205442,15.686287,104.233641,336.114874,697.796078,79,0.007900000,0.992161921,415
regtest,60,7572.862991367,75,1.000000,mainnet,56,149.129834,16.081797,103.927699,345.678795,674.428250,68,0.006800000,0.993245928,154
regtest,60,7572.862991367,75,1.000000,mainnet,57,148.533165,16.664500,103.031880,344.074657,680.468574,70,0.007000000,0.993048659,191
regtest,60,7572.862991367,75,1.000000,mainnet,58,147.657902,15.865506,102.507769,342.015440,678.853929,69,0.006900000,0.993147284,20
regtest,60,7572.862991367,75,1.000000,mainnet,59,145.720180,14.999089,101.521424,330.478787,680.700884,78,0.007800000,0.992260369,407
regtest,60,7572.862991367,75,1.000000,mainnet,60,148.618700,16.385626,102.462303,347.119254,659.989276,61,0.006100000,0.993936984,154
regtest,60,7572.862991367,75,1.000000,mainnet,61,148.335913,16.730967,103.182567,343.944493,662.783109,59,0.005900000,0.994134606,38
regtest,60,7572.862991367,75,1.000000,mainnet,62,147.533403,16.020162,104.335971,335.640421,678.791433,67,0.006700000,0.993344591,235
regtest,60,7572.862991367,75,1.000000,mainnet,63,146.805023,14.932605,102.061817,336.256127,667.796123,69,0.006900000,0.993147284,54
regtest,60,7572.862991367,75,1.000000,mainnet,64,148.162832,15.433300,103.536939,338.370332,677.524588,59,0.005900000,0.994134606,212
regtest,60,7572.862991367,75,1.000000,mainnet,65,146.562664,15.185761,100.775331,335.589276,695.467644,64,0.006400000,0.993640700,98
regtest,60,7572.862991367,75,1.000000,mainnet,66,147.772814,15.896989,102.347535,342.779126,669.291582,69,0.006900000,0.993147284,59
regtest,60,7572.862991367,75,1.000000,mainnet,67,149.644151,15.478825,103.427088,341.418553,693.556975,74,0.007400000,0.992654358,19
regtest,60,7572.862991367,75,1.000000,mainnet,68,149.958399,16.220787,104.456215,349.462542,679.528806,63,0.006300000,0.993739442,1310
regtest,60,7572.862991367,75,1.000000,mainnet,69,148.439286,15.537319,104.013711,345.063256,679.631341,73,0.007300000,0.992752904,461
regtest,60,7572.862991367,75,1.000000,mainnet,70,149.035997,15.870617,100.355069,344.908143,711.733419,56,0.005600000,0.994431185,199
regtest,60,7572.862991367,75,1.000000,mainnet,71,148.064079,15.405659,101.007874,344.668936,681.872307,72,0.007200000,0.992851469,342
regtest,60,7572.862991367,75,1.000000,mainnet,72,146.070735,15.180846,100.809063,340.119544,664.793959,66,0.006600000,0.993443274,346
regtest,60,7572.862991367,75,1.000000,mainnet,73,149.108269,15.846308,102.867898,338.162089,692.910800,71,0.007100000,0.992950055,285
regtest,60,7572.862991367,75,1.000000,mainnet,74,149.638042,16.412892,102.685863,347.699216,695.377481,69,0.006900000,0.993147284,187
regtest,60,7572.862991367,75,1.000000,mainnet,75,149.064872,15.187925,101.850266,340.346779,716.888234,62,0.006200000,0.993838203,284
regtest,60,7572.862991367,75,1.000000,mainnet,76,147.384622,16.088242,101.008169,340.231363,672.050868,60,0.006000000,0.994035785,156
regtest,60,7572.862991367,75,1.000000,mainnet,77,147.728535,14.832149,102.901418,340.128693,670.876848,77,0.007700000,0.992358837,81
regtest,60,7572.862991367,75,1.000000,mainnet,78,146.145076,14.984971,102.065656,334.995666,669.601753,58,0.005800000,0.994233446,221
regtest,60,7572.862991367,75,1.000000,mainnet,79,149.524597,16.428960,105.156531,341.875709,687.853645,71,0.007100000,0.992950055,23
regtest,60,7572.862991367,75,1.000000,mainnet,80,148.580028,15.452240,101.894490,345.644428,705.707138,72,0.007200000,0.992851469,41
regtest,60,7572.862991367,75,1.000000,mainnet,81,149.923384,15.723307,105.764424,340.513516,707.616009,74,0.007400000,0.992654358,256
regtest,60,7572.862991367,75,1.000000,mainnet,82,147.950256,15.961116,102.253971,343.974244,679.824578,68,0.006800000,0.993245928,94
regtest,60,7572.862991367,75,1.000000,mainnet,83,149.364913,15.926072,103.968136,343.863644,670.396755,91,0.009100000,0.990982063,1273
regtest,60,7572.862991367,75,1.000000,mainnet,84,148.724679,15.025581,103.082817,342.035787,688.762918,64,0.006400000,0.993640700,40
regtest,60,7572.862991367,75,1.000000,mainnet,85,149.012198,15.660818,102.161768,343.323060,675.341953,67,0.006700000,0.993344591,584
regtest,60,7572.862991367,75,1.000000,mainnet,86,148.110698,15.388412,102.497255,343.615156,669.692386,69,0.006900000,0.993147284,17
regtest,60,7572.862991367,75,1.000000,mainnet,87,147.504455,15.323399,102.027431,336.881455,666.921783,87,0.008700000,0.991375037,422
regtest,60,7572.862991367,75,1.000000,mainnet,88,145.390648,15.942294,102.860814,334.099383,659.821172,64,0.006400000,0.993640700,139
regtest,60,7572.862991367,75,1.000000,mainnet,89,147.994402,15.884648,101.995859,347.928805,681.954298,87,0.008700000,0.991375037,398
regtest,60,7572.862991367,75,1.000000,mainnet,90,147.884914,15.859945,102.524429,342.814508,692.317614,72,0.007200000,0.992851469,180
regtest,60,7572.862991367,75,1.000000,mainnet,91,147.263077,14.932609,101.757398,343.285885,679.879138,66,0.006600000,0.993443274,411
regtest,60,7572.862991367,75,1.000000,mainnet,92,146.122357,15.325155,99.585964,341.625509,676.067572,58,0.005800000,0.994233446,23
regtest,60,7572.862991367,75,1.000000,mainnet,93,144.178575,15.485837,98.479259,329.996709,694.095806,61,0.006100000,0.993936984,315
regtest,60,7572.862991367,75,1.000000,mainnet,94,150.182285,16.498347,104.547384,345.348201,668.902361,68,0.006800000,0.993245928,767
regtest,60,7572.862991367,75,1.000000,mainnet,95,148.721327,15.809619,104.713397,342.405502,682.528869,54,0.005400000,0.994629003,1176
regtest,60,7572.862991367,75,1.000000,mainnet,96,148.227002,14.652061,101.518066,343.496798,681.066954,47,0.004700000,0.995321987,52
regtest,60,7572.862991367,75,1.000000,mainnet,97,147.514543,15.464270,104.113234,341.755437,673.094293,61,0.006100000,0.993936984,101
regtest,60,7572.862991367,75,1.000000,mainnet,98,147.255902,15.467833,102.487464,339.254636,670.100004,73,0.007300000,0.992752904,400
regtest,60,7572.862991367,75,1.000000,mainnet,99,147.595611,15.354332,99.961648,346.978730,694.984924,74,0.007400000,0.992654358,342
regtest,60,7572.862991367,75,1.000000,mainnet,100,147.635991,15.879217,101.766359,338.953147,692.171977,62,0.006200000,0.993838203,630
regtest,60,7572.862991367,75,2.000000,mainnet,1,147.942254,15.641093,103.430209,336.823306,676.849528,132,0.013200000,0.986971970,417
regtest,60,7572.862991367,75,2.000000,mainnet,2,147.163932,15.539312,101.554686,340.050098,673.020043,118,0.011800000,0.988337616,101
regtest,60,7572.862991367,75,2.000000,mainnet,3,147.691695,15.456569,103.636810,338.464591,645.142841,126,0.012600000,0.987556785,243
regtest,60,7572.862991367,75,2.000000,mainnet,4,147.412414,16.073937,101.953938,340.043910,658.307118,127,0.012700000,0.987459267,106
regtest,60,7572.862991367,75,2.000000,mainnet,5,150.146129,15.367166,104.469320,342.456701,679.319009,137,0.013700000,0.986485153,157
regtest,60,7572.862991367,75,2.000000,mainnet,6,147.298319,15.154813,100.462521,342.978109,665.724014,132,0.013200000,0.986971970,642
regtest,60,7572.862991367,75,2.000000,mainnet,7,148.548376,15.928006,104.017146,341.338139,674.806601,132,0.013200000,0.986971970,54
regtest,60,7572.862991367,75,2.000000,mainnet,8,146.138025,14.922527,103.519330,332.475686,673.910653,136,0.013600000,0.986582478,222
regtest,60,7572.862991367,75,2.000000,mainnet,9,146.564910,15.546428,98.399956,343.955435,666.841562,135,0.013500000,0.986679822,40
regtest,60,7572.862991367,75,2.000000,mainnet,10,148.042900,15.655617,103.164463,343.095511,673.885366,130,0.013000000,0.987166831,183
regtest,60,7572.862991367,75,2.000000,mainnet,11,147.631288,15.814261,101.419218,339.471654,692.289138,139,0.013900000,0.986290561,104
regtest,60,7572.862991367,75,2.000000,mainnet,12,147.663856,15.113154,101.262660,344.393740,671.084795,113,0.011300000,0.988826263,169
regtest,60,7572.862991367,75,2.000000,mainnet,13,145.505080,15.042488,101.234308,333.652842,670.929434,138,0.013800000,0.986387848,108
regtest,60,7572.862991367,75,2.000000,mainnet,14,148.781488,16.327396,105.277920,342.512903,683.555436,109,0.010900000,0.989217529,110
regtest,60,7572.862991367,75,2.000000,mainnet,15,147.230849,15.763120,101.351289,335.894614,686.404087,142,0.014200000,0.985998817,34
regtest,60,7572.862991367,75,2.000000,mainnet,16,146.692318,15.313585,103.465470,339.125927,669.109291,135,0.013500000,0.986679822,146
regtest,60,7572.862991367,75,2.000000,mainnet,17,147.544533,15.510932,102.869079,337.663282,673.776648,147,0.014700000,0.985512959,258
regtest,60,7572.862991367,75,2.000000,mainnet,18,148.698077,15.045636,102.837191,343.966620,689.360495,134,0.013400000,0.986777186,297
regtest,60,7572.862991367,75,2.000000,mainnet,19,149.252682,16.391475,103.870071,342.462021,668.091356,132,0.013200000,0.986971970,160
regtest,60,7572.862991367,75,2.000000,mainnet,20,147.476840,15.831214,102.403906,338.934200,666.139404,117,0.011700000,0.988435307,166
regtest,60,7572.862991367,75,2.000000,mainnet,21,145.568225,15.051587,101.715528,332.938106,664.643174,154,0.015400000,0.984833563,260
regtest,60,7572.862991367,75,2.000000,mainnet,22,147.362230,15.711261,101.434325,343.945192,678.586844,134,0.013400000,0.986777186,324
regtest,60,7572.862991367,75,2.000000,mainnet,23,147.589932,16.308595,102.532627,340.443822,690.712124,121,0.012100000,0.988044660,98
regtest,60,7572.862991367,75,2.000000,mainnet,24,148.870201,15.550564,103.989582,343.771784,675.423587,130,0.013000000,0.987166831,176
regtest,60,7572.862991367,75,2.000000,mainnet,25,145.496301,14.516176,100.454814,334.040888,653.174948,123,0.012300000,0.987849452,395
regtest,60,7572.862991367,75,2.000000,mainnet,26,148.967851,16.129239,102.647916,345.767163,661.813243,112,0.011200000,0.988924051,767
regtest,60,7572.862991367,75,2.000000,mainnet,27,148.406711,15.226743,103.892031,342.719257,676.670449,129,0.012900000,0.987264291,337
regtest,60,7572.862991367,75,2.000000,mainnet,28,147.855586,14.902609,101.064526,345.002436,680.874566,128,0.012800000,0.987361769,232
regtest,60,7572.862991367,75,2.000000,mainnet,29,147.896195,15.457777,103.020814,343.836389,671.953021,141,0.014100000,0.986096046,374
regtest,60,7572.862991367,75,2.000000,mainnet,30,149.616084,15.504864,103.848897,343.509757,683.777663,122,0.012200000,0.987947046,375
regtest,60,7572.862991367,75,2.000000,mainnet,31,146.957898,15.511825,102.488161,342.706449,698.763303,137,0.013700000,0.986485153,103
regtest,60,7572.862991367,75,2.000000,mainnet,32,146.326942,15.049338,102.680275,337.252969,659.120783,137,0.013700000,0.986485153,199
regtest,60,7572.862991367,75,2.000000,mainnet,33,147.415501,16.269538,102.788217,335.936862,667.982107,121,0.012100000,0.988044660,17
regtest,60,7572.862991367,75,2.000000,mainnet,34,145.356767,15.074176,101.339608,330.164962,676.925360,133,0.013300000,0.986874568,84
regtest,60,7572.862991367,75,2.000000,mainnet,35,147.466551,15.811733,104.496865,335.541445,673.301514,133,0.013300000,0.986874568,29
regtest,60,7572.862991367,75,2.000000,mainnet,36,144.507210,14.935022,99.543292,330.886777,671.044476,117,0.011700000,0.988435307,225
regtest,60,7572.862991367,75,2.000000,mainnet,37,148.812732,15.428960,100.863724,344.712761,677.149216,135,0.013500000,0.986679822,107
regtest,60,7572.862991367,75,2.000000,mainnet,38,147.071053,14.883512,100.872225,344.128075,672.877033,119,0.011900000,0.988239945,143
regtest,60,7572.862991367,75,2.000000,mainnet,39,149.274825,16.179983,103.899012,343.198752,678.436995,130,0.013000000,0.987166831,353
regtest,60,7572.862991367,75,2.000000,mainnet,40,150.709947,16.839889,104.985825,343.015677,692.560665,138,0.013800000,0.986387848,293
regtest,60,7572.862991367,75,2.000000,mainnet,41,145.899874,15.560406,101.951656,330.687299,692.862614,138,0.013800000,0.986387848,159
regtest,60,7572.862991367,75,2.000000,mainnet,42,149.929630,16.517850,103.994221,344.055808,697.979661,139,0.013900000,0.986290561,18
regtest,60,7572.862991367,75,2.000000,mainnet,43,145.599342,15.172901,101.188352,339.309151,652.358575,134,0.013400000,0.986777186,241
regtest,60,7572.862991367,75,2.000000,mainnet,44,148.757829,16.024464,104.563592,342.214344,677.106373,126,0.012600000,0.987556785,506
regtest,60,7572.862991367,75,2.000000,mainnet,45,147.379476,15.587662,101.908327,340.204971,694.269009,143,0.014300000,0.985901607,140
regtest,60,7572.862991367,75,2.000000,mainnet,46,146.452033,15.014746,101.293082,339.966779,681.939867,138,0.013800000,0.986387848,257
regtest,60,7572.862991367,75,2.000000,mainnet,47,147.834236,15.255514,100.764086,342.642414,686.899136,146,0.014600000,0.985610093,372
regtest,60,7572.862991367,75,2.000000,mainnet,48,148.414915,15.587214,102.557756,341.359277,686.380014,133,0.013300000,0.986874568,141
regtest,60,7572.862991367,75,2.000000,mainnet,49,151.776705,16.519472,105.645344,346.070069,690.503304,129,0.012900000,0.987264291,76
regtest,60,7572.862991367,75,2.000000,mainnet,50,148.189704,14.887480,100.840016,347.319025,672.753089,149,0.014900000,0.985318751,738
regtest,60,7572.862991367,75,2.000000,mainnet,51,149.894454,16.212683,102.639093,342.099726,709.884131,142,0.014200000,0.985998817,1276
regtest,60,7572.862991367,75,2.000000,mainnet,52,146.918830,15.305224,100.827689,340.389454,685.804452,133,0.013300000,0.986874568,265
regtest,60,7572.862991367,75,2.000000,mainnet,53,149.324341,15.953388,104.368476,343.152364,671.206412,135,0.013500000,0.986679822,302
regtest,60,7572.862991367,75,2.000000,mainnet,54,148.399029,14.702198,102.161732,341.102957,699.966629,122,0.012200000,0.987947046,240
regtest,60,7572.862991367,75,2.000000,mainnet,55,148.709458,15.424887,103.948286,340.308319,691.004376,148,0.014800000,0.985415845,710
regtest,60,7572.862991367,75,2.000000,mainnet,56,147.828849,15.940083,103.151896,343.734698,659.853144,128,0.012800000,0.987361769,154
regtest,60,7572.862991367,75,2.000000,mainnet,57,148.286201,16.264403,103.308851,343.505551,676.719101,135,0.013500000,0.986679822,202
regtest,60,7572.862991367,75,2.000000,mainnet,58,147.089892,15.758548,101.276810,342.806571,682.119842,131,0.013100000,0.987069391,20
regtest,60,7572.862991367,75,2.000000,mainnet,59,146.643580,15.151897,102.831228,336.183795,684.287472,147,0.014700000,0.985512959,405
regtest,60,7572.862991367,75,2.000000,mainnet,60,148.451735,16.340790,102.652905,346.314232,672.080461,117,0.011700000,0.988435307,154
regtest,60,7572.862991367,75,2.000000,mainnet,61,147.802614,16.561976,102.299272,342.451166,672.560232,125,0.012500000,0.987654321,38
regtest,60,7572.862991367,75,2.000000,mainnet,62,146.488209,15.763565,103.631399,335.592175,675.903865,143,0.014300000,0.985901607,235
regtest,60,7572.862991367,75,2.000000,mainnet,63,147.466225,15.221042,102.347984,337.265429,667.796123,132,0.013200000,0.986971970,52
regtest,60,7572.862991367,75,2.000000,mainnet,64,148.544331,15.375369,103.717641,338.674413,670.595285,139,0.013900000,0.986290561,212
regtest,60,7572.862991367,75,2.000000,mainnet,65,147.108837,15.310825,101.009699,335.589276,691.680390,127,0.012700000,0.987459267,98
regtest,60,7572.862991367,75,2.000000,mainnet,66,147.386276,15.282128,101.588055,343.152594,665.149091,129,0.012900000,0.987264291,59
regtest,60,7572.862991367,75,2.000000,mainnet,67,150.193000,15.254792,102.780025,343.580353,715.273831,128,0.012800000,0.987361769,19
regtest,60,7572.862991367,75,2.000000,mainnet,68,148.260501,16.235576,104.390316,343.568830,675.109004,134,0.013400000,0.986777186,377
regtest,60,7572.862991367,75,2.000000,mainnet,69,149.553159,15.753135,103.973801,348.132937,697.182012,133,0.013300000,0.986874568,458
regtest,60,7572.862991367,75,2.000000,mainnet,70,148.084539,16.227291,99.926604,341.083407,710.137761,114,0.011400000,0.988728495,198
regtest,60,7572.862991367,75,2.000000,mainnet,71,147.771608,14.965118,100.878692,343.081820,690.133486,142,0.014200000,0.985998817,254
regtest,60,7572.862991367,75,2.000000,mainnet,72,147.385604,15.272183,102.099586,341.324682,675.294402,131,0.013100000,0.987069391,346
regtest,60,7572.862991367,75,2.000000,mainnet,73,149.537827,15.555743,102.732155,343.446815,703.740686,137,0.013700000,0.986485153,283
regtest,60,7572.862991367,75,2.000000,mainnet,74,150.375684,16.558961,104.240046,347.511292,693.856660,142,0.014200000,0.985998817,199
regtest,60,7572.862991367,75,2.000000,mainnet,75,148.938679,15.512688,102.874744,340.346779,722.505132,125,0.012500000,0.987654321,284
regtest,60,7572.862991367,75,2.000000,mainnet,76,147.712995,15.707211,101.867939,340.329415,688.576884,127,0.012700000,0.987459267,144
regtest,60,7572.862991367,75,2.000000,mainnet,77,147.537666,14.994016,102.809246,339.116221,682.428006,149,0.014900000,0.985318751,81
regtest,60,7572.862991367,75,2.000000,mainnet,78,148.074012,15.890186,103.242954,338.003680,686.103069,139,0.013900000,0.986290561,220
regtest,60,7572.862991367,75,2.000000,mainnet,79,150.239506,16.588543,104.674312,345.510328,687.853645,141,0.014100000,0.986096046,23
regtest,60,7572.862991367,75,2.000000,mainnet,80,147.864405,16.045210,101.768393,342.814950,690.964112,144,0.014400000,0.985804416,502
regtest,60,7572.862991367,75,2.000000,mainnet,81,150.477617,15.555520,105.383975,346.424319,712.433051,133,0.013300000,0.986874568,256
regtest,60,7572.862991367,75,2.000000,mainnet,82,148.122529,15.785083,103.056777,340.486749,681.629233,139,0.013900000,0.986290561,570
regtest,60,7572.862991367,75,2.000000,mainnet,83,150.362525,16.075321,104.084478,346.125367,676.473065,139,0.013900000,0.986290561,876
regtest,60,7572.862991367,75,2.000000,mainnet,84,148.558846,15.068916,103.003641,340.838168,700.453845,119,0.011900000,0.988239945,39
regtest,60,7572.862991367,75,2.000000,mainnet,85,147.663853,15.525181,101.163265,339.838085,651.103178,156,0.015600000,0.984639622,195
regtest,60,7572.862991367,75,2.000000,mainnet,86,147.964367,15.706378,101.885347,343.485772,671.149319,148,0.014800000,0.985415845,17
regtest,60,7572.862991367,75,2.000000,mainnet,87,148.683361,15.477240,102.964614,339.256341,679.984727,166,0.016600000,0.983671060,284
regtest,60,7572.862991367,75,2.000000,mainnet,88,145.569805,15.563592,102.581603,336.251246,659.821172,136,0.013600000,0.986582478,139
regtest,60,7572.862991367,75,2.000000,mainnet,89,148.475118,15.910608,102.700980,347.215362,670.456505,151,0.015100000,0.985124618,342
regtest,60,7572.862991367,75,2.000000,mainnet,90,149.200273,16.194083,103.676662,346.277554,676.128665,144,0.014400000,0.985804416,181
regtest,60,7572.862991367,75,2.000000,mainnet,91,147.232653,15.572240,102.656346,338.453823,676.760524,150,0.015000000,0.985221675,411
regtest,60,7572.862991367,75,2.000000,mainnet,92,148.081003,15.571335,101.483164,344.467820,681.911470,128,0.012800000,0.987361769,23
regtest,60,7572.862991367,75,2.000000,mainnet,93,144.450758,15.561452,98.598900,332.262123,673.169354,118,0.011800000,0.988337616,315
regtest,60,7572.862991367,75,2.000000,mainnet,94,150.561217,16.552720,104.959286,345.628450,679.459968,129,0.012900000,0.987264291,765
regtest,60,7572.862991367,75,2.000000,mainnet,95,147.409192,16.038828,103.702981,336.309744,670.929282,128,0.012800000,0.987361769,599
regtest,60,7572.862991367,75,2.000000,mainnet,96,147.383636,14.814118,101.392522,339.746368,675.978542,128,0.012800000,0.987361769,237
regtest,60,7572.862991367,75,2.000000,mainnet,97,148.993139,15.831846,105.442667,343.463694,685.935777,112,0.011200000,0.988924051,101
regtest,60,7572.862991367,75,2.000000,mainnet,98,147.147675,15.302624,102.005200,339.031778,665.494625,142,0.014200000,0.985998817,400
regtest,60,7572.862991367,75,2.000000,mainnet,99,147.846807,15.495718,100.507231,346.226011,687.815352,162,0.016200000,0.984058256,341
regtest,60,7572.862991367,75,2.000000,mainnet,100,147.730660,15.868113,101.088123,340.333263,696.553410,152,0.015200000,0.985027581,628
regtest,60,7572.862991367,75,5.000000,mainnet,1,148.377113,15.424185,101.508615,339.406092,700.498283,331,0.033100000,0.967960507,410
regtest,60,7572.862991367,75,5.000000,mainnet,2,147.814198,15.541553,101.749767,342.991863,674.239258,309,0.030900000,0.970026191,100
regtest,60,7572.862991367,75,5.000000,mainnet,3,145.366681,15.061121,101.564358,334.542882,638.492294,349,0.034900000,0.966276935,90
regtest,60,7572.862991367,75,5.000000,mainnet,4,149.736453,16.170056,104.123345,342.766939,687.290239,338,0.033800000,0.967305088,105
regtest,60,7572.862991367,75,5.000000,mainnet,5,150.254144,15.362992,104.750855,339.879664,689.913278,354,0.035400000,0.965810315,157
regtest,60,7572.862991367,75,5.000000,mainnet,6,147.510454,15.383771,101.343662,342.978109,669.529359,311,0.031100000,0.969838037,759
regtest,60,7572.862991367,75,5.000000,mainnet,7,148.969797,16.308119,104.411877,341.835120,674.806601,346,0.034600000,0.966557124,326
regtest,60,7572.862991367,75,5.000000,mainnet,8,147.900965,15.461816,103.098863,340.019599,702.828728,357,0.035700000,0.965530559,288
regtest,60,7572.862991367,75,5.000000,mainnet,9,147.988192,15.409267,99.732778,342.794190,674.948005,369,0.036900000,0.964413155,73
regtest,60,7572.862991367,75,5.000000,mainnet,10,146.858005,15.047710,102.286033,337.648118,672.294074,349,0.034900000,0.966276935,54
regtest,60,7572.862991367,75,5.000000,mainnet,11,145.832283,15.548412,99.852589,336.701970,679.234578,334,0.033400000,0.967679505,103
regtest,60,7572.862991367,75,5.000000,mainnet,12,148.093175,14.547310,102.692574,344.989202,666.201784,315,0.031500000,0.969461949,168
regtest,60,7572.862991367,75,5.000000,mainnet,13,146.433397,15.624135,102.643082,333.005391,674.395496,345,0.034500000,0.966650556,108
regtest,60,7572.862991367,75,5.000000,mainnet,14,147.808943,16.184324,103.807058,339.620903,682.813292,301,0.030100000,0.970779536,110
regtest,60,7572.862991367,75,5.000000,mainnet,15,147.824501,16.101568,100.921660,339.877063,701.834657,326,0.032600000,0.968429208,34
regtest,60,7572.862991367,75,5.000000,mainnet,16,146.958242,15.445133,103.046244,340.780346,673.997378,350,0.035000000,0.966183575,145
regtest,60,7572.862991367,75,5.000000,mainnet,17,148.239637,15.386616,103.141572,338.556933,688.509504,309,0.030900000,0.970026191,308
regtest,60,7572.862991367,75,5.000000,mainnet,18,149.129277,14.561396,103.109525,346.337530,704.831514,329,0.032900000,0.968147933,53
regtest,60,7572.862991367,75,5.000000,mainnet,19,149.130461,15.766500,104.405697,342.585083,680.555993,338,0.033800000,0.967305088,334
regtest,60,7572.862991367,75,5.000000,mainnet,20,147.968277,16.279203,102.969779,337.873209,677.689162,330,0.033000000,0.968054211,170
regtest,60,7572.862991367,75,5.000000,mainnet,21,146.349221,14.969410,103.832616,334.059453,657.320400,355,0.035500000,0.965717045,385
regtest,60,7572.862991367,75,5.000000,mainnet,22,147.928976,15.509458,103.644483,344.642186,671.516032,332,0.033200000,0.967866822,317
regtest,60,7572.862991367,75,5.000000,mainnet,23,147.660963,16.095173,101.302176,342.556091,697.007648,307,0.030700000,0.970214417,98
regtest,60,7572.862991367,75,5.000000,mainnet,24,147.486396,15.469130,102.414435,341.094831,669.104575,329,0.032900000,0.968147933,176
regtest,60,7572.862991367,75,5.000000,mainnet,25,148.339380,15.279281,101.894769,337.672609,700.199348,312,0.031200000,0.969743988,253
regtest,60,7572.862991367,75,5.000000,mainnet,26,149.481372,15.935702,103.837147,347.405612,666.985668,299,0.029900000,0.970968055,18
regtest,60,7572.862991367,75,5.000000,mainnet,27,146.649350,15.142137,100.234958,338.663702,682.999211,323,0.032300000,0.968710646,333
regtest,60,7572.862991367,75,5.000000,mainnet,28,148.553752,15.507606,103.682386,342.428743,682.294388,308,0.030800000,0.970120295,232
regtest,60,7572.862991367,75,5.000000,mainnet,29,149.464618,15.861693,104.998792,342.216165,683.812335,347,0.034700000,0.966463709,372
regtest,60,7572.862991367,75,5.000000,mainnet,30,150.269344,15.523275,104.623934,342.759549,678.680024,324,0.032400000,0.968616815,370
regtest,60,7572.862991367,75,5.000000,mainnet,31,148.766433,15.373733,103.081300,345.509072,707.873575,318,0.031800000,0.969180074,870
regtest,60,7572.862991367,75,5.000000,mainnet,32,145.113315,14.486961,100.805131,339.054089,654.291069,342,0.034200000,0.966930961,17
regtest,60,7572.862991367,75,5.000000,mainnet,33,147.607295,15.274317,101.760627,338.204696,675.462915,338,0.033800000,0.967305088,17
regtest,60,7572.862991367,75,5.000000,mainnet,34,146.564694,15.916817,101.972502,331.420266,669.198299,333,0.033300000,0.967773154,82
regtest,60,7572.862991367,75,5.000000,mainnet,35,146.894647,15.581566,103.051371,337.414986,676.181886,355,0.035500000,0.965717045,132
regtest,60,7572.862991367,75,5.000000,mainnet,36,146.065263,14.659620,101.064039,337.913059,678.821932,305,0.030500000,0.970402717,223
regtest,60,7572.862991367,75,5.000000,mainnet,37,147.823522,15.189812,100.312892,345.875089,679.471049,326,0.032600000,0.968429208,106
regtest,60,7572.862991367,75,5.000000,mainnet,38,146.756390,14.883512,100.587047,343.676825,674.819104,340,0.034000000,0.967117988,99
regtest,60,7572.862991367,75,5.000000,mainnet,39,148.347085,15.938842,102.725407,343.226003,685.641603,326,0.032600000,0.968429208,350
regtest,60,7572.862991367,75,5.000000,mainnet,40,148.962421,16.305885,104.718379,341.758925,694.327872,352,0.035200000,0.965996909,289
regtest,60,7572.862991367,75,5.000000,mainnet,41,147.195942,15.860509,102.647205,338.381286,687.463107,318,0.031800000,0.969180074,227
regtest,60,7572.862991367,75,5.000000,mainnet,42,150.104985,16.089371,103.437904,346.145935,695.510694,329,0.032900000,0.968147933,18
regtest,60,7572.862991367,75,5.000000,mainnet,43,146.130976,15.185485,101.328637,340.474867,652.358575,334,0.033400000,0.967679505,672
regtest,60,7572.862991367,75,5.000000,mainnet,44,148.815656,16.081356,103.301427,344.336942,687.311199,334,0.033400000,0.967679505,49
regtest,60,7572.862991367,75,5.000000,mainnet,45,145.580738,15.237518,100.072775,338.284681,680.949048,360,0.036000000,0.965250965,140
regtest,60,7572.862991367,75,5.000000,mainnet,46,147.622034,15.323740,103.461157,340.789669,661.392089,335,0.033500000,0.967585873,299
regtest,60,7572.862991367,75,5.000000,mainnet,47,148.591807,15.289836,101.924649,345.199296,686.484115,334,0.033400000,0.967679505,368
regtest,60,7572.862991367,75,5.000000,mainnet,48,148.362057,15.734659,102.768322,339.898759,690.075814,362,0.036200000,0.965064659,142
regtest,60,7572.862991367,75,5.000000,mainnet,49,151.514288,16.527942,104.773452,352.469635,686.591521,351,0.035100000,0.966090233,76
regtest,60,7572.862991367,75,5.000000,mainnet,50,147.216306,15.335300,100.849731,342.052290,677.644978,348,0.034800000,0.966370313,147
regtest,60,7572.862991367,75,5.000000,mainnet,51,151.352269,16.355573,103.834022,343.606809,712.279451,312,0.031200000,0.969743988,60
regtest,60,7572.862991367,75,5.000000,mainnet,52,146.686013,14.998492,101.152242,338.365685,690.972387,314,0.031400000,0.969555943,567
regtest,60,7572.862991367,75,5.000000,mainnet,53,147.694369,15.507586,102.748581,341.927690,669.121043,355,0.035500000,0.965717045,296
regtest,60,7572.862991367,75,5.000000,mainnet,54,148.585859,15.067681,103.667633,340.857817,694.926422,333,0.033300000,0.967773154,236
regtest,60,7572.862991367,75,5.000000,mainnet,55,147.565107,15.171886,102.604198,337.967454,701.251335,348,0.034800000,0.966370313,583
regtest,60,7572.862991367,75,5.000000,mainnet,56,144.573053,15.522644,100.812388,335.765376,636.024335,345,0.034500000,0.966650556,148
regtest,60,7572.862991367,75,5.000000,mainnet,57,147.190090,16.208094,102.140655,342.067004,681.919302,350,0.035000000,0.966183575,190
regtest,60,7572.862991367,75,5.000000,mainnet,58,146.144581,16.157157,101.167336,337.373623,679.081746,311,0.031100000,0.969838037,17
regtest,60,7572.862991367,75,5.000000,mainnet,59,148.774113,15.765757,103.671077,338.093970,691.960631,321,0.032100000,0.968898363,399
regtest,60,7572.862991367,75,5.000000,mainnet,60,148.841327,16.442203,102.924162,347.119254,662.210565,312,0.031200000,0.969743988,263
regtest,60,7572.862991367,75,5.000000,mainnet,61,146.418004,16.684511,100.675061,339.202562,663.727796,327,0.032700000,0.968335431,38
regtest,60,7572.862991367,75,5.000000,mainnet,62,146.826814,16.167780,103.831157,334.157265,675.903865,325,0.032500000,0.968523002,671
regtest,60,7572.862991367,75,5.000000,mainnet,63,149.008384,14.923207,101.235425,341.364392,687.242879,320,0.032000000,0.968992248,52
regtest,60,7572.862991367,75,5.000000,mainnet,64,148.666247,15.069928,103.700660,342.799974,683.723814,355,0.035500000,0.965717045,18
regtest,60,7572.862991367,75,5.000000,mainnet,65,145.990016,14.634926,100.395127,332.917004,686.283193,333,0.033300000,0.967773154,98
regtest,60,7572.862991367,75,5.000000,mainnet,66,149.106719,15.461928,102.451475,350.273248,659.658303,339,0.033900000,0.967211529,93
regtest,60,7572.862991367,75,5.000000,mainnet,67,148.340198,14.821626,101.933987,340.791067,709.564420,311,0.031100000,0.969838037,19
regtest,60,7572.862991367,75,5.000000,mainnet,68,149.183198,15.851252,104.554671,344.623073,678.996059,341,0.034100000,0.967024466,178
regtest,60,7572.862991367,75,5.000000,mainnet,69,151.417756,15.392131,104.764537,353.501832,708.243120,322,0.032200000,0.968804495,450
regtest,60,7572.862991367,75,5.000000,mainnet,70,147.880915,15.934672,99.824597,338.976683,718.785320,317,0.031700000,0.969274014,87
regtest,60,7572.862991367,75,5.000000,mainnet,71,147.962442,15.405659,101.198595,344.695437,689.360619,338,0.033800000,0.967305088,254
regtest,60,7572.862991367,75,5.000000,mainnet,72,149.146966,15.463149,104.913516,344.314571,682.240891,279,0.027900000,0.972857282,114
regtest,60,7572.862991367,75,5.000000,mainnet,73,149.474825,16.110649,102.601655,341.698171,686.520000,343,0.034300000,0.966837475,173
regtest,60,7572.862991367,75,5.000000,mainnet,74,150.894292,16.489815,104.551364,348.620691,689.589470,362,0.036200000,0.965064659,197
regtest,60,7572.862991367,75,5.000000,mainnet,75,147.245011,15.352087,100.915245,337.876669,668.974119,305,0.030500000,0.970402717,55
regtest,60,7572.862991367,75,5.000000,mainnet,76,147.103296,15.475450,101.758560,343.532536,672.841944,332,0.033200000,0.967866822,105
regtest,60,7572.862991367,75,5.000000,mainnet,77,146.411205,14.832149,101.742312,335.632355,677.817540,360,0.036000000,0.965250965,80
regtest,60,7572.862991367,75,5.000000,mainnet,78,147.720301,15.649866,103.060709,335.411419,671.835413,332,0.033200000,0.967866822,634
regtest,60,7572.862991367,75,5.000000,mainnet,79,149.565936,16.357799,104.336948,344.035700,678.083596,373,0.037300000,0.964041261,413
regtest,60,7572.862991367,75,5.000000,mainnet,80,147.101775,15.654173,101.055724,340.167662,697.456088,346,0.034600000,0.966557124,382
regtest,60,7572.862991367,75,5.000000,mainnet,81,148.631712,15.579275,103.552769,338.482627,675.090084,331,0.033100000,0.967960507,251
regtest,60,7572.862991367,75,5.000000,mainnet,82,149.095043,15.793016,102.086891,347.200460,690.698722,318,0.031800000,0.969180074,562
regtest,60,7572.862991367,75,5.000000,mainnet,83,150.490848,16.114343,104.155709,345.444179,689.592736,333,0.033300000,0.967773154,465
regtest,60,7572.862991367,75,5.000000,mainnet,84,147.920190,14.639783,101.288941,338.909176,713.944565,317,0.031700000,0.969274014,125
regtest,60,7572.862991367,75,5.000000,mainnet,85,146.313423,15.090646,100.727398,336.756431,641.606372,359,0.035900000,0.965344145,194
regtest,60,7572.862991367,75,5.000000,mainnet,86,147.723953,15.126413,101.302195,341.841955,670.715009,354,0.035400000,0.965810315,17
regtest,60,7572.862991367,75,5.000000,mainnet,87,148.359094,15.126150,102.118318,342.875331,677.669582,345,0.034500000,0.966650556,281
regtest,60,7572.862991367,75,5.000000,mainnet,88,146.104718,15.770204,102.277891,335.858817,666.264715,312,0.031200000,0.969743988,137
regtest,60,7572.862991367,75,5.000000,mainnet,89,147.568855,15.577574,101.397004,346.333209,693.635080,332,0.033200000,0.967866822,340
regtest,60,7572.862991367,75,5.000000,mainnet,90,149.113477,15.960459,104.010954,345.648460,680.340493,327,0.032700000,0.968335431,180
regtest,60,7572.862991367,75,5.000000,mainnet,91,147.352281,15.274922,101.359752,343.293356,691.815526,345,0.034500000,0.966650556,407
regtest,60,7572.862991367,75,5.000000,mainnet,92,146.045184,15.166002,99.923544,337.227206,682.607381,323,0.032300000,0.968710646,23
regtest,60,7572.862991367,75,5.000000,mainnet,93,143.500069,15.357882,98.069547,330.558202,662.931610,322,0.032200000,0.968804495,283
regtest,60,7572.862991367,75,5.000000,mainnet,94,149.771018,15.980587,104.654807,342.297543,681.221255,331,0.033100000,0.967960507,162
regtest,60,7572.862991367,75,5.000000,mainnet,95,146.803026,16.031390,102.821245,338.427445,664.254692,348,0.034800000,0.966370313,160
regtest,60,7572.862991367,75,5.000000,mainnet,96,148.003208,14.145415,101.215848,341.757864,678.942069,347,0.034700000,0.966463709,700
regtest,60,7572.862991367,75,5.000000,mainnet,97,148.720949,15.444866,105.231760,345.052353,659.288553,314,0.031400000,0.969555943,101
regtest,60,7572.862991367,75,5.000000,mainnet,98,147.797770,15.584426,101.481305,341.759094,674.887824,319,0.031900000,0.969086152,398
regtest,60,7572.862991367,75,5.000000,mainnet,99,148.977859,15.944086,101.951110,345.822365,687.815352,335,0.033500000,0.967585873,208
regtest,60,7572.862991367,75,5.000000,mainnet,100,146.535254,15.769549,101.790812,334.715945,692.171977,332,0.033200000,0.967866822,622
regtest,60,7572.862991367,75,10.000000,mainnet,1,148.753877,16.190569,103.199711,339.110661,667.516502,699,0.069900000,0.934666791,98
regtest,60,7572.862991367,75,10.000000,mainnet,2,148.405318,15.228231,101.727028,345.978970,682.880324,615,0.061500000,0.942063118,103
regtest,60,7572.862991367,75,10.000000,mainnet,3,146.172678,15.544029,101.972877,334.013936,647.972246,645,0.064500000,0.939408173,57
regtest,60,7572.862991367,75,10.000000,mainnet,4,148.301376,16.210427,104.802220,334.732087,663.044829,661,0.066100000,0.937998312,105
regtest,60,7572.862991367,75,10.000000,mainnet,5,148.821978,14.773705,103.502909,343.182880,689.025450,714,0.071400000,0.933358223,100
regtest,60,7572.862991367,75,10.000000,mainnet,6,146.943058,15.232679,101.954687,341.098721,663.973065,647,0.064700000,0.939231708,605
regtest,60,7572.862991367,75,10.000000,mainnet,7,148.152766,16.573807,103.863965,340.006714,665.641248,685,0.068500000,0.935891437,126
regtest,60,7572.862991367,75,10.000000,mainnet,8,148.652529,15.049067,104.058047,340.380283,698.186245,668,0.066800000,0.937382827,70
regtest,60,7572.862991367,75,10.000000,mainnet,9,146.514277,15.363501,99.520226,339.319296,659.293072,701,0.070100000,0.934492104,203
regtest,60,7572.862991367,75,10.000000,mainnet,10,147.174082,14.967184,103.175072,338.781423,671.265195,666,0.066600000,0.937558597,259
regtest,60,7572.862991367,75,10.000000,mainnet,11,145.073234,15.346178,100.275597,330.367384,678.993676,685,0.068500000,0.935891437,102
regtest,60,7572.862991367,75,10.000000,mainnet,12,149.202275,14.520232,102.924029,348.873747,672.310300,655,0.065500000,0.938526513,125
regtest,60,7572.862991367,75,10.000000,mainnet,13,146.494902,15.965963,103.662894,333.652842,669.668608,699,0.069900000,0.934666791,98
regtest,60,7572.862991367,75,10.000000,mainnet,14,147.999210,16.327396,102.867453,340.290088,679.100697,613,0.061300000,0.942240648,110
regtest,60,7572.862991367,75,10.000000,mainnet,15,147.006505,16.037583,99.660369,341.623385,707.710023,669,0.066900000,0.937294967,33
regtest,60,7572.862991367,75,10.000000,mainnet,16,146.351580,15.235634,100.679143,340.780346,681.281089,712,0.071200000,0.933532487,141
regtest,60,7572.862991367,75,10.000000,mainnet,17,148.176343,15.364599,103.482602,338.737055,680.269698,642,0.064200000,0.939672994,252
regtest,60,7572.862991367,75,10.000000,mainnet,18,151.421366,14.916407,105.036504,349.735256,710.061392,654,0.065400000,0.938614605,289
regtest,60,7572.862991367,75,10.000000,mainnet,19,149.036928,15.530958,105.497361,337.879100,671.912662,677,0.067700000,0.936592676,56
regtest,60,7572.862991367,75,10.000000,mainnet,20,146.092898,16.494298,101.500746,330.676475,675.130903,644,0.064400000,0.939496430,603
regtest,60,7572.862991367,75,10.000000,mainnet,21,146.237099,15.245866,103.280447,337.086200,663.729346,679,0.067900000,0.936417268,518
regtest,60,7572.862991367,75,10.000000,mainnet,22,146.615780,15.963404,101.181458,343.087653,674.589642,701,0.070100000,0.934492104,78
regtest,60,7572.862991367,75,10.000000,mainnet,23,148.261882,15.379568,101.105967,344.933303,706.391093,646,0.064600000,0.939319932,97
regtest,60,7572.862991367,75,10.000000,mainnet,24,147.690366,15.786263,103.142048,340.851976,676.275055,630,0.063000000,0.940733772,174
regtest,60,7572.862991367,75,10.000000,mainnet,25,148.290799,15.302185,102.544061,337.243488,692.320573,615,0.061500000,0.942063118,256
regtest,60,7572.862991367,75,10.000000,mainnet,26,147.156390,15.990100,101.247679,343.375072,667.380974,640,0.064000000,0.939849624,18
regtest,60,7572.862991367,75,10.000000,mainnet,27,148.498393,15.170914,102.107158,344.190534,682.880167,637,0.063700000,0.940114694,323
regtest,60,7572.862991367,75,10.000000,mainnet,28,148.070022,15.420904,102.977867,344.266523,677.079722,646,0.064600000,0.939319932,232
regtest,60,7572.862991367,75,10.000000,mainnet,29,147.127309,15.512764,102.925702,342.533512,674.007822,667,0.066700000,0.937470704,595
regtest,60,7572.862991367,75,10.000000,mainnet,30,151.468333,15.803716,106.100154,345.859095,678.675406,661,0.066100000,0.937998312,446
regtest,60,7572.862991367,75,10.000000,mainnet,31,150.668119,16.008225,104.065669,350.847830,718.227376,637,0.063700000,0.940114694,685
regtest,60,7572.862991367,75,10.000000,mainnet,32,146.690546,14.553891,101.580589,339.226374,656.349351,660,0.066000000,0.938086304,17
regtest,60,7572.862991367,75,10.000000,mainnet,33,148.359060,15.509568,101.583677,341.240161,684.877654,662,0.066200000,0.937910336,17
regtest,60,7572.862991367,75,10.000000,mainnet,34,146.379436,15.495245,102.077920,331.914778,663.802287,641,0.064100000,0.939761301,93
regtest,60,7572.862991367,75,10.000000,mainnet,35,146.677739,15.575602,103.810949,337.558926,674.796745,672,0.067200000,0.937031484,752
regtest,60,7572.862991367,75,10.000000,mainnet,36,146.419687,14.932235,101.706564,335.566711,676.464809,665,0.066500000,0.937646507,221
regtest,60,7572.862991367,75,10.000000,mainnet,37,146.996637,15.928786,99.932077,336.970187,683.815479,690,0.069000000,0.935453695,95
regtest,60,7572.862991367,75,10.000000,mainnet,38,147.786190,15.240378,101.358701,345.729727,686.190874,626,0.062600000,0.941087898,98
regtest,60,7572.862991367,75,10.000000,mainnet,39,148.515230,15.275985,102.916310,342.856445,678.202904,684,0.068400000,0.935979034,1086
regtest,60,7572.862991367,75,10.000000,mainnet,40,146.100281,16.128543,103.149335,336.929695,657.438071,716,0.071600000,0.933184024,284
regtest,60,7572.862991367,75,10.000000,mainnet,41,146.244972,15.534117,101.763745,335.496296,674.187438,656,0.065600000,0.938438438,156
regtest,60,7572.862991367,75,10.000000,mainnet,42,149.456357,15.303732,103.532252,346.145935,698.910298,651,0.065100000,0.938878978,18
regtest,60,7572.862991367,75,10.000000,mainnet,43,145.086583,14.766081,100.022381,340.007051,649.549885,629,0.062900000,0.940822279,220
regtest,60,7572.862991367,75,10.000000,mainnet,44,148.646831,16.390574,104.081437,343.530160,672.867938,675,0.067500000,0.936768150,142
regtest,60,7572.862991367,75,10.000000,mainnet,45,147.419558,15.271777,101.937701,342.750072,688.901091,685,0.068500000,0.935891437,259
regtest,60,7572.862991367,75,10.000000,mainnet,46,147.772545,15.453475,103.343746,338.475680,690.185162,658,0.065800000,0.938262338,32
regtest,60,7572.862991367,75,10.000000,mainnet,47,148.850493,15.604462,102.475438,343.550161,688.172260,662,0.066200000,0.937910336,117
regtest,60,7572.862991367,75,10.000000,mainnet,48,148.754155,16.049114,102.775469,338.663594,690.075814,693,0.069300000,0.935191247,138
regtest,60,7572.862991367,75,10.000000,mainnet,49,151.670107,16.407639,104.828800,350.770869,687.109132,651,0.065100000,0.938878978,76
regtest,60,7572.862991367,75,10.000000,mainnet,50,148.510336,15.154208,103.255608,343.052751,696.707832,639,0.063900000,0.939937964,144
regtest,60,7572.862991367,75,10.000000,mainnet,51,149.560849,15.871754,102.768668,341.795519,702.376323,691,0.069100000,0.935366196,176
regtest,60,7572.862991367,75,10.000000,mainnet,52,147.904704,15.437036,102.971539,339.715310,694.643192,615,0.061500000,0.942063118,167
regtest,60,7572.862991367,75,10.000000,mainnet,53,150.097908,15.951005,105.379830,344.386038,689.410351,670,0.067000000,0.937207123,292
regtest,60,7572.862991367,75,10.000000,mainnet,54,149.228966,15.403076,103.520199,344.751735,678.442904,676,0.067600000,0.936680405,183
regtest,60,7572.862991367,75,10.000000,mainnet,55,146.851739,15.536826,103.099027,334.550249,688.241319,687,0.068700000,0.935716291,564
regtest,60,7572.862991367,75,10.000000,mainnet,56,146.440386,15.316536,101.673930,341.508977,640.934481,680,0.068000000,0.936329588,98
regtest,60,7572.862991367,75,10.000000,mainnet,57,147.263168,15.639775,101.815731,341.742210,679.820836,661,0.066100000,0.937998312,195
regtest,60,7572.862991367,75,10.000000,mainnet,58,147.876916,15.547102,102.156036,341.885327,683.967633,668,0.066800000,0.937382827,18
regtest,60,7572.862991367,75,10.000000,mainnet,59,148.039811,15.629489,101.533960,337.178630,701.304331,686,0.068600000,0.935803856,217
regtest,60,7572.862991367,75,10.000000,mainnet,60,149.328226,16.110402,102.587601,346.941024,676.698864,645,0.064500000,0.939408173,262
regtest,60,7572.862991367,75,10.000000,mainnet,61,146.936344,16.363569,101.655986,340.642762,667.398415,669,0.066900000,0.937294967,98
regtest,60,7572.862991367,75,10.000000,mainnet,62,147.786116,15.742129,104.355473,336.329857,683.855298,647,0.064700000,0.939231708,23
regtest,60,7572.862991367,75,10.000000,mainnet,63,148.266518,15.237750,101.454041,340.706934,668.830424,642,0.064200000,0.939672994,52
regtest,60,7572.862991367,75,10.000000,mainnet,64,150.969673,15.831508,105.300876,347.237841,690.373728,701,0.070100000,0.934492104,246
regtest,60,7572.862991367,75,10.000000,mainnet,65,146.450865,14.503858,101.028416,333.814546,698.286802,634,0.063400000,0.940379913,97
regtest,60,7572.862991367,75,10.000000,mainnet,66,148.617989,15.339696,101.918636,347.012529,660.772675,644,0.064400000,0.939496430,423
regtest,60,7572.862991367,75,10.000000,mainnet,67,149.148249,14.841854,102.243647,341.175284,702.471001,620,0.062000000,0.941619586,182
regtest,60,7572.862991367,75,10.000000,mainnet,68,149.664097,15.968967,104.545786,347.335494,675.163529,676,0.067600000,0.936680405,299
regtest,60,7572.862991367,75,10.000000,mainnet,69,150.580017,15.357663,104.119764,347.218735,703.146030,654,0.065400000,0.938614605,805
regtest,60,7572.862991367,75,10.000000,mainnet,70,146.077567,15.366465,100.005287,338.040410,707.472169,683,0.068300000,0.936066648,85
regtest,60,7572.862991367,75,10.000000,mainnet,71,147.717208,14.872327,102.022103,342.997434,682.504816,641,0.064100000,0.939761301,17
regtest,60,7572.862991367,75,10.000000,mainnet,72,149.309192,15.816060,105.128308,343.848184,685.747910,643,0.064300000,0.939584704,519
regtest,60,7572.862991367,75,10.000000,mainnet,73,147.534806,16.422733,101.203571,334.861749,701.339637,666,0.066600000,0.937558597,595
regtest,60,7572.862991367,75,10.000000,mainnet,74,150.523500,16.129089,103.465019,348.696285,690.285075,683,0.068300000,0.936066648,183
regtest,60,7572.862991367,75,10.000000,mainnet,75,148.518390,15.639963,101.965018,337.876669,685.007284,642,0.064200000,0.939672994,55
regtest,60,7572.862991367,75,10.000000,mainnet,76,147.652558,14.864366,102.826098,340.803739,670.172869,659,0.065900000,0.938174313,100
regtest,60,7572.862991367,75,10.000000,mainnet,77,146.736903,15.142618,102.809246,334.676624,672.202127,684,0.068400000,0.935979034,249
regtest,60,7572.862991367,75,10.000000,mainnet,78,147.474238,15.577383,103.264280,338.502652,663.759732,658,0.065800000,0.938262338,628
regtest,60,7572.862991367,75,10.000000,mainnet,79,149.462763,16.277363,104.036180,345.645373,681.801223,692,0.069200000,0.935278713,406
regtest,60,7572.862991367,75,10.000000,mainnet,80,146.983917,15.222744,102.315078,338.174059,688.928568,646,0.064600000,0.939319932,376
regtest,60,7572.862991367,75,10.000000,mainnet,81,146.311469,14.852834,101.872055,336.642978,673.402878,671,0.067100000,0.937119295,248
regtest,60,7572.862991367,75,10.000000,mainnet,82,148.773762,15.680726,101.810014,345.031689,685.833434,649,0.064900000,0.939055310,62
regtest,60,7572.862991367,75,10.000000,mainnet,83,149.698127,16.672662,103.951193,343.182333,668.049436,682,0.068200000,0.936154278,457
regtest,60,7572.862991367,75,10.000000,mainnet,84,149.478289,15.416226,101.981448,341.029968,713.737383,646,0.064600000,0.939319932,125
regtest,60,7572.862991367,75,10.000000,mainnet,85,145.401252,15.250293,99.896315,335.661363,651.103178,700,0.070000000,0.934579439,301
regtest,60,7572.862991367,75,10.000000,mainnet,86,148.485036,15.773765,102.727893,341.616813,676.282589,667,0.066700000,0.937470704,17
regtest,60,7572.862991367,75,10.000000,mainnet,87,148.163185,15.316774,103.030740,340.736336,678.643556,678,0.067800000,0.936504963,281
regtest,60,7572.862991367,75,10.000000,mainnet,88,145.798561,15.789539,102.162066,333.798261,663.109765,638,0.063800000,0.940026321,145
regtest,60,7572.862991367,75,10.000000,mainnet,89,148.551048,15.133423,100.847415,351.634144,717.266069,659,0.065900000,0.938174313,335
regtest,60,7572.862991367,75,10.000000,mainnet,90,149.688746,15.607395,103.286980,346.496491,695.284461,651,0.065100000,0.938878978,129
regtest,60,7572.862991367,75,10.000000,mainnet,91,148.293344,15.446616,101.484791,342.854595,701.358276,649,0.064900000,0.939055310,458
regtest,60,7572.862991367,75,10.000000,mainnet,92,144.128534,15.176630,99.252807,333.940518,678.232978,686,0.068600000,0.935803856,513
regtest,60,7572.862991367,75,10.000000,mainnet,93,145.061617,15.614098,99.772325,336.133542,672.585307,641,0.064100000,0.939761301,276
regtest,60,7572.862991367,75,10.000000,mainnet,94,149.427671,15.852526,104.338956,341.841751,679.459968,685,0.068500000,0.935891437,183
regtest,60,7572.862991367,75,10.000000,mainnet,95,148.723574,15.803674,104.499432,342.959250,676.315432,642,0.064200000,0.939672994,159
regtest,60,7572.862991367,75,10.000000,mainnet,96,149.702437,14.600848,103.318090,343.828999,683.424785,711,0.071100000,0.933619643,131
regtest,60,7572.862991367,75,10.000000,mainnet,97,148.035640,15.336381,103.642063,343.355304,660.262740,666,0.066600000,0.937558597,209
regtest,60,7572.862991367,75,10.000000,mainnet,98,147.317621,15.241775,102.742623,339.323944,661.900348,657,0.065700000,0.938350380,462
regtest,60,7572.862991367,75,10.000000,mainnet,99,146.515367,15.207651,101.164285,339.208960,684.244270,674,0.067400000,0.936855912,266
regtest,60,7572.862991367,75,10.000000,mainnet,100,145.397210,15.618126,101.753200,329.368583,653.333641,665,0.066500000,0.937646507,323
regtest,80,7572.862991367,75,0.500000,mainnet,1,111.430305,11.885097,76.691251,256.948956,508.485545,38,0.003800000,0.996214385,29
regtest,80,7572.862991367,75,0.500000,mainnet,2,110.878591,11.833529,75.593310,257.389481,511.231028,42,0.004200000,0.995817566,93
regtest,80,7572.862991367,75,0.500000,mainnet,3,111.040034,11.658022,77.970791,256.699398,481.845004,38,0.003800000,0.996214385,17
regtest,80,7572.862991367,75,0.500000,mainnet,4,110.770406,11.933577,77.882574,255.439778,493.730338,48,0.004800000,0.995222930,65
regtest,80,7572.862991367,75,0.500000,mainnet,5,112.471546,11.613988,78.045714,256.000391,505.367796,45,0.004500000,0.995520159,25
regtest,80,7572.862991367,75,0.500000,mainnet,6,110.530642,11.494114,76.069131,255.566105,500.377630,44,0.004400000,0.995619275,40
regtest,80,7572.862991367,75,0.500000,mainnet,7,111.895962,12.201761,77.971321,256.746832,511.169179,27,0.002700000,0.997307270,34
regtest,80,7572.862991367,75,0.500000,mainnet,8,110.202438,11.394298,77.143408,252.162697,504.503432,46,0.004600000,0.995421063,17
regtest,80,7572.862991367,75,0.500000,mainnet,9,111.373834,11.980658,74.616567,260.169873,506.383838,42,0.004200000,0.995817566,36
regtest,80,7572.862991367,75,0.500000,mainnet,10,111.041106,11.270756,77.140509,253.612015,514.272137,42,0.004200000,0.995817566,23
regtest,80,7572.862991367,75,0.500000,mainnet,11,110.292913,11.741042,75.669624,253.237864,522.414490,54,0.005400000,0.994629003,101
regtest,80,7572.862991367,75,0.500000,mainnet,12,112.079423,11.405773,77.091568,261.655310,506.133912,43,0.004300000,0.995718411,26
regtest,80,7572.862991367,75,0.500000,mainnet,13,109.475116,11.211390,76.095857,252.288020,504.229564,53,0.005300000,0.994727942,99
regtest,80,7572.862991367,75,0.500000,mainnet,14,111.158402,12.126873,78.383760,255.705810,511.697844,46,0.004600000,0.995421063,27
regtest,80,7572.862991367,75,0.500000,mainnet,15,111.050037,12.074991,76.473031,253.434608,505.847963,58,0.005800000,0.994233446,27
regtest,80,7572.862991367,75,0.500000,mainnet,16,112.519474,11.817046,79.557783,261.357315,509.340690,40,0.004000000,0.996015936,18
regtest,80,7572.862991367,75,0.500000,mainnet,17,110.013224,11.647590,76.933950,252.044540,503.263523,50,0.005000000,0.995024876,88
regtest,80,7572.862991367,75,0.500000,mainnet,18,111.533191,11.188749,77.206340,257.156968,516.768203,33,0.003300000,0.996710854,48
regtest,80,7572.862991367,75,0.500000,mainnet,19,111.455723,11.825964,77.040428,256.823620,514.614791,35,0.003500000,0.996512207,35
regtest,80,7572.862991367,75,0.500000,mainnet,20,111.419666,12.000067,78.152438,252.313026,498.481363,46,0.004600000,0.995421063,161
regtest,80,7572.862991367,75,0.500000,mainnet,21,110.305118,11.293733,76.668403,253.489776,494.276164,54,0.005400000,0.994629003,165
regtest,80,7572.862991367,75,0.500000,mainnet,22,110.860720,11.971473,76.112553,257.605024,508.861868,34,0.003400000,0.996611521,17
regtest,80,7572.862991367,75,0.500000,mainnet,23,111.942597,12.445196,78.125660,257.824779,525.649951,32,0.003200000,0.996810207,17
regtest,80,7572.862991367,75,0.500000,mainnet,24,111.158862,11.681400,76.602336,257.828838,507.720083,55,0.005500000,0.994530085,83
regtest,80,7572.862991367,75,0.500000,mainnet,25,110.586181,11.364330,76.432788,254.404978,506.086199,48,0.004800000,0.995222930,76
regtest,80,7572.862991367,75,0.500000,mainnet,26,111.784379,11.888549,77.426481,258.142837,497.251500,42,0.004200000,0.995817566,17
regtest,80,7572.862991367,75,0.500000,mainnet,27,111.281192,11.462471,76.953777,256.702391,511.757231,45,0.004500000,0.995520159,17
regtest,80,7572.862991367,75,0.500000,mainnet,28,110.859120,11.461473,76.623369,257.189917,504.325279,41,0.004100000,0.995916741,123
regtest,80,7572.862991367,75,0.500000,mainnet,29,110.841528,11.677018,77.042008,257.651382,505.505867,51,0.005100000,0.994925878,132
regtest,80,7572.862991367,75,0.500000,mainnet,30,113.977063,11.776281,79.414022,260.235967,516.829416,43,0.004300000,0.995718411,85
regtest,80,7572.862991367,75,0.500000,mainnet,31,111.656493,11.837850,77.357568,262.493193,523.026536,46,0.004600000,0.995421063,94
regtest,80,7572.862991367,75,0.500000,mainnet,32,109.575630,11.224899,76.101577,254.695360,494.340587,54,0.005400000,0.994629003,80
regtest,80,7572.862991367,75,0.500000,mainnet,33,111.363345,12.311784,76.272655,257.342632,506.683508,39,0.003900000,0.996115151,18
regtest,80,7572.862991367,75,0.500000,mainnet,34,108.942276,11.485614,75.462265,249.099185,504.566066,40,0.004000000,0.996015936,19
regtest,80,7572.862991367,75,0.500000,mainnet,35,112.096362,12.005773,78.966267,257.032618,514.734293,45,0.004500000,0.995520159,23
regtest,80,7572.862991367,75,0.500000,mainnet,36,108.915493,11.451082,75.539342,248.650078,508.950414,48,0.004800000,0.995222930,33
regtest,80,7572.862991367,75,0.500000,mainnet,37,111.628229,11.798914,76.297596,257.890098,515.229434,39,0.003900000,0.996115151,46
regtest,80,7572.862991367,75,0.500000,mainnet,38,111.294208,11.096969,76.859136,258.941009,507.630837,42,0.004200000,0.995817566,106
regtest,80,7572.862991367,75,0.500000,mainnet,39,112.593506,12.185830,78.220310,259.427713,507.474581,39,0.003900000,0.996115151,43
regtest,80,7572.862991367,75,0.500000,mainnet,40,112.400951,12.209835,78.103305,257.320473,513.471774,50,0.005000000,0.995024876,288
regtest,80,7572.862991367,75,0.500000,mainnet,41,110.299464,11.966397,77.008336,250.840675,524.709672,53,0.005300000,0.994727942,36
regtest,80,7572.862991367,75,0.500000,mainnet,42,112.728337,11.976149,77.949534,258.422735,524.182724,52,0.005200000,0.994826900,21
regtest,80,7572.862991367,75,0.500000,mainnet,43,110.352601,11.642129,77.024469,256.758183,491.965369,46,0.004600000,0.995421063,55
regtest,80,7572.862991367,75,0.500000,mainnet,44,111.604262,11.947465,77.629521,255.675642,526.046920,44,0.004400000,0.995619275,109
regtest,80,7572.862991367,75,0.500000,mainnet,45,110.611302,11.537100,76.248391,257.470921,517.529276,45,0.004500000,0.995520159,23
regtest,80,7572.862991367,75,0.500000,mainnet,46,111.545151,11.075410,76.698206,256.091217,535.909339,49,0.004900000,0.995123893,18
regtest,80,7572.862991367,75,0.500000,mainnet,47,110.783295,11.719980,75.849263,259.048753,509.444686,60,0.006000000,0.994035785,68
regtest,80,7572.862991367,75,0.500000,mainnet,48,111.619844,11.665050,77.197248,257.367779,513.899485,55,0.005500000,0.994530085,38
regtest,80,7572.862991367,75,0.500000,mainnet,49,113.593363,12.143455,79.106197,259.382636,524.722344,42,0.004200000,0.995817566,71
regtest,80,7572.862991367,75,0.500000,mainnet,50,110.651932,11.240522,76.241211,255.753913,511.610870,39,0.003900000,0.996115151,35
regtest,80,7572.862991367,75,0.500000,mainnet,51,111.872554,11.975365,76.735547,257.058646,536.080288,53,0.005300000,0.994727942,17
regtest,80,7572.862991367,75,0.500000,mainnet,52,110.631986,11.651912,76.351984,253.746853,513.791076,40,0.004000000,0.996015936,17
regtest,80,7572.862991367,75,0.500000,mainnet,53,111.817931,11.853406,76.609680,258.073149,511.693346,47,0.004700000,0.995321987,64
regtest,80,7572.862991367,75,0.500000,mainnet,54,111.406034,11.614485,77.943084,253.180957,513.178869,48,0.004800000,0.995222930,90
regtest,80,7572.862991367,75,0.500000,mainnet,55,110.554164,11.652620,77.754891,251.206027,520.519064,43,0.004300000,0.995718411,21
regtest,80,7572.862991367,75,0.500000,mainnet,56,112.003616,11.988260,77.952658,259.372291,505.821188,47,0.004700000,0.995321987,46
regtest,80,7572.862991367,75,0.500000,mainnet,57,110.636288,12.169269,77.077747,254.520745,513.175321,44,0.004400000,0.995619275,48
regtest,80,7572.862991367,75,0.500000,mainnet,58,111.027744,12.199791,77.353429,256.859289,509.732167,48,0.004800000,0.995222930,18
regtest,80,7572.862991367,75,0.500000,mainnet,59,110.055755,11.193629,77.091011,250.119255,513.215604,48,0.004800000,0.995222930,36
regtest,80,7572.862991367,75,0.500000,mainnet,60,111.723834,12.307685,77.227406,259.706719,491.646061,38,0.003800000,0.996214385,82
regtest,80,7572.862991367,75,0.500000,mainnet,61,111.490211,12.870525,77.566139,259.109961,497.214792,44,0.004400000,0.995619275,18
regtest,80,7572.862991367,75,0.500000,mainnet,62,111.250494,11.655841,78.471567,253.299609,516.210029,44,0.004400000,0.995619275,17
regtest,80,7572.862991367,75,0.500000,mainnet,63,110.098466,11.044709,76.248247,252.949072,500.847092,46,0.004600000,0.995421063,48
regtest,80,7572.862991367,75,0.500000,mainnet,64,112.542549,11.788016,78.436463,258.694952,517.780296,46,0.004600000,0.995421063,97
regtest,80,7572.862991367,75,0.500000,mainnet,65,109.140916,11.238273,75.477494,250.791704,514.825752,39,0.003900000,0.996115151,89
regtest,80,7572.862991367,75,0.500000,mainnet,66,111.100519,11.873918,76.760652,257.943139,499.588862,52,0.005200000,0.994826900,21
regtest,80,7572.862991367,75,0.500000,mainnet,67,113.046023,11.747234,78.325622,258.713861,520.018682,45,0.004500000,0.995520159,63
regtest,80,7572.862991367,75,0.500000,mainnet,68,112.766669,11.783260,78.360971,263.193018,511.611833,38,0.003800000,0.996214385,57
regtest,80,7572.862991367,75,0.500000,mainnet,69,111.352840,11.795079,77.764712,258.289349,516.283397,47,0.004700000,0.995321987,370
regtest,80,7572.862991367,75,0.500000,mainnet,70,111.735223,12.109582,75.633694,258.531510,529.539740,41,0.004100000,0.995916741,26
regtest,80,7572.862991367,75,0.500000,mainnet,71,111.015613,11.750518,75.852804,257.531598,510.429012,49,0.004900000,0.995123893,19
regtest,80,7572.862991367,75,0.500000,mainnet,72,110.241826,11.540088,76.408150,255.089658,501.249869,53,0.005300000,0.994727942,36
regtest,80,7572.862991367,75,0.500000,mainnet,73,111.965840,11.789827,77.116842,253.609912,527.228596,56,0.005600000,0.994431185,54
regtest,80,7572.862991367,75,0.500000,mainnet,74,113.034731,12.487119,77.270833,264.744792,513.074987,43,0.004300000,0.995718411,65
regtest,80,7572.862991367,75,0.500000,mainnet,75,112.547738,11.499843,77.059490,257.222835,535.909898,42,0.004200000,0.995817566,65
regtest,80,7572.862991367,75,0.500000,mainnet,76,111.261788,11.961463,75.969484,257.438568,504.483173,43,0.004300000,0.995718411,61
regtest,80,7572.862991367,75,0.500000,mainnet,77,111.433832,11.356963,77.929653,257.892023,502.010260,56,0.005600000,0.994431185,36
regtest,80,7572.862991367,75,0.500000,mainnet,78,110.118348,11.180054,76.658427,255.292593,500.637907,37,0.003700000,0.996313640,111
regtest,80,7572.862991367,75,0.500000,mainnet,79,112.754273,12.493363,79.045192,257.208948,522.166246,56,0.005600000,0.994431185,22
regtest,80,7572.862991367,75,0.500000,mainnet,80,110.589798,11.461260,75.885497,257.098067,529.280353,44,0.004400000,0.995619275,37
regtest,80,7572.862991367,75,0.500000,mainnet,81,112.481479,11.768037,79.224181,255.613973,525.720986,49,0.004900000,0.995123893,23
regtest,80,7572.862991367,75,0.500000,mainnet,82,111.131670,11.985288,76.987495,258.145865,510.270516,47,0.004700000,0.995321987,22
regtest,80,7572.862991367,75,0.500000,mainnet,83,112.264630,11.997427,78.010993,258.924586,512.326093,59,0.005900000,0.994134606,36
regtest,80,7572.862991367,75,0.500000,mainnet,84,112.443117,11.396669,78.266143,258.420929,517.522686,43,0.004300000,0.995718411,29
regtest,80,7572.862991367,75,0.500000,mainnet,85,111.588348,11.863645,76.386921,256.071480,503.156724,44,0.004400000,0.995619275,17
regtest,80,7572.862991367,75,0.500000,mainnet,86,112.036760,11.779783,77.549933,258.921315,507.486206,46,0.004600000,0.995421063,23
regtest,80,7572.862991367,75,0.500000,mainnet,87,110.785805,11.534547,77.248763,252.995237,494.954550,69,0.006900000,0.993147284,165
regtest,80,7572.862991367,75,0.500000,mainnet,88,108.976315,12.010747,77.631891,248.755050,495.349254,38,0.003800000,0.996214385,17
regtest,80,7572.862991367,75,0.500000,mainnet,89,111.468167,11.932956,76.757795,261.073485,514.335763,52,0.005200000,0.994826900,17
regtest,80,7572.862991367,75,0.500000,mainnet,90,112.096097,12.068865,77.430179,262.723910,519.238210,42,0.004200000,0.995817566,18
regtest,80,7572.862991367,75,0.500000,mainnet,91,110.471870,11.306431,76.288182,258.826638,512.125324,34,0.003400000,0.996611521,18
regtest,80,7572.862991367,75,0.500000,mainnet,92,109.908433,11.480366,74.259450,256.126309,512.785062,37,0.003700000,0.996313640,19
regtest,80,7572.862991367,75,0.500000,mainnet,93,108.951386,11.421667,74.441846,251.149093,523.153460,43,0.004300000,0.995718411,30
regtest,80,7572.862991367,75,0.500000,mainnet,94,112.787418,12.281278,78.012538,259.086470,503.543950,50,0.005000000,0.995024876,25
regtest,80,7572.862991367,75,0.500000,mainnet,95,111.404430,11.874163,78.561632,255.678191,510.841974,34,0.003400000,0.996611521,26
regtest,80,7572.862991367,75,0.500000,mainnet,96,111.597582,11.226938,76.408524,258.520902,513.840098,36,0.003600000,0.996412914,58
regtest,80,7572.862991367,75,0.500000,mainnet,97,111.702387,11.681640,79.326945,257.987543,507.601484,39,0.003900000,0.996115151,23
regtest,80,7572.862991367,75,0.500000,mainnet,98,111.423295,11.619698,78.219998,254.943361,499.714078,50,0.005000000,0.995024876,136
regtest,80,7572.862991367,75,0.500000,mainnet,99,111.567738,11.340201,75.593939,262.220462,524.892295,51,0.005100000,0.994925878,24
regtest,80,7572.862991367,75,0.500000,mainnet,100,111.294635,12.037979,76.619790,254.756105,527.522929,32,0.003200000,0.996810207,79
regtest,80,7572.862991367,75,1.000000,mainnet,1,112.161403,12.039145,77.908333,255.555991,511.523421,91,0.009100000,0.990982063,29
regtest,80,7572.862991367,75,1.000000,mainnet,2,110.017457,11.714108,75.625275,253.920403,505.679444,80,0.008000000,0.992063492,92
regtest,80,7572.862991367,75,1.000000,mainnet,3,111.106946,11.592594,78.056067,255.919082,480.710131,88,0.008800000,0.991276764,17
regtest,80,7572.862991367,75,1.000000,mainnet,4,110.611127,11.974911,77.487798,254.467221,492.012708,95,0.009500000,0.990589401,65
regtest,80,7572.862991367,75,1.000000,mainnet,5,112.948207,11.582506,78.326159,256.906178,517.434959,81,0.008100000,0.991965083,25
regtest,80,7572.862991367,75,1.000000,mainnet,6,110.210897,11.463629,75.749091,256.769011,494.624971,79,0.007900000,0.992161921,40
regtest,80,7572.862991367,75,1.000000,mainnet,7,111.036753,11.986310,77.442087,254.568246,508.534611,95,0.009500000,0.990589401,34
regtest,80,7572.862991367,75,1.000000,mainnet,8,110.432347,11.413336,77.386850,252.136350,507.227503,85,0.008500000,0.991571641,17
regtest,80,7572.862991367,75,1.000000,mainnet,9,110.625430,11.701459,74.108446,258.794562,518.152897,83,0.008300000,0.991768323,36
regtest,80,7572.862991367,75,1.000000,mainnet,10,110.513999,11.285875,76.496546,254.933500,508.991860,94,0.009400000,0.990687537,39
regtest,80,7572.862991367,75,1.000000,mainnet,11,110.789556,11.894049,76.233736,254.419301,516.115011,105,0.010500000,0.989609104,101
regtest,80,7572.862991367,75,1.000000,mainnet,12,111.828670,11.566188,76.621643,261.831210,503.740217,80,0.008000000,0.992063492,26
regtest,80,7572.862991367,75,1.000000,mainnet,13,109.750467,11.343645,76.459779,252.756635,505.115930,84,0.008400000,0.991669972,99
regtest,80,7572.862991367,75,1.000000,mainnet,14,111.977443,12.305167,79.751328,257.274694,511.697844,74,0.007400000,0.992654358,27
regtest,80,7572.862991367,75,1.000000,mainnet,15,110.936231,12.078326,76.564340,252.099887,520.465935,108,0.010800000,0.989315394,27
regtest,80,7572.862991367,75,1.000000,mainnet,16,110.586312,11.655536,77.803790,257.824821,504.541941,90,0.009000000,0.991080278,18
regtest,80,7572.862991367,75,1.000000,mainnet,17,110.899229,11.675376,77.577452,254.414170,512.749481,91,0.009100000,0.990982063,88
regtest,80,7572.862991367,75,1.000000,mainnet,18,111.698670,11.327157,77.309160,259.326924,516.768203,95,0.009500000,0.990589401,48
regtest,80,7572.862991367,75,1.000000,mainnet,19,111.879315,12.295064,77.180901,257.024888,516.062460,85,0.008500000,0.991571641,56
regtest,80,7572.862991367,75,1.000000,mainnet,20,111.113067,12.050802,78.005359,251.628357,499.604553,82,0.008200000,0.991866693,161
regtest,80,7572.862991367,75,1.000000,mainnet,21,109.701565,11.297166,76.600169,250.447933,494.232298,109,0.010900000,0.989217529,165
regtest,80,7572.862991367,75,1.000000,mainnet,22,110.704024,11.960703,76.408479,256.639531,507.812361,90,0.009000000,0.991080278,17
regtest,80,7572.862991367,75,1.000000,mainnet,23,111.082276,12.491412,77.501593,256.408608,514.112094,70,0.007000000,0.993048659,17
regtest,80,7572.862991367,75,1.000000,mainnet,24,111.671352,11.816851,77.179742,259.159642,508.992981,80,0.008000000,0.992063492,83
regtest,80,7572.862991367,75,1.000000,mainnet,25,110.421256,11.160158,76.844991,253.666747,497.846056,89,0.008900000,0.991178511,33
regtest,80,7572.862991367,75,1.000000,mainnet,26,111.909788,12.096930,77.002196,258.999808,499.262453,76,0.007600000,0.992457324,17
regtest,80,7572.862991367,75,1.000000,mainnet,27,111.800470,11.356602,77.971448,258.772985,508.142065,85,0.008500000,0.991571641,17
regtest,80,7572.862991367,75,1.000000,mainnet,28,111.136474,11.227344,76.649612,257.970037,504.325279,88,0.008800000,0.991276764,213
regtest,80,7572.862991367,75,1.000000,mainnet,29,111.453294,11.865124,77.719838,257.921959,506.461089,86,0.008600000,0.991473329,132
regtest,80,7572.862991367,75,1.000000,mainnet,30,113.315575,11.752243,78.630090,260.235967,520.989573,83,0.008300000,0.991768323,85
regtest,80,7572.862991367,75,1.000000,mainnet,31,110.543600,11.170708,76.133779,259.038924,523.027285,105,0.010500000,0.989609104,94
regtest,80,7572.862991367,75,1.000000,mainnet,32,109.376754,11.287004,76.239023,253.476559,489.965347,87,0.008700000,0.991375037,80
regtest,80,7572.862991367,75,1.000000,mainnet,33,111.026195,12.302632,76.606878,254.944951,502.608797,76,0.007600000,0.992457324,18
regtest,80,7572.862991367,75,1.000000,mainnet,34,109.675280,11.625868,76.524287,248.577313,506.713506,82,0.008200000,0.991866693,19
regtest,80,7572.862991367,75,1.000000,mainnet,35,111.374626,11.870938,78.325791,253.892318,514.997402,89,0.008900000,0.991178511,23
regtest,80,7572.862991367,75,1.000000,mainnet,36,108.816482,11.206437,75.036266,249.093407,507.518881,75,0.007500000,0.992555831,33
regtest,80,7572.862991367,75,1.000000,mainnet,37,111.341131,11.652140,75.701046,256.103186,503.348946,91,0.009100000,0.990982063,46
regtest,80,7572.862991367,75,1.000000,mainnet,38,110.861444,11.143713,76.369569,258.721557,507.630837,75,0.007500000,0.992555831,106
regtest,80,7572.862991367,75,1.000000,mainnet,39,112.180960,12.035712,77.855659,257.885464,510.967087,85,0.008500000,0.991571641,112
regtest,80,7572.862991367,75,1.000000,mainnet,40,112.503475,12.313798,78.702551,254.613604,519.005095,94,0.009400000,0.990687537,285
regtest,80,7572.862991367,75,1.000000,mainnet,41,110.590960,11.706804,77.061541,250.405442,533.792294,90,0.009000000,0.991080278,36
regtest,80,7572.862991367,75,1.000000,mainnet,42,112.216581,12.165903,77.275206,255.914611,523.558429,99,0.009900000,0.990197049,21
regtest,80,7572.862991367,75,1.000000,mainnet,43,109.965001,11.617305,76.881383,256.072328,486.335234,88,0.008800000,0.991276764,55
regtest,80,7572.862991367,75,1.000000,mainnet,44,111.432291,11.974845,77.933563,256.590845,512.596490,75,0.007500000,0.992555831,109
regtest,80,7572.862991367,75,1.000000,mainnet,45,111.029406,11.623456,76.209946,260.832436,520.701757,99,0.009900000,0.990197049,23
regtest,80,7572.862991367,75,1.000000,mainnet,46,111.550331,11.321838,76.824872,257.025784,529.374616,85,0.008500000,0.991571641,18
regtest,80,7572.862991367,75,1.000000,mainnet,47,110.897359,11.585554,75.849263,258.088255,514.863086,109,0.010900000,0.989217529,30
regtest,80,7572.862991367,75,1.000000,mainnet,48,112.007418,11.791135,77.372047,257.367779,520.548162,95,0.009500000,0.990589401,37
regtest,80,7572.862991367,75,1.000000,mainnet,49,114.308380,12.511949,79.869197,261.692801,524.706360,79,0.007900000,0.992161921,71
regtest,80,7572.862991367,75,1.000000,mainnet,50,111.714528,11.661956,76.305094,259.922398,518.273183,105,0.010500000,0.989609104,35
regtest,80,7572.862991367,75,1.000000,mainnet,51,112.689503,12.240415,76.958970,257.404909,542.030752,99,0.009900000,0.990197049,17
regtest,80,7572.862991367,75,1.000000,mainnet,52,110.633063,11.478918,75.841489,256.480547,517.311930,82,0.008200000,0.991866693,17
regtest,80,7572.862991367,75,1.000000,mainnet,53,111.397422,11.853406,76.959533,257.001164,504.343723,91,0.009100000,0.990982063,64
regtest,80,7572.862991367,75,1.000000,mainnet,54,112.120784,11.470020,78.223438,256.564600,529.509878,87,0.008700000,0.991375037,90
regtest,80,7572.862991367,75,1.000000,mainnet,55,111.866877,11.853823,78.456405,255.508850,521.047476,106,0.010600000,0.989511181,21
regtest,80,7572.862991367,75,1.000000,mainnet,56,111.205684,11.845913,77.641100,257.592519,501.744786,91,0.009100000,0.990982063,46
regtest,80,7572.862991367,75,1.000000,mainnet,57,112.122962,12.489354,77.365806,260.640495,521.691217,88,0.008800000,0.991276764,48
regtest,80,7572.862991367,75,1.000000,mainnet,58,110.658019,12.027138,76.865022,255.858793,510.418055,87,0.008700000,0.991375037,18
regtest,80,7572.862991367,75,1.000000,mainnet,59,110.829363,11.510372,77.249069,253.032165,517.501551,114,0.011400000,0.988728495,36
regtest,80,7572.862991367,75,1.000000,mainnet,60,112.113197,12.441714,77.054240,262.527702,501.483934,86,0.008600000,0.991473329,82
regtest,80,7572.862991367,75,1.000000,mainnet,61,111.845212,12.582382,78.127276,258.723252,500.614706,84,0.008400000,0.991669972,18
regtest,80,7572.862991367,75,1.000000,mainnet,62,111.065292,12.015122,78.332164,252.901220,516.210029,89,0.008900000,0.991178511,17
regtest,80,7572.862991367,75,1.000000,mainnet,63,111.765526,11.580291,78.023702,254.585833,510.020624,92,0.009200000,0.990883868,48
regtest,80,7572.862991367,75,1.000000,mainnet,64,111.471931,11.771753,77.544530,256.554818,504.055421,88,0.008800000,0.991276764,97
regtest,80,7572.862991367,75,1.000000,mainnet,65,109.888367,11.456755,75.739259,250.429480,514.825752,91,0.009100000,0.990982063,95
regtest,80,7572.862991367,75,1.000000,mainnet,66,111.429071,11.569606,76.656528,258.843646,508.898406,92,0.009200000,0.990883868,21
regtest,80,7572.862991367,75,1.000000,mainnet,67,112.513979,11.482157,77.783496,256.519011,523.638207,87,0.008700000,0.991375037,63
regtest,80,7572.862991367,75,1.000000,mainnet,68,112.112761,11.973939,78.508285,260.897469,506.372647,92,0.009200000,0.990883868,57
regtest,80,7572.862991367,75,1.000000,mainnet,69,111.599911,11.623549,77.951334,259.802881,511.484008,93,0.009300000,0.990785693,128
regtest,80,7572.862991367,75,1.000000,mainnet,70,112.011635,12.091741,75.658905,258.681107,537.878391,75,0.007500000,0.992555831,26
regtest,80,7572.862991367,75,1.000000,mainnet,71,110.966240,11.570436,75.673213,257.939660,512.759734,99,0.009900000,0.990197049,19
regtest,80,7572.862991367,75,1.000000,mainnet,72,110.322562,11.174941,76.324269,256.937425,502.088387,91,0.009100000,0.990982063,36
regtest,80,7572.862991367,75,1.000000,mainnet,73,111.693004,11.749247,76.505167,255.502849,519.683100,91,0.009100000,0.990982063,54
regtest,80,7572.862991367,75,1.000000,mainnet,74,112.851225,12.539257,77.305454,261.010224,521.578021,87,0.008700000,0.991375037,65
regtest,80,7572.862991367,75,1.000000,mainnet,75,112.156287,11.655529,76.376250,256.591027,542.043486,92,0.009200000,0.990883868,66
regtest,80,7572.862991367,75,1.000000,mainnet,76,111.262702,12.066182,76.200249,257.377015,507.716980,80,0.008000000,0.992063492,61
regtest,80,7572.862991367,75,1.000000,mainnet,77,111.354920,11.121203,78.179714,255.098892,505.111135,118,0.011800000,0.988337616,36
regtest,80,7572.862991367,75,1.000000,mainnet,78,110.356762,11.406895,76.784043,253.958578,502.201315,78,0.007800000,0.992260369,111
regtest,80,7572.862991367,75,1.000000,mainnet,79,112.716928,12.456437,79.019892,257.208948,522.077061,88,0.008800000,0.991276764,22
regtest,80,7572.862991367,75,1.000000,mainnet,80,111.553341,11.768375,76.575142,259.653005,523.807668,94,0.009400000,0.990687537,37
regtest,80,7572.862991367,75,1.000000,mainnet,81,113.631566,11.807902,79.527749,261.827737,537.533105,91,0.009100000,0.990982063,23
regtest,80,7572.862991367,75,1.000000,mainnet,82,111.330619,11.857979,77.408583,256.945639,510.801331,98,0.009800000,0.990295108,22
regtest,80,7572.862991367,75,1.000000,mainnet,83,112.711621,12.087469,78.076124,260.332468,512.610181,105,0.010500000,0.989609104,36
regtest,80,7572.862991367,75,1.000000,mainnet,84,111.989861,11.569709,77.555411,257.314027,521.073162,88,0.008800000,0.991276764,29
regtest,80,7572.862991367,75,1.000000,mainnet,85,111.770885,11.843143,77.053686,256.025791,506.641222,94,0.009400000,0.990687537,17
regtest,80,7572.862991367,75,1.000000,mainnet,86,111.654955,11.555066,76.778665,259.913355,504.271465,96,0.009600000,0.990491284,23
regtest,80,7572.862991367,75,1.000000,mainnet,87,111.901351,11.654052,77.655836,255.062303,515.296791,113,0.011300000,0.988826263,165
regtest,80,7572.862991367,75,1.000000,mainnet,88,108.951782,11.665966,76.989215,248.949184,495.349254,90,0.009000000,0.991080278,85
regtest,80,7572.862991367,75,1.000000,mainnet,89,111.200626,11.913486,77.178686,260.560882,510.365486,113,0.011300000,0.988826263,17
regtest,80,7572.862991367,75,1.000000,mainnet,90,111.769718,12.204799,77.757496,259.708166,498.240718,105,0.010500000,0.989609104,20
regtest,80,7572.862991367,75,1.000000,mainnet,91,110.804044,11.212767,76.880649,257.935299,509.909354,97,0.009700000,0.990393186,18
regtest,80,7572.862991367,75,1.000000,mainnet,92,111.044732,11.689322,75.414243,260.516473,511.433602,85,0.008500000,0.991571641,19
regtest,80,7572.862991367,75,1.000000,mainnet,93,108.454527,11.591419,73.859444,250.423269,512.269139,82,0.008200000,0.991866693,30
regtest,80,7572.862991367,75,1.000000,mainnet,94,112.246098,12.385386,78.426711,258.006608,503.543950,92,0.009200000,0.990883868,25
regtest,80,7572.862991367,75,1.000000,mainnet,95,111.100616,12.023543,78.080486,255.680624,507.573732,86,0.008600000,0.991473329,26
regtest,80,7572.862991367,75,1.000000,mainnet,96,111.625868,11.226938,76.125406,258.889616,514.819317,78,0.007800000,0.992260369,99
regtest,80,7572.862991367,75,1.000000,mainnet,97,110.916510,11.733933,78.514962,255.631765,507.601484,86,0.008600000,0.991473329,23
regtest,80,7572.862991367,75,1.000000,mainnet,98,110.776577,11.436243,76.777331,255.450051,502.326878,91,0.009100000,0.990982063,136
regtest,80,7572.862991367,75,1.000000,mainnet,99,111.241892,11.715138,75.653522,260.239686,524.892295,100,0.010000000,0.990099010,55
regtest,80,7572.862991367,75,1.000000,mainnet,100,111.302006,12.058648,76.391138,255.015350,526.996242,85,0.008500000,0.991571641,79
regtest,80,7572.862991367,75,2.000000,mainnet,1,110.819351,11.626391,77.535205,252.307679,509.349715,178,0.017800000,0.982511299,29
regtest,80,7572.862991367,75,2.000000,mainnet,2,110.389756,11.729683,76.312325,255.855925,503.714808,156,0.015600000,0.984639622,90
regtest,80,7572.862991367,75,2.000000,mainnet,3,110.471277,11.560822,77.324562,252.987006,484.194480,175,0.017500000,0.982800983,17
regtest,80,7572.862991367,75,2.000000,mainnet,4,111.851943,12.308916,77.156473,258.699591,499.518614,187,0.018700000,0.981643271,65
regtest,80,7572.862991367,75,2.000000,mainnet,5,112.858990,11.865552,79.033047,256.842526,510.521147,182,0.018200000,0.982125319,36
regtest,80,7572.862991367,75,2.000000,mainnet,6,110.576361,11.396450,75.268072,257.233582,494.909444,166,0.016600000,0.983671060,40
regtest,80,7572.862991367,75,2.000000,mainnet,7,112.000931,12.042191,78.543683,256.746832,510.363389,176,0.017600000,0.982704403,34
regtest,80,7572.862991367,75,2.000000,mainnet,8,110.020368,11.266911,77.632128,251.684700,507.227503,176,0.017600000,0.982704403,17
regtest,80,7572.862991367,75,2.000000,mainnet,9,110.422086,11.556950,74.788702,256.671956,500.390850,180,0.018000000,0.982318271,36
regtest,80,7572.862991367,75,2.000000,mainnet,10,111.267123,11.714386,77.812776,257.748659,505.691517,159,0.015900000,0.984348853,39
regtest,80,7572.862991367,75,2.000000,mainnet,11,110.361738,11.571657,75.498593,254.790009,516.115011,201,0.020100000,0.980296049,101
regtest,80,7572.862991367,75,2.000000,mainnet,12,111.269430,11.330691,76.946225,260.545548,503.150681,159,0.015900000,0.984348853,32
regtest,80,7572.862991367,75,2.000000,mainnet,13,109.504173,11.581191,76.820611,250.864869,506.567237,193,0.019300000,0.981065437,99
regtest,80,7572.862991367,75,2.000000,mainnet,14,112.071213,12.276638,79.536328,257.393965,514.812360,152,0.015200000,0.985027581,27
regtest,80,7572.862991367,75,2.000000,mainnet,15,110.182442,11.822340,75.621996,251.310938,503.920569,179,0.017900000,0.982414776,27
regtest,80,7572.862991367,75,2.000000,mainnet,16,110.256086,11.655536,77.938977,255.603454,510.268774,183,0.018300000,0.982028872,18
regtest,80,7572.862991367,75,2.000000,mainnet,17,111.288257,11.574633,77.577452,256.223901,510.463290,179,0.017900000,0.982414776,88
regtest,80,7572.862991367,75,2.000000,mainnet,18,112.192184,11.111790,77.624104,260.174729,515.339551,185,0.018500000,0.981836033,48
regtest,80,7572.862991367,75,2.000000,mainnet,19,111.583227,12.035923,77.869343,257.449059,498.210780,184,0.018400000,0.981932443,56
regtest,80,7572.862991367,75,2.000000,mainnet,20,110.584369,11.973994,76.955917,252.971776,500.843891,170,0.017000000,0.983284169,161
regtest,80,7572.862991367,75,2.000000,mainnet,21,109.943339,11.375973,77.710428,251.902103,496.619379,200,0.020000000,0.980392157,217
regtest,80,7572.862991367,75,2.000000,mainnet,22,109.727888,11.333488,75.293166,256.639531,505.382435,180,0.018000000,0.982318271,53
regtest,80,7572.862991367,75,2.000000,mainnet,23,110.951080,11.860369,76.590305,256.902551,523.907929,159,0.015900000,0.984348853,17
regtest,80,7572.862991367,75,2.000000,mainnet,24,112.430236,11.820163,78.610036,259.998737,510.542932,187,0.018700000,0.981643271,83
regtest,80,7572.862991367,75,2.000000,mainnet,25,110.181281,10.959778,76.521322,251.745123,506.086199,165,0.016500000,0.983767831,32
regtest,80,7572.862991367,75,2.000000,mainnet,26,111.972656,12.096930,77.310269,260.554209,497.251500,146,0.014600000,0.985610093,17
regtest,80,7572.862991367,75,2.000000,mainnet,27,111.842362,11.358993,78.105257,257.940842,511.757231,176,0.017600000,0.982704403,17
regtest,80,7572.862991367,75,2.000000,mainnet,28,111.027739,11.344685,76.242318,259.873824,509.967361,184,0.018400000,0.981932443,229
regtest,80,7572.862991367,75,2.000000,mainnet,29,111.981381,11.614919,77.835486,259.832482,511.830356,183,0.018300000,0.982028872,131
regtest,80,7572.862991367,75,2.000000,mainnet,30,112.300320,11.560046,78.620161,257.150281,504.202760,172,0.017200000,0.983090838,85
regtest,80,7572.862991367,75,2.000000,mainnet,31,110.826966,11.645417,76.853615,257.029837,519.361464,184,0.018400000,0.981932443,94
regtest,80,7572.862991367,75,2.000000,mainnet,32,110.108594,11.378714,77.013293,254.535883,502.043783,172,0.017200000,0.983090838,80
regtest,80,7572.862991367,75,2.000000,mainnet,33,110.868847,11.886943,76.967293,254.772144,498.790114,173,0.017300000,0.982994200,18
regtest,80,7572.862991367,75,2.000000,mainnet,34,110.060343,11.750900,76.250638,250.367337,513.304715,177,0.017700000,0.982607841,19
regtest,80,7572.862991367,75,2.000000,mainnet,35,110.698548,12.097290,78.134485,251.751925,510.588128,182,0.018200000,0.982125319,23
regtest,80,7572.862991367,75,2.000000,mainnet,36,109.312751,11.139408,75.659656,250.929921,507.348607,163,0.016300000,0.983961429,33
regtest,80,7572.862991367,75,2.000000,mainnet,37,112.644039,11.662971,75.860961,260.636729,511.618000,173,0.017300000,0.982994200,67
regtest,80,7572.862991367,75,2.000000,mainnet,38,110.865208,10.987284,75.195699,260.955434,515.575162,165,0.016500000,0.983767831,65
regtest,80,7572.862991367,75,2.000000,mainnet,39,111.821762,12.134987,78.217435,258.147320,501.323985,159,0.015900000,0.984348853,112
regtest,80,7572.862991367,75,2.000000,mainnet,40,112.982947,12.342248,79.268547,257.320473,522.446342,195,0.019500000,0.980872977,251
regtest,80,7572.862991367,75,2.000000,mainnet,41,109.603604,11.730151,76.369727,248.827988,527.785590,171,0.017100000,0.983187494,36
regtest,80,7572.862991367,75,2.000000,mainnet,42,112.777169,12.335797,78.501038,256.946759,521.468292,184,0.018400000,0.981932443,21
regtest,80,7572.862991367,75,2.000000,mainnet,43,109.722484,11.402011,75.759476,256.534016,489.468433,178,0.017800000,0.982511299,55
regtest,80,7572.862991367,75,2.000000,mainnet,44,110.809764,11.982116,77.476071,256.290481,507.329478,169,0.016900000,0.983380863,110
regtest,80,7572.862991367,75,2.000000,mainnet,45,110.403883,11.737133,76.167215,256.184038,517.372262,199,0.019900000,0.980488283,23
regtest,80,7572.862991367,75,2.000000,mainnet,46,110.752145,11.475850,77.097998,255.097553,511.454900,190,0.019000000,0.981354269,18
regtest,80,7572.862991367,75,2.000000,mainnet,47,111.087699,11.501525,75.783939,257.582363,515.174352,183,0.018300000,0.982028872,30
regtest,80,7572.862991367,75,2.000000,mainnet,48,111.243268,11.791135,77.375596,254.332394,518.758639,187,0.018700000,0.981643271,37
regtest,80,7572.862991367,75,2.000000,mainnet,49,113.474028,12.142838,79.081750,261.064259,514.468726,176,0.017600000,0.982704403,71
regtest,80,7572.862991367,75,2.000000,mainnet,50,111.611255,11.470397,75.771014,260.522426,520.972675,200,0.020000000,0.980392157,35
regtest,80,7572.862991367,75,2.000000,mainnet,51,112.935155,12.150962,76.999975,257.172259,541.476657,183,0.018300000,0.982028872,42
regtest,80,7572.862991367,75,2.000000,mainnet,52,110.163440,11.453322,75.638206,254.593095,516.316378,173,0.017300000,0.982994200,17
regtest,80,7572.862991367,75,2.000000,mainnet,53,112.244038,12.008894,78.390028,257.803414,508.721340,176,0.017600000,0.982704403,64
regtest,80,7572.862991367,75,2.000000,mainnet,54,112.736391,11.162447,77.339894,260.238522,534.784737,166,0.016600000,0.983671060,90
regtest,80,7572.862991367,75,2.000000,mainnet,55,111.775697,11.353321,77.961215,256.606222,529.871911,196,0.019600000,0.980776775,21
regtest,80,7572.862991367,75,2.000000,mainnet,56,110.188220,11.942391,76.922443,255.655091,485.377801,179,0.017900000,0.982414776,46
regtest,80,7572.862991367,75,2.000000,mainnet,57,110.908408,12.198303,76.724412,258.055993,513.175321,171,0.017100000,0.983187494,48
regtest,80,7572.862991367,75,2.000000,mainnet,58,110.846882,11.899129,76.818342,258.229854,507.140469,165,0.016500000,0.983767831,18
regtest,80,7572.862991367,75,2.000000,mainnet,59,111.455825,11.559360,77.740646,255.407661,526.881088,184,0.018400000,0.981932443,36
regtest,80,7572.862991367,75,2.000000,mainnet,60,111.864052,12.513018,77.332347,259.979764,500.452532,168,0.016800000,0.983477577,82
regtest,80,7572.862991367,75,2.000000,mainnet,61,110.863651,12.342111,76.502429,258.661849,505.190541,169,0.016900000,0.983380863,18
regtest,80,7572.862991367,75,2.000000,mainnet,62,110.577400,11.992200,78.196617,252.829490,514.834584,175,0.017500000,0.982800983,17
regtest,80,7572.862991367,75,2.000000,mainnet,63,111.118000,11.448016,76.552842,255.320230,503.931704,182,0.018200000,0.982125319,23
regtest,80,7572.862991367,75,2.000000,mainnet,64,111.400762,11.361665,77.644905,253.037987,513.069338,184,0.018400000,0.981932443,133
regtest,80,7572.862991367,75,2.000000,mainnet,65,110.383474,11.389320,76.001119,251.591438,516.441929,158,0.015800000,0.984445757,95
regtest,80,7572.862991367,75,2.000000,mainnet,66,111.035126,11.459128,76.768410,260.173609,498.743892,178,0.017800000,0.982511299,21
regtest,80,7572.862991367,75,2.000000,mainnet,67,112.862355,11.556225,77.761439,258.520620,539.117441,175,0.017500000,0.982800983,63
regtest,80,7572.862991367,75,2.000000,mainnet,68,112.086839,12.358104,79.146806,259.198836,506.331753,180,0.018000000,0.982318271,57
regtest,80,7572.862991367,75,2.000000,mainnet,69,112.057755,11.665471,77.724789,260.173143,525.291320,187,0.018700000,0.981643271,299
regtest,80,7572.862991367,75,2.000000,mainnet,70,110.487229,12.088930,74.755881,253.608690,537.878391,183,0.018300000,0.982028872,26
regtest,80,7572.862991367,75,2.000000,mainnet,71,111.384132,11.317870,76.796078,257.727751,517.020464,192,0.019200000,0.981161695,19
regtest,80,7572.862991367,75,2.000000,mainnet,72,110.739311,11.412032,76.762647,257.575450,502.542636,165,0.016500000,0.983767831,36
regtest,80,7572.862991367,75,2.000000,mainnet,73,112.198876,11.868787,77.050788,258.045573,525.558316,189,0.018900000,0.981450584,48
regtest,80,7572.862991367,75,2.000000,mainnet,74,113.036531,12.419221,78.180035,261.010224,520.392495,175,0.017500000,0.982800983,65
regtest,80,7572.862991367,75,2.000000,mainnet,75,112.267134,11.733880,77.021541,258.446378,537.666176,165,0.016500000,0.983767831,65
regtest,80,7572.862991367,75,2.000000,mainnet,76,110.970989,11.562372,76.187436,257.438568,515.415769,169,0.016900000,0.983380863,73
regtest,80,7572.862991367,75,2.000000,mainnet,77,111.118851,11.162784,77.242619,255.449394,518.168303,199,0.019900000,0.980488283,36
regtest,80,7572.862991367,75,2.000000,mainnet,78,110.594854,12.107756,77.436116,250.279428,513.205944,188,0.018800000,0.981546918,111
regtest,80,7572.862991367,75,2.000000,mainnet,79,113.327585,12.461048,78.845041,261.292772,515.890234,190,0.019000000,0.981354269,22
regtest,80,7572.862991367,75,2.000000,mainnet,80,110.837286,11.489919,76.420868,256.866806,516.562300,196,0.019600000,0.980776775,39
regtest,80,7572.862991367,75,2.000000,mainnet,81,111.715771,11.575627,77.789553,257.435404,509.961361,184,0.018400000,0.981932443,23
regtest,80,7572.862991367,75,2.000000,mainnet,82,111.149412,12.043922,76.899196,256.971240,511.081425,185,0.018500000,0.981836033,22
regtest,80,7572.862991367,75,2.000000,mainnet,83,112.912841,12.243652,78.676471,258.844708,507.354798,186,0.018600000,0.981739643,36
regtest,80,7572.862991367,75,2.000000,mainnet,84,111.703274,11.519719,77.500305,256.101781,535.303038,160,0.016000000,0.984251969,31
regtest,80,7572.862991367,75,2.000000,mainnet,85,110.514031,11.319409,75.689393,256.025791,482.233493,191,0.019100000,0.981257973,17
regtest,80,7572.862991367,75,2.000000,mainnet,86,110.847723,11.554942,75.889518,257.617658,503.036257,187,0.018700000,0.981643271,23
regtest,80,7572.862991367,75,2.000000,mainnet,87,112.046223,11.650710,77.239305,256.887943,509.988545,210,0.021000000,0.979431929,152
regtest,80,7572.862991367,75,2.000000,mainnet,88,109.230101,11.817498,76.794294,250.817994,494.865879,176,0.017600000,0.982704403,32
regtest,80,7572.862991367,75,2.000000,mainnet,89,111.259426,11.644442,76.534103,260.441207,516.963848,205,0.020500000,0.979911808,17
regtest,80,7572.862991367,75,2.000000,mainnet,90,111.914126,12.275225,77.383924,258.930912,521.463346,181,0.018100000,0.982221786,20
regtest,80,7572.862991367,75,2.000000,mainnet,91,110.677256,11.589474,76.926471,256.422733,507.733744,186,0.018600000,0.981739643,18
regtest,80,7572.862991367,75,2.000000,mainnet,92,111.198137,11.543434,76.733365,257.614178,514.700092,160,0.016000000,0.984251969,19
regtest,80,7572.862991367,75,2.000000,mainnet,93,108.457366,11.713119,74.464662,249.751571,506.944621,157,0.015700000,0.984542680,30
regtest,80,7572.862991367,75,2.000000,mainnet,94,112.803367,12.208951,78.904866,258.006608,515.189341,169,0.016900000,0.983380863,25
regtest,80,7572.862991367,75,2.000000,mainnet,95,111.406625,11.913166,78.205087,255.778905,507.573732,180,0.018000000,0.982318271,49
regtest,80,7572.862991367,75,2.000000,mainnet,96,111.393506,10.984179,76.137653,256.629265,519.052085,171,0.017100000,0.983187494,99
regtest,80,7572.862991367,75,2.000000,mainnet,97,111.736060,11.733933,79.072127,257.477433,515.182761,168,0.016800000,0.983477577,23
regtest,80,7572.862991367,75,2.000000,mainnet,98,111.243759,11.734194,76.939210,256.090268,504.618578,173,0.017300000,0.982994200,136
regtest,80,7572.862991367,75,2.000000,mainnet,99,111.284165,11.869214,76.084915,260.997480,516.579704,193,0.019300000,0.981065437,55
regtest,80,7572.862991367,75,2.000000,mainnet,100,111.382026,11.948439,76.518441,255.249947,528.334398,192,0.019200000,0.981161695,30
regtest,80,7572.862991367,75,5.000000,mainnet,1,112.920513,11.937152,77.572657,260.268978,523.518467,455,0.045500000,0.956480153,18
regtest,80,7572.862991367,75,5.000000,mainnet,2,111.248021,11.701967,77.277344,258.228153,506.379018,406,0.040600000,0.960984048,167
regtest,80,7572.862991367,75,5.000000,mainnet,3,109.325185,11.558755,76.382217,251.021430,481.845004,444,0.044400000,0.957487553,53
regtest,80,7572.862991367,75,5.000000,mainnet,4,112.376391,12.310014,78.942704,254.486509,505.728064,455,0.045500000,0.956480153,65
regtest,80,7572.862991367,75,5.000000,mainnet,5,111.899957,11.388539,78.083980,254.768684,513.427731,483,0.048300000,0.953925403,36
regtest,80,7572.862991367,75,5.000000,mainnet,6,110.672476,11.504249,76.397847,256.939931,497.979799,433,0.043300000,0.958497077,40
regtest,80,7572.862991367,75,5.000000,mainnet,7,111.872194,11.845241,77.563061,257.174491,509.776630,462,0.046200000,0.955840184,44
regtest,80,7572.862991367,75,5.000000,mainnet,8,111.290606,11.366790,77.925542,255.014699,527.182589,460,0.046000000,0.956022945,76
regtest,80,7572.862991367,75,5.000000,mainnet,9,110.765683,11.606494,75.442411,256.075808,498.788304,500,0.050000000,0.952380952,33
regtest,80,7572.862991367,75,5.000000,mainnet,10,110.521433,11.618429,77.165370,252.980095,497.074950,452,0.045200000,0.956754688,51
regtest,80,7572.862991367,75,5.000000,mainnet,11,109.787294,11.685566,75.524980,251.829353,509.852822,427,0.042700000,0.959048624,100
regtest,80,7572.862991367,75,5.000000,mainnet,12,111.219220,10.954992,76.946225,258.577421,500.043992,421,0.042100000,0.959600806,32
regtest,80,7572.862991367,75,5.000000,mainnet,13,110.168434,11.636854,77.756530,251.026630,505.028968,438,0.043800000,0.958037938,99
regtest,80,7572.862991367,75,5.000000,mainnet,14,111.850631,12.215357,77.972184,257.909967,511.174725,403,0.040300000,0.961261175,28
regtest,80,7572.862991367,75,5.000000,mainnet,15,110.573788,12.150710,76.029190,254.113618,506.587187,452,0.045200000,0.956754688,27
regtest,80,7572.862991367,75,5.000000,mainnet,16,109.707886,11.720776,76.025927,254.344445,500.703633,474,0.047400000,0.954745083,18
regtest,80,7572.862991367,75,5.000000,mainnet,17,111.479739,11.574633,77.636510,254.353774,515.140293,429,0.042900000,0.958864704,88
regtest,80,7572.862991367,75,5.000000,mainnet,18,113.480742,11.263934,78.639342,263.882591,532.281937,430,0.043000000,0.958772771,48
regtest,80,7572.862991367,75,5.000000,mainnet,19,112.601641,11.735315,78.969621,255.963569,519.616199,465,0.046500000,0.955566173,52
regtest,80,7572.862991367,75,5.000000,mainnet,20,110.656863,12.299423,76.907352,250.789570,510.025875,435,0.043500000,0.958313368,74
regtest,80,7572.862991367,75,5.000000,mainnet,21,110.011651,11.339528,76.983478,254.787298,497.797009,443,0.044300000,0.957579240,40
regtest,80,7572.862991367,75,5.000000,mainnet,22,110.699865,12.178515,77.451536,257.736031,506.229536,483,0.048300000,0.953925403,53
regtest,80,7572.862991367,75,5.000000,mainnet,23,111.220409,11.676986,76.411950,258.323515,524.403264,408,0.040800000,0.960799385,17
regtest,80,7572.862991367,75,5.000000,mainnet,24,110.342746,11.910658,77.179742,254.863521,501.828431,444,0.044400000,0.957487553,83
regtest,80,7572.862991367,75,5.000000,mainnet,25,112.425173,11.366401,77.531895,257.450529,525.149511,417,0.041700000,0.959969281,32
regtest,80,7572.862991367,75,5.000000,mainnet,26,111.743925,11.992988,76.951593,260.404863,500.535731,406,0.040600000,0.960984048,21
regtest,80,7572.862991367,75,5.000000,mainnet,27,111.268709,11.378007,76.062713,255.058304,522.282747,416,0.041600000,0.960061444,17
regtest,80,7572.862991367,75,5.000000,mainnet,28,111.638354,11.671674,77.667475,258.199892,512.650942,421,0.042100000,0.959600806,30
regtest,80,7572.862991367,75,5.000000,mainnet,29,111.740353,11.761228,78.547838,256.658616,513.600052,443,0.044300000,0.957579240,146
regtest,80,7572.862991367,75,5.000000,mainnet,30,112.941282,11.705652,79.311896,257.785117,502.409409,463,0.046300000,0.955748829,223
regtest,80,7572.862991367,75,5.000000,mainnet,31,112.582139,11.607244,78.277770,260.812854,536.713383,420,0.042000000,0.959692898,126
regtest,80,7572.862991367,75,5.000000,mainnet,32,109.867974,11.041994,76.101577,256.022975,502.657218,452,0.045200000,0.956754688,21
regtest,80,7572.862991367,75,5.000000,mainnet,33,111.008695,11.566453,75.791700,255.995904,509.608881,445,0.044500000,0.957395883,18
regtest,80,7572.862991367,75,5.000000,mainnet,34,110.191465,11.880472,76.830870,249.594081,501.515722,431,0.043100000,0.958680855,19
regtest,80,7572.862991367,75,5.000000,mainnet,35,110.792463,11.803112,78.042247,254.644444,512.195461,459,0.045900000,0.956114351,82
regtest,80,7572.862991367,75,5.000000,mainnet,36,109.772788,11.276909,76.491760,251.650717,510.047393,451,0.045100000,0.956846235,74
regtest,80,7572.862991367,75,5.000000,mainnet,37,110.319156,11.655185,75.300759,254.836558,507.499467,442,0.044200000,0.957670944,97
regtest,80,7572.862991367,75,5.000000,mainnet,38,110.602950,11.477870,76.016625,258.758086,506.114328,441,0.044100000,0.957762666,65
regtest,80,7572.862991367,75,5.000000,mainnet,39,111.469514,11.837328,77.349108,256.216934,510.967087,456,0.045600000,0.956388676,166
regtest,80,7572.862991367,75,5.000000,mainnet,40,111.749603,12.189656,78.662973,256.595125,513.189627,489,0.048900000,0.953379731,239
regtest,80,7572.862991367,75,5.000000,mainnet,41,110.922043,11.660971,76.771570,255.614405,515.597330,413,0.041300000,0.960338039,111
regtest,80,7572.862991367,75,5.000000,mainnet,42,111.727210,11.929777,77.014482,256.095043,521.633020,448,0.044800000,0.957120980,21
regtest,80,7572.862991367,75,5.000000,mainnet,43,109.722398,11.150001,75.849599,256.101850,491.546687,439,0.043900000,0.957946163,56
regtest,80,7572.862991367,75,5.000000,mainnet,44,111.304675,12.047387,77.644495,257.226097,511.164849,464,0.046400000,0.955657492,42
regtest,80,7572.862991367,75,5.000000,mainnet,45,109.891888,11.350849,76.163364,255.701014,511.560190,471,0.047100000,0.955018623,23
regtest,80,7572.862991367,75,5.000000,mainnet,46,110.711482,11.579063,77.551480,252.637031,505.635551,458,0.045800000,0.956205775,18
regtest,80,7572.862991367,75,5.000000,mainnet,47,111.467061,11.719449,76.334657,257.760251,515.809961,428,0.042800000,0.958956655,68
regtest,80,7572.862991367,75,5.000000,mainnet,48,112.413891,12.017409,77.382273,256.456120,531.111976,464,0.046400000,0.955657492,44
regtest,80,7572.862991367,75,5.000000,mainnet,49,114.231382,12.393598,79.131853,264.969470,522.786706,443,0.044300000,0.957579240,70
regtest,80,7572.862991367,75,5.000000,mainnet,50,111.026457,11.159970,76.614718,259.086327,512.390350,447,0.044700000,0.957212597,79
regtest,80,7572.862991367,75,5.000000,mainnet,51,113.772271,12.114100,77.906600,260.399997,532.474218,431,0.043100000,0.958680855,48
regtest,80,7572.862991367,75,5.000000,mainnet,52,110.718227,11.466364,76.744170,255.275147,517.115634,399,0.039900000,0.961630926,17
regtest,80,7572.862991367,75,5.000000,mainnet,53,110.999184,11.642121,77.582339,255.795019,501.840782,449,0.044900000,0.957029381,44
regtest,80,7572.862991367,75,5.000000,mainnet,54,112.019259,11.324704,78.133700,257.711418,499.094165,422,0.042200000,0.959508732,106
regtest,80,7572.862991367,75,5.000000,mainnet,55,110.639489,11.564638,77.038760,254.527783,520.029980,468,0.046800000,0.955292319,21
regtest,80,7572.862991367,75,5.000000,mainnet,56,109.500235,11.652038,76.026477,254.023808,492.944605,458,0.045800000,0.956205775,76
regtest,80,7572.862991367,75,5.000000,mainnet,57,111.221980,11.976232,77.057053,257.134995,517.255829,440,0.044000000,0.957854406,48
regtest,80,7572.862991367,75,5.000000,mainnet,58,110.167202,12.025340,76.261442,255.183439,511.589881,409,0.040900000,0.960707080,32
regtest,80,7572.862991367,75,5.000000,mainnet,59,111.389678,12.122179,77.291285,254.787712,511.937182,446,0.044600000,0.957304231,36
regtest,80,7572.862991367,75,5.000000,mainnet,60,111.423099,12.253777,77.086088,259.973313,505.109569,422,0.042200000,0.959508732,81
regtest,80,7572.862991367,75,5.000000,mainnet,61,109.891982,12.410026,75.346840,255.814465,500.548811,424,0.042400000,0.959324635,18
regtest,80,7572.862991367,75,5.000000,mainnet,62,111.464857,12.188603,79.179673,255.389744,516.210029,421,0.042100000,0.959600806,17
regtest,80,7572.862991367,75,5.000000,mainnet,63,111.812211,11.278781,76.343000,255.556821,511.872504,406,0.040600000,0.960984048,23
regtest,80,7572.862991367,75,5.000000,mainnet,64,112.216558,11.412554,78.295971,257.794049,513.069338,493,0.049300000,0.953016297,24
regtest,80,7572.862991367,75,5.000000,mainnet,65,110.071881,11.306303,76.163186,250.429480,516.441929,453,0.045300000,0.956663159,95
regtest,80,7572.862991367,75,5.000000,mainnet,66,112.343026,11.602593,76.670247,262.443596,496.825068,441,0.044100000,0.957762666,17
regtest,80,7572.862991367,75,5.000000,mainnet,67,111.818816,11.288491,76.391223,256.464473,535.564290,407,0.040700000,0.960891708,19
regtest,80,7572.862991367,75,5.000000,mainnet,68,112.427994,11.888439,78.803630,259.198836,513.397204,440,0.044000000,0.957854406,17
regtest,80,7572.862991367,75,5.000000,mainnet,69,113.899655,11.611329,79.145311,264.371498,536.108653,452,0.045200000,0.956754688,74
regtest,80,7572.862991367,75,5.000000,mainnet,70,110.215482,11.630568,74.803816,253.718375,537.878391,449,0.044900000,0.957029381,26
regtest,80,7572.862991367,75,5.000000,mainnet,71,110.634255,11.756299,75.898946,256.959241,514.010983,450,0.045000000,0.956937799,23
regtest,80,7572.862991367,75,5.000000,mainnet,72,111.729835,11.672094,78.368213,257.339236,511.373633,411,0.041100000,0.960522524,36
regtest,80,7572.862991367,75,5.000000,mainnet,73,112.152516,12.370572,77.442820,253.621567,525.261808,449,0.044900000,0.957029381,26
regtest,80,7572.862991367,75,5.000000,mainnet,74,113.227309,12.254936,78.857159,262.226208,521.533111,471,0.047100000,0.955018623,184
regtest,80,7572.862991367,75,5.000000,mainnet,75,111.443965,11.633771,76.672080,255.178518,511.292468,407,0.040700000,0.960891708,52
regtest,80,7572.862991367,75,5.000000,mainnet,76,110.286386,11.068464,76.705950,255.919419,505.519799,463,0.046300000,0.955748829,102
regtest,80,7572.862991367,75,5.000000,mainnet,77,110.157276,11.358773,76.914805,251.431558,504.151595,454,0.045400000,0.956571647,34
regtest,80,7572.862991367,75,5.000000,mainnet,78,111.749330,11.773803,77.862587,256.129998,505.928220,455,0.045500000,0.956480153,111
regtest,80,7572.862991367,75,5.000000,mainnet,79,112.699118,12.208022,78.005124,259.299682,514.269997,491,0.049100000,0.953197979,125
regtest,80,7572.862991367,75,5.000000,mainnet,80,110.811688,11.613505,76.600449,255.125747,521.895418,436,0.043600000,0.958221541,39
regtest,80,7572.862991367,75,5.000000,mainnet,81,111.273808,11.672213,77.611250,254.878106,506.637946,441,0.044100000,0.957762666,23
regtest,80,7572.862991367,75,5.000000,mainnet,82,111.773979,12.014765,76.899196,259.425686,518.024042,428,0.042800000,0.958956655,22
regtest,80,7572.862991367,75,5.000000,mainnet,83,113.133620,12.333296,78.326517,259.097546,517.135269,454,0.045400000,0.956571647,36
regtest,80,7572.862991367,75,5.000000,mainnet,84,111.975944,11.333852,77.024613,255.000881,544.826136,418,0.041800000,0.959877136,20
regtest,80,7572.862991367,75,5.000000,mainnet,85,109.353259,11.485579,75.471416,251.892089,485.101918,471,0.047100000,0.955018623,17
regtest,80,7572.862991367,75,5.000000,mainnet,86,110.219192,11.397434,75.758290,254.599319,504.525947,466,0.046600000,0.955474871,23
regtest,80,7572.862991367,75,5.000000,mainnet,87,111.179700,11.237589,76.902450,258.730139,517.510296,448,0.044800000,0.957120980,153
regtest,80,7572.862991367,75,5.000000,mainnet,88,110.283435,11.637282,77.145611,255.246668,505.684006,440,0.044000000,0.957854406,22
regtest,80,7572.862991367,75,5.000000,mainnet,89,111.792073,11.340879,75.892522,264.378391,523.422488,451,0.045100000,0.956846235,17
regtest,80,7572.862991367,75,5.000000,mainnet,90,111.902542,11.876696,77.968874,259.671617,510.255370,419,0.041900000,0.959785008,20
regtest,80,7572.862991367,75,5.000000,mainnet,91,110.924619,11.464192,76.578763,256.849018,523.353087,454,0.045400000,0.956571647,18
regtest,80,7572.862991367,75,5.000000,mainnet,92,110.059647,11.448999,75.108779,254.247664,518.762654,429,0.042900000,0.958864704,19
regtest,80,7572.862991367,75,5.000000,mainnet,93,107.428366,11.558192,73.663469,249.345698,497.152452,441,0.044100000,0.957762666,118
regtest,80,7572.862991367,75,5.000000,mainnet,94,113.052774,12.072026,79.495128,256.403093,515.189341,445,0.044500000,0.957395883,60
regtest,80,7572.862991367,75,5.000000,mainnet,95,111.145539,11.913166,77.835888,255.860169,507.236574,462,0.046200000,0.955840184,110
regtest,80,7572.862991367,75,5.000000,mainnet,96,111.638434,10.848315,76.150516,256.747953,522.049708,475,0.047500000,0.954653938,99
regtest,80,7572.862991367,75,5.000000,mainnet,97,111.612597,11.868687,78.740874,259.138868,492.080842,402,0.040200000,0.961353586,23
regtest,80,7572.862991367,75,5.000000,mainnet,98,110.556413,11.696553,76.554243,253.741219,507.615085,467,0.046700000,0.955383587,133
regtest,80,7572.862991367,75,5.000000,mainnet,99,111.828017,11.816149,76.348814,258.701149,520.769808,440,0.044000000,0.957854406,91
regtest,80,7572.862991367,75,5.000000,mainnet,100,109.766817,11.863662,76.819208,249.245741,500.454975,408,0.040800000,0.960799385,30
regtest,80,7572.862991367,75,10.000000,mainnet,1,112.041490,11.937044,77.043553,257.255960,506.806831,911,0.091100000,0.916506278,28
regtest,80,7572.862991367,75,10.000000,mainnet,2,112.507930,11.932683,77.096487,261.594246,512.827104,857,0.085700000,0.921064751,81
regtest,80,7572.862991367,75,10.000000,mainnet,3,109.250319,11.877467,76.469636,249.633362,480.710131,885,0.088500000,0.918695452,17
regtest,80,7572.862991367,75,10.000000,mainnet,4,111.969617,12.316010,78.722644,253.874864,503.811689,865,0.086500000,0.920386562,49
regtest,80,7572.862991367,75,10.000000,mainnet,5,111.564360,11.298058,77.953734,257.345196,508.395595,935,0.093500000,0.914494742,46
regtest,80,7572.862991367,75,10.000000,mainnet,6,110.873119,11.362022,76.583429,257.246969,497.979799,876,0.087600000,0.919455682,40
regtest,80,7572.862991367,75,10.000000,mainnet,7,111.897578,11.967999,78.704037,256.792092,505.503753,917,0.091700000,0.916002565,44
regtest,80,7572.862991367,75,10.000000,mainnet,8,111.663365,11.438149,78.442011,256.607429,524.400387,876,0.087600000,0.919455682,63
regtest,80,7572.862991367,75,10.000000,mainnet,9,110.016810,11.426270,74.619912,255.714802,492.766361,909,0.090900000,0.916674306,27
regtest,80,7572.862991367,75,10.000000,mainnet,10,110.736310,11.492409,77.384499,254.281128,503.314068,883,0.088300000,0.918864284,17
regtest,80,7572.862991367,75,10.000000,mainnet,11,108.240535,11.386668,74.485624,248.720618,498.519946,900,0.090000000,0.917431193,79
regtest,80,7572.862991367,75,10.000000,mainnet,12,111.418272,11.175811,76.921548,260.708048,506.133912,869,0.086900000,0.920047842,32
regtest,80,7572.862991367,75,10.000000,mainnet,13,109.958281,11.926840,77.588744,250.537442,493.744139,910,0.091000000,0.916590284,99
regtest,80,7572.862991367,75,10.000000,mainnet,14,111.242430,12.143573,77.222925,256.464093,510.653418,838,0.083800000,0.922679461,28
regtest,80,7572.862991367,75,10.000000,mainnet,15,109.892333,11.697683,74.676455,256.477487,523.925822,884,0.088400000,0.918779860,30
regtest,80,7572.862991367,75,10.000000,mainnet,16,110.731134,11.748565,76.069850,259.005066,519.702855,922,0.092200000,0.915583227,44
regtest,80,7572.862991367,75,10.000000,mainnet,17,112.096986,11.268035,78.217725,256.472131,515.607641,872,0.087200000,0.919793966,68
regtest,80,7572.862991367,75,10.000000,mainnet,18,113.528167,10.876351,78.207399,262.719674,533.330591,908,0.090800000,0.916758343,54
regtest,80,7572.862991367,75,10.000000,mainnet,19,111.614878,11.428109,79.394027,253.078797,499.003282,877,0.087700000,0.919371150,52
regtest,80,7572.862991367,75,10.000000,mainnet,20,110.293811,12.385217,76.402756,251.244790,506.348178,872,0.087200000,0.919793966,74
regtest,80,7572.862991367,75,10.000000,mainnet,21,110.414893,11.375973,77.790629,253.874489,507.615222,898,0.089800000,0.917599560,21
regtest,80,7572.862991367,75,10.000000,mainnet,22,110.421922,11.783917,76.241948,259.390507,507.812361,915,0.091500000,0.916170408,17
regtest,80,7572.862991367,75,10.000000,mainnet,23,111.721314,11.774329,76.536312,258.448131,528.366831,859,0.085900000,0.920895110,17
regtest,80,7572.862991367,75,10.000000,mainnet,24,111.327662,11.839697,78.083812,256.665054,498.932624,817,0.081700000,0.924470741,59
regtest,80,7572.862991367,75,10.000000,mainnet,25,111.288977,11.751475,76.771984,255.475070,521.324052,850,0.085000000,0.921658986,74
regtest,80,7572.862991367,75,10.000000,mainnet,26,110.518981,11.989680,75.706264,257.145938,496.118064,836,0.083600000,0.922849760,21
regtest,80,7572.862991367,75,10.000000,mainnet,27,111.825473,11.242197,77.061998,257.411697,517.186212,872,0.087200000,0.919793966,47
regtest,80,7572.862991367,75,10.000000,mainnet,28,110.872018,11.462704,77.650105,257.135892,499.392825,851,0.085100000,0.921574048,30
regtest,80,7572.862991367,75,10.000000,mainnet,29,111.173029,11.642498,77.227964,259.328387,508.698505,896,0.089600000,0.917767988,128
regtest,80,7572.862991367,75,10.000000,mainnet,30,112.595877,11.852787,78.467951,258.554071,504.446294,906,0.090600000,0.916926462,46
regtest,80,7572.862991367,75,10.000000,mainnet,31,113.260374,12.071726,78.520003,262.493193,540.751179,800,0.080000000,0.925925926,75
regtest,80,7572.862991367,75,10.000000,mainnet,32,110.601738,11.148255,76.468303,256.442929,492.262013,898,0.089800000,0.917599560,47
regtest,80,7572.862991367,75,10.000000,mainnet,33,111.466936,11.749359,76.047140,256.140038,513.211172,901,0.090100000,0.917347032,181
regtest,80,7572.862991367,75,10.000000,mainnet,34,110.255253,11.864062,76.665981,251.284800,504.644408,848,0.084800000,0.921828909,30
regtest,80,7572.862991367,75,10.000000,mainnet,35,111.096008,11.801010,78.372649,254.963245,516.387332,895,0.089500000,0.917852226,35
regtest,80,7572.862991367,75,10.000000,mainnet,36,109.357811,11.184015,76.007415,250.864993,502.038299,901,0.090100000,0.917347032,74
regtest,80,7572.862991367,75,10.000000,mainnet,37,110.266758,12.048677,75.765184,252.390711,511.922820,906,0.090600000,0.916926462,88
regtest,80,7572.862991367,75,10.000000,mainnet,38,110.504143,11.470125,75.675480,258.941009,506.114328,902,0.090200000,0.917262888,64
regtest,80,7572.862991367,75,10.000000,mainnet,39,111.427374,11.789121,76.930339,256.224052,507.758643,901,0.090100000,0.917347032,99
regtest,80,7572.862991367,75,10.000000,mainnet,40,110.509658,12.158516,78.333434,253.544847,500.000898,949,0.094900000,0.913325418,23
regtest,80,7572.862991367,75,10.000000,mainnet,41,110.278061,11.473877,76.686369,252.098320,513.811402,900,0.090000000,0.917431193,20
regtest,80,7572.862991367,75,10.000000,mainnet,42,111.752578,11.950629,78.063680,257.216064,521.185715,900,0.090000000,0.917431193,21
regtest,80,7572.862991367,75,10.000000,mainnet,43,109.630401,11.026809,75.777976,257.694005,484.519841,845,0.084500000,0.922083910,107
regtest,80,7572.862991367,75,10.000000,mainnet,44,113.241247,12.589228,79.691330,262.312852,514.316806,856,0.085600000,0.921149595,42
regtest,80,7572.862991367,75,10.000000,mainnet,45,110.514427,11.737133,76.284729,256.828485,512.012119,945,0.094500000,0.913659205,23
regtest,80,7572.862991367,75,10.000000,mainnet,46,110.455872,11.532699,76.691069,254.614368,516.590653,890,0.089000000,0.918273646,26
regtest,80,7572.862991367,75,10.000000,mainnet,47,111.488746,11.565796,76.308542,257.369810,504.720809,923,0.092300000,0.915499405,66
regtest,80,7572.862991367,75,10.000000,mainnet,48,111.424194,12.054502,77.171976,253.997695,517.556860,881,0.088100000,0.919033177,44
regtest,80,7572.862991367,75,10.000000,mainnet,49,113.139524,12.134068,77.931179,264.076198,514.453060,944,0.094400000,0.913742690,68
regtest,80,7572.862991367,75,10.000000,mainnet,50,111.939524,11.329898,77.188519,260.044969,524.826970,846,0.084600000,0.921998894,46
regtest,80,7572.862991367,75,10.000000,mainnet,51,112.373927,12.094214,77.326581,257.489213,522.190728,894,0.089400000,0.917936479,42
regtest,80,7572.862991367,75,10.000000,mainnet,52,111.393414,11.825607,77.822018,256.391736,527.840531,846,0.084600000,0.921998894,17
regtest,80,7572.862991367,75,10.000000,mainnet,53,112.414852,11.868220,78.867146,258.545113,503.765655,881,0.088100000,0.919033177,55
regtest,80,7572.862991367,75,10.000000,mainnet,54,112.389118,11.834485,77.827429,260.846610,514.153216,924,0.092400000,0.915415599,135
regtest,80,7572.862991367,75,10.000000,mainnet,55,110.126557,11.771897,77.373833,251.267745,520.519064,945,0.094500000,0.913659205,21
regtest,80,7572.862991367,75,10.000000,mainnet,56,109.722511,11.370722,75.674504,256.659450,502.036948,898,0.089800000,0.917599560,76
regtest,80,7572.862991367,75,10.000000,mainnet,57,110.973479,11.521891,76.442367,256.550253,519.202886,890,0.089000000,0.918273646,47
regtest,80,7572.862991367,75,10.000000,mainnet,58,110.273109,11.339900,75.875502,256.511580,510.418055,883,0.088300000,0.918864284,28
regtest,80,7572.862991367,75,10.000000,mainnet,59,111.612905,11.899141,76.385843,257.419562,518.379303,911,0.091100000,0.916506278,17
regtest,80,7572.862991367,75,10.000000,mainnet,60,112.586886,12.016260,78.443475,258.673193,515.126394,854,0.085400000,0.921319329,90
regtest,80,7572.862991367,75,10.000000,mainnet,61,110.597379,12.115110,76.286040,257.762189,499.293862,905,0.090500000,0.917010546,18
regtest,80,7572.862991367,75,10.000000,mainnet,62,110.945634,11.895798,78.218645,251.791034,506.927899,862,0.086200000,0.920640766,17
regtest,80,7572.862991367,75,10.000000,mainnet,63,111.395671,11.539122,76.349048,254.695946,507.507592,846,0.084600000,0.921998894,46
regtest,80,7572.862991367,75,10.000000,mainnet,64,113.527282,11.873631,78.792244,260.587758,521.847965,925,0.092500000,0.915331808,128
regtest,80,7572.862991367,75,10.000000,mainnet,65,110.382612,10.932491,75.581498,253.113989,528.277210,857,0.085700000,0.921064751,89
regtest,80,7572.862991367,75,10.000000,mainnet,66,111.427653,11.459128,76.482623,259.663475,496.732177,866,0.086600000,0.920301859,57
regtest,80,7572.862991367,75,10.000000,mainnet,67,111.912980,11.037164,76.836164,255.881463,525.832375,875,0.087500000,0.919540230,52
regtest,80,7572.862991367,75,10.000000,mainnet,68,112.578107,11.952547,79.146806,260.349559,509.868030,879,0.087900000,0.919202133,17
regtest,80,7572.862991367,75,10.000000,mainnet,69,112.222601,11.755770,77.945961,259.955881,519.017172,879,0.087900000,0.919202133,73
regtest,80,7572.862991367,75,10.000000,mainnet,70,110.522134,11.834235,75.187559,254.364993,537.814740,916,0.091600000,0.916086479,37
regtest,80,7572.862991367,75,10.000000,mainnet,71,111.159508,11.125494,76.796078,257.085081,515.210812,889,0.088900000,0.918357976,19
regtest,80,7572.862991367,75,10.000000,mainnet,72,113.058545,12.268074,79.599977,260.319653,517.104092,872,0.087200000,0.919793966,36
regtest,80,7572.862991367,75,10.000000,mainnet,73,110.859979,12.013858,76.971619,251.966631,514.890000,876,0.087600000,0.919455682,26
regtest,80,7572.862991367,75,10.000000,mainnet,74,113.605041,12.221629,78.508366,263.382720,529.940336,916,0.091600000,0.916086479,20
regtest,80,7572.862991367,75,10.000000,mainnet,75,113.143018,12.067763,78.841191,257.130342,519.654781,873,0.087300000,0.919709372,52
regtest,80,7572.862991367,75,10.000000,mainnet,76,111.537608,11.331399,77.696817,256.223049,504.483173,866,0.086600000,0.920301859,138
regtest,80,7572.862991367,75,10.000000,mainnet,77,110.583977,11.329576,77.284597,253.284666,506.663269,879,0.087900000,0.919202133,52
regtest,80,7572.862991367,75,10.000000,mainnet,78,110.297496,11.628016,76.947928,252.597007,497.819799,872,0.087200000,0.919793966,48
regtest,80,7572.862991367,75,10.000000,mainnet,79,112.726155,12.628959,78.407625,259.276878,510.398188,918,0.091800000,0.915918666,124
regtest,80,7572.862991367,75,10.000000,mainnet,80,110.069501,11.231818,76.333977,255.467841,507.293561,887,0.088700000,0.918526683,17
regtest,80,7572.862991367,75,10.000000,mainnet,81,109.392782,11.215484,75.561568,251.743963,505.581330,888,0.088800000,0.918442322,23
regtest,80,7572.862991367,75,10.000000,mainnet,82,111.475476,11.809213,76.366758,258.269828,507.469031,856,0.085600000,0.921149595,21
regtest,80,7572.862991367,75,10.000000,mainnet,83,112.203300,12.520170,77.667925,256.780029,497.588619,916,0.091600000,0.916086479,136
regtest,80,7572.862991367,75,10.000000,mainnet,84,111.799651,11.309946,76.090217,256.101781,522.761803,874,0.087400000,0.919624793,20
regtest,80,7572.862991367,75,10.000000,mainnet,85,110.310422,11.930727,76.012811,253.134217,502.394702,938,0.093800000,0.914243920,179
regtest,80,7572.862991367,75,10.000000,mainnet,86,111.297805,11.615925,76.692355,256.417009,507.211942,896,0.089600000,0.917767988,26
regtest,80,7572.862991367,75,10.000000,mainnet,87,110.154647,11.660300,75.992217,252.715997,499.268895,927,0.092700000,0.915164272,58
regtest,80,7572.862991367,75,10.000000,mainnet,88,109.647490,11.825238,76.799066,250.802121,500.618377,883,0.088300000,0.918864284,22
regtest,80,7572.862991367,75,10.000000,mainnet,89,110.757689,11.330144,74.929290,261.292388,524.523893,878,0.087800000,0.919286634,17
regtest,80,7572.862991367,75,10.000000,mainnet,90,111.917662,11.817864,77.514096,257.436682,519.274461,900,0.090000000,0.917431193,49
regtest,80,7572.862991367,75,10.000000,mainnet,91,110.707006,11.610742,75.590601,256.851062,524.992962,871,0.087100000,0.919878576,21
regtest,80,7572.862991367,75,10.000000,mainnet,92,108.696063,11.314329,74.328541,250.703982,508.796158,886,0.088600000,0.918611060,17
regtest,80,7572.862991367,75,10.000000,mainnet,93,109.460835,11.496775,75.358191,253.133173,496.480949,862,0.086200000,0.920640766,73
regtest,80,7572.862991367,75,10.000000,mainnet,94,112.562939,11.981965,78.373289,257.937770,513.657234,902,0.090200000,0.917262888,25
regtest,80,7572.862991367,75,10.000000,mainnet,95,112.421615,12.019337,79.116711,257.435907,509.040943,853,0.085300000,0.921404220,109
regtest,80,7572.862991367,75,10.000000,mainnet,96,112.819924,10.780926,77.831257,258.715365,514.099322,908,0.090800000,0.916758343,31
regtest,80,7572.862991367,75,10.000000,mainnet,97,111.057640,11.566176,77.195303,254.939231,503.646059,912,0.091200000,0.916422287,23
regtest,80,7572.862991367,75,10.000000,mainnet,98,111.313254,11.618486,77.248093,256.181417,504.122786,870,0.087000000,0.919963201,128
regtest,80,7572.862991367,75,10.000000,mainnet,99,110.204578,11.326575,76.050505,255.354310,516.579704,915,0.091500000,0.916170408,23
regtest,80,7572.862991367,75,10.000000,mainnet,100,109.797986,12.040095,77.163715,249.856110,492.266398,924,0.092400000,0.915415599,30
